age,grade_level,sex,time_on_visuals,audio_replay_count,drag_and_drop_actions,puzzle_attempts,help_button_clicks,time_to_completion,preferred_instruction_type,task_skips,interaction_rate,learning_style
12,Junior Secondary School 3,Male,45.23978032,5,12,7,0,104.7203262,text,1,45.03043781,Kinesthetic
12,Junior Secondary School 3,Male,55.25100622,2,1,1,0,190.0162794,text,0,16.03043017,Logical
11,Junior Secondary School 1,Male,60.27954241,0,6,1,0,251.9587095,text,0,17.93801823,Logical
4,Nursery,Female,73.22165923,1,5,2,1,157.6090886,animation,0,25.29595887,Visual
8,Primary 3,Female,85.61794579,2,1,3,1,96.83292861,animation,0,29.29968161,Visual
10,Primary 5,Female,47.02492723,1,6,2,0,232.4175243,text,0,12.70830163,Logical
7,Primary 2,Female,42.18645073,3,13,6,0,165.2668879,animation,1,44.32336248,Kinesthetic
12,Junior Secondary School 3,Female,76.69210618,1,3,2,0,135.4766693,animation,0,43.83614755,Visual
10,Primary 5,Male,65.84431837,2,5,2,0,185.8868281,text,0,20.94592319,Logical
11,Junior Secondary School 2,Male,51.84608164,2,11,7,0,102.3013344,text,1,42.6603489,Kinesthetic
8,Primary 4,Female,58.75051386,2,2,2,0,166.1135661,text,0,17.78731432,Logical
12,Junior Secondary School 3,Female,29.78382045,6,4,5,2,160.6059802,audio,0,25.40944645,Auditory
5,Primary 1,Female,52.36683775,2,10,5,0,176.6665379,animation,0,39.3547365,Kinesthetic
12,Junior Secondary School 2,Male,86.64193591,0,5,4,1,151.7502763,text,1,29.26629811,Visual
4,Nursery,Male,65.58847329,0,6,1,0,120.4098134,text,0,20.45087104,Logical
8,Primary 3,Male,44.18846642,0,9,4,1,118.1325841,animation,1,47.78921291,Kinesthetic
9,Primary 4,Male,66.82278271,1,10,6,0,130.6184819,text,0,44.72336398,Kinesthetic
6,Primary 2,Female,58.52569177,0,6,2,0,209.6538704,text,0,21.82273251,Logical
12,Junior Secondary School 2,Female,94.4450201,2,1,4,1,153.8736766,text,1,35.75737767,Visual
9,Primary 5,Female,61.36185784,1,6,1,0,226.6160672,text,0,19.58651294,Logical
5,Nursery,Male,36.14586314,6,1,4,1,194.8155631,audio,0,38.1716387,Auditory
10,Primary 5,Male,27.52321855,5,4,3,2,137.6003608,audio,0,21.911548,Auditory
8,Primary 4,Male,26.16405838,7,4,5,2,170.5164464,audio,1,29.34870143,Auditory
10,Junior Secondary School 1,Female,46.38351979,1,3,5,1,183.1795727,audio,1,22.16443219,Auditory
12,Junior Secondary School 3,Female,51.23535923,3,6,1,0,192.8184336,text,0,21.75824002,Logical
7,Primary 2,Female,75.20308981,2,2,3,1,158.3078943,animation,1,28.1350577,Visual
5,Primary 1,Female,61.13237856,1,3,1,0,182.9084082,text,0,19.28504961,Logical
5,Primary 1,Female,69.22128021,0,1,3,1,157.2251368,animation,0,34.20272357,Visual
12,Junior Secondary School 3,Male,50.87048601,0,5,2,0,146.6287419,text,0,18.58358897,Logical
7,Primary 3,Male,82.01995704,1,6,2,1,165.029951,animation,0,29.31831606,Visual
12,Junior Secondary School 3,Female,27.68104324,1,6,7,0,98.18865031,animation,0,37.41851416,Kinesthetic
12,Junior Secondary School 3,Male,79.91369172,1,4,4,1,158.2745587,animation,1,29.45687606,Visual
8,Primary 4,Female,99.79175048,3,3,4,1,145.9723869,text,0,30.59919915,Visual
5,Primary 1,Male,47.32829077,9,3,5,1,190.9921219,audio,0,24.07617226,Auditory
9,Primary 4,Female,50.92737627,6,4,3,1,115.1347867,audio,1,25.85342915,Auditory
12,Junior Secondary School 3,Male,93.14423972,3,3,4,0,135.9934567,text,1,26.52343995,Visual
4,Nursery,Female,64.39629228,0,2,2,0,149.8971761,text,0,16.94970895,Logical
4,Nursery,Male,95.66322975,1,3,3,1,157.6863253,animation,1,31.91792278,Visual
12,Junior Secondary School 2,Female,39.45521789,4,16,5,1,98.60154795,animation,0,40.08361088,Kinesthetic
10,Primary 5,Male,60.00956602,0,1,1,0,175.7754421,text,0,24.85836591,Logical
10,Primary 5,Female,31.57319638,2,0,5,1,158.5303926,audio,1,26.85197327,Auditory
12,Junior Secondary School 3,Male,39.69821785,1,2,1,0,205.5980842,text,0,18.15237509,Logical
9,Primary 5,Female,93.95828175,1,5,2,1,132.4491743,animation,0,33.03917322,Visual
10,Primary 5,Male,21.4060582,8,3,4,2,173.1304545,audio,1,23.13145066,Auditory
12,Junior Secondary School 2,Male,88.86766112,0,1,2,1,111.1874044,text,0,33.09261986,Visual
8,Primary 4,Male,44.13982152,5,1,3,2,189.7987342,audio,1,29.6384699,Auditory
11,Junior Secondary School 2,Female,87.18668125,0,6,3,0,135.6459539,animation,1,34.64816662,Visual
5,Nursery,Male,47.96403785,1,6,1,0,159.1582871,text,0,19.27358339,Logical
4,Nursery,Male,83.53797491,0,3,3,1,150.4325173,text,1,25.49700417,Visual
5,Primary 1,Male,69.06182294,0,9,2,0,186.999953,text,0,19.0191581,Logical
6,Primary 1,Female,50.81041094,1,12,6,1,90.46950137,text,1,39.16161162,Kinesthetic
5,Primary 1,Female,46.83852382,1,0,5,2,152.733257,audio,0,27.81606161,Auditory
7,Primary 2,Female,105.4133439,3,5,2,1,144.8077735,animation,0,28.99230936,Visual
10,Junior Secondary School 1,Male,48.53684875,0,6,1,0,130.1041012,text,0,19.45586106,Logical
10,Primary 5,Male,73.60760136,1,3,2,0,215.6360108,text,0,17.44759952,Logical
7,Primary 3,Female,56.27968267,1,8,1,0,171.3571937,text,0,18.07634214,Logical
12,Junior Secondary School 2,Female,65.50799425,1,6,1,0,211.5261435,text,0,19.60836011,Logical
9,Primary 4,Male,84.26600001,2,1,4,0,158.7070306,text,1,30.70039228,Visual
9,Primary 5,Male,81.52058007,0,3,2,0,149.1144416,animation,1,31.31782762,Visual
7,Primary 3,Female,45.4483034,1,2,5,1,200.6487573,audio,1,25.92422157,Auditory
11,Junior Secondary School 2,Male,89.71179548,1,1,4,0,151.6295509,animation,0,32.21496353,Visual
10,Junior Secondary School 1,Female,34.65010131,2,8,4,1,130.0765662,text,1,43.16350332,Kinesthetic
12,Junior Secondary School 3,Male,56.7056656,2,10,6,1,146.6555242,text,0,50.84427342,Kinesthetic
7,Primary 3,Male,53.36984579,6,1,5,2,135.4254859,audio,0,25.77342785,Auditory
7,Primary 3,Female,87.19194385,2,4,4,0,130.0130583,animation,1,27.63487767,Visual
10,Junior Secondary School 1,Female,50.21675945,2,2,5,2,166.6124006,audio,0,29.28643502,Auditory
10,Primary 5,Male,41.51066286,4,2,4,1,132.2925911,audio,1,34.66637947,Auditory
5,Primary 1,Male,88.92340228,1,5,2,1,159.3151855,animation,0,28.34289772,Visual
9,Primary 4,Female,43.64347257,3,11,7,0,125.6207701,animation,0,44.24697606,Kinesthetic
7,Primary 2,Male,78.00333882,1,2,3,1,147.2603257,animation,1,32.58625596,Visual
5,Nursery,Female,101.9311396,2,4,2,1,153.2008863,text,0,38.49062478,Visual
9,Primary 5,Male,57.9450724,1,2,1,0,185.1254236,text,0,22.22631853,Logical
4,Nursery,Female,44.95754237,5,0,4,1,136.8000537,audio,0,26.06656725,Auditory
8,Primary 4,Female,62.41062444,3,10,4,0,144.2421791,animation,0,45.15956621,Kinesthetic
8,Primary 4,Male,30.18485453,3,1,5,1,193.6760253,audio,0,22.48430596,Auditory
11,Junior Secondary School 1,Female,72.0582483,2,4,2,0,142.7321526,text,0,20.85277391,Logical
12,Junior Secondary School 3,Female,40.0008549,2,8,6,1,95.1902345,text,0,53.18354805,Kinesthetic
7,Primary 2,Male,44.66981202,2,10,5,0,123.1744592,text,0,42.4550921,Kinesthetic
6,Primary 2,Female,86.13627361,1,2,3,1,138.3471376,text,1,34.67908818,Visual
8,Primary 4,Female,56.60936332,1,5,1,0,142.5342666,text,0,19.4555171,Logical
11,Junior Secondary School 1,Female,97.13426155,3,4,2,0,126.3560231,animation,0,31.49573374,Visual
7,Primary 3,Female,69.44088827,1,6,2,0,195.8243017,text,0,22.11707909,Logical
10,Junior Secondary School 1,Male,96.86893584,2,1,3,1,157.7918423,animation,0,29.23019233,Visual
9,Primary 5,Male,31.50465683,5,4,4,1,184.9656531,audio,0,30.27609174,Auditory
10,Junior Secondary School 1,Male,66.94288625,2,3,2,0,169.7999708,text,0,19.60595546,Logical
10,Junior Secondary School 1,Female,57.5517423,8,2,5,1,143.6841772,audio,1,29.90835004,Auditory
5,Primary 1,Female,82.66403504,0,3,4,0,103.9151769,animation,1,34.70906155,Visual
7,Primary 2,Female,59.95140387,1,8,1,0,145.7477583,text,0,23.62483596,Logical
4,Nursery,Male,57.22915006,5,5,3,2,123.63184,audio,1,28.72958167,Auditory
5,Nursery,Female,67.80237783,0,3,3,1,146.0848319,text,0,29.66877756,Visual
12,Junior Secondary School 3,Male,26.27707916,6,4,3,2,167.0934414,audio,1,30.39028934,Auditory
12,Junior Secondary School 3,Female,54.07406388,1,6,2,0,162.1932864,text,0,17.88642447,Logical
11,Junior Secondary School 2,Female,41.0085513,4,1,5,1,192.0164371,audio,0,23.35056615,Auditory
5,Nursery,Male,55.32641657,2,7,5,1,125.5314158,text,0,49.43172066,Kinesthetic
9,Primary 4,Female,43.3034379,7,2,5,1,231.6493754,audio,1,24.08025827,Auditory
10,Junior Secondary School 1,Male,27.08438117,6,1,5,1,126.1868249,audio,1,21.7847047,Auditory
8,Primary 3,Male,86.73803107,4,0,2,0,140.8680895,text,0,23.74039519,Logical
8,Primary 3,Female,56.39455945,2,11,5,0,124.0981866,text,1,45.15918368,Kinesthetic
9,Primary 5,Female,87.4203212,0,3,3,0,142.7966312,animation,0,20.76875723,Visual
7,Primary 3,Male,41.88692099,1,7,7,1,89.90910952,text,1,42.3834454,Kinesthetic
9,Primary 4,Male,62.41171712,0,7,1,0,164.9157384,text,0,21.15612191,Logical
12,Junior Secondary School 2,Female,63.97038018,8,1,4,1,199.1951513,audio,0,22.88332593,Auditory
11,Junior Secondary School 2,Female,103.0885422,1,1,2,0,130.093632,text,0,26.4897593,Visual
10,Primary 5,Female,90.1118689,1,1,2,1,169.4408154,text,0,31.00430684,Visual
11,Junior Secondary School 2,Male,53.79218725,2,2,4,2,176.5142034,audio,0,22.56497462,Auditory
4,Nursery,Female,24.31038367,5,1,4,2,133.0544048,audio,0,21.11231489,Auditory
9,Primary 5,Male,43.70859352,4,7,6,1,101.9734068,text,0,40.59131533,Kinesthetic
6,Primary 1,Female,98.34163803,0,4,3,1,159.7778464,animation,0,30.99423667,Visual
11,Junior Secondary School 2,Female,73.74273122,1,3,4,1,138.3291084,animation,1,29.20330743,Visual
5,Primary 1,Male,39.97039119,6,3,3,1,164.521307,audio,0,29.13090549,Auditory
6,Primary 1,Male,51.81588754,4,9,4,1,192.4404239,text,1,50.64394254,Kinesthetic
8,Primary 4,Male,64.55009438,3,14,5,1,104.500847,text,1,45.20670966,Kinesthetic
8,Primary 4,Female,27.71869875,5,0,4,2,133.2038731,audio,1,28.1402968,Auditory
10,Primary 5,Male,69.70826022,1,6,1,0,150.3582729,text,0,22.60389106,Logical
7,Primary 3,Female,69.13177627,1,2,2,0,141.2860905,text,0,18.96759451,Logical
10,Junior Secondary School 1,Female,57.79815825,1,2,1,0,219.5151116,text,0,20.75491386,Logical
10,Primary 5,Female,45.47455572,2,15,7,0,78.04092598,text,0,34.14433754,Kinesthetic
8,Primary 3,Female,75.46999676,0,5,4,0,176.2949392,text,0,33.37700122,Visual
8,Primary 3,Male,65.13864746,3,4,3,0,136.4213891,animation,1,26.86665722,Visual
6,Primary 2,Female,75.21872209,2,20,5,1,112.1913237,animation,1,38.79315513,Kinesthetic
10,Junior Secondary School 1,Female,46.92357066,1,7,2,0,203.6797168,text,0,19.51074965,Logical
10,Junior Secondary School 1,Male,59.04108133,2,9,6,0,122.0453522,animation,1,51.57353894,Kinesthetic
7,Primary 3,Male,82.57707331,3,5,4,0,138.4239004,text,1,37.00367674,Visual
5,Nursery,Female,51.09768072,1,16,4,1,165.8614757,animation,0,41.7228334,Kinesthetic
7,Primary 3,Male,28.00694095,1,15,5,1,99.46859717,animation,0,28.67740623,Kinesthetic
10,Junior Secondary School 1,Female,76.13932658,1,5,3,0,148.5287186,text,1,32.20592339,Visual
10,Junior Secondary School 1,Male,29.49670025,7,2,4,2,190.8381406,audio,0,24.82553111,Auditory
10,Junior Secondary School 1,Female,64.3155732,0,15,7,0,158.1001892,text,0,29.02575861,Kinesthetic
7,Primary 2,Female,83.01451632,2,2,4,0,171.9728212,text,1,30.48419473,Visual
8,Primary 3,Female,55.91732293,4,9,6,1,115.4423839,text,1,47.85087198,Kinesthetic
4,Nursery,Female,84.57028525,1,4,2,0,154.4491103,text,1,29.2695148,Visual
10,Primary 5,Male,44.44690845,6,4,3,2,146.2980911,audio,1,26.56467423,Auditory
11,Junior Secondary School 1,Male,73.42657958,2,9,7,1,119.1146575,text,1,47.3969905,Kinesthetic
11,Junior Secondary School 2,Female,73.77276531,0,2,4,0,175.1408208,animation,1,26.36370171,Visual
8,Primary 3,Female,67.54073885,2,2,1,0,178.6533109,text,0,15.42764345,Logical
12,Junior Secondary School 3,Female,28.7811376,8,3,5,1,134.9654758,audio,1,26.85029859,Auditory
8,Primary 3,Female,44.40202401,1,7,4,1,161.8596478,text,0,33.97628635,Kinesthetic
7,Primary 2,Male,90.93849096,1,1,2,1,141.1017226,animation,1,22.60446943,Visual
10,Primary 5,Male,49.96416812,2,2,1,0,140.6059065,text,0,21.44924977,Logical
9,Primary 4,Female,69.58722578,0,4,2,0,212.9685747,text,0,15.74265395,Logical
12,Junior Secondary School 3,Female,74.6458231,0,5,2,0,156.9274402,text,0,14.48505478,Logical
12,Junior Secondary School 2,Male,38.05910546,5,6,6,1,111.1550091,text,0,46.00558533,Kinesthetic
11,Junior Secondary School 2,Female,37.07430299,6,3,3,1,184.9532165,audio,0,26.73646587,Auditory
7,Primary 3,Male,35.79816178,2,1,5,2,149.5956937,audio,0,24.12760429,Auditory
8,Primary 4,Female,50.81473171,5,2,5,1,185.6560256,audio,0,21.38141317,Auditory
5,Primary 1,Male,34.18292441,6,1,4,1,124.79817,audio,1,20.18190537,Auditory
7,Primary 3,Male,45.76149131,5,1,5,2,118.9466783,audio,1,24.08583182,Auditory
12,Junior Secondary School 2,Female,56.84446498,1,5,2,0,159.9358239,text,0,25.04290463,Logical
6,Primary 1,Female,90.87848091,0,2,4,1,164.5778987,animation,1,25.40360267,Visual
9,Primary 5,Female,87.81385305,3,2,4,1,161.9746217,animation,1,36.38144787,Visual
8,Primary 4,Male,86.76016194,2,3,3,0,150.0235471,animation,1,33.70516739,Visual
5,Nursery,Male,59.3233855,0,4,1,0,183.3412961,text,0,21.62106693,Logical
11,Junior Secondary School 1,Male,69.26715277,0,4,1,0,173.1939078,text,0,22.72064308,Logical
12,Junior Secondary School 3,Female,40.46524089,2,11,7,0,118.3280358,text,1,45.17907215,Kinesthetic
11,Junior Secondary School 2,Male,72.54886077,4,11,4,1,153.5366331,animation,0,50.56956124,Kinesthetic
6,Primary 1,Male,66.76390475,3,2,2,0,193.6469097,text,0,14.63697178,Logical
5,Primary 1,Male,67.52188122,1,1,1,0,119.4132909,text,0,18.99967215,Logical
6,Primary 1,Male,81.43480233,0,1,4,0,157.4843736,text,1,32.51205212,Visual
11,Junior Secondary School 2,Male,28.2345675,4,3,4,1,119.5263301,audio,0,27.98871845,Auditory
5,Nursery,Male,48.29407906,3,7,4,1,95.01379682,animation,0,40.39822192,Kinesthetic
7,Primary 2,Female,44.1079179,2,11,7,0,119.0622978,text,1,48.87029291,Kinesthetic
12,Junior Secondary School 3,Female,52.53596378,2,11,4,0,115.884437,animation,0,44.94950389,Kinesthetic
11,Junior Secondary School 1,Male,70.354606,1,8,6,1,115.595958,text,1,48.59114358,Kinesthetic
9,Primary 4,Female,97.13791027,1,2,2,1,132.1085739,animation,0,26.83542807,Visual
4,Nursery,Male,38.74435245,9,2,5,1,157.13594,audio,1,21.32896783,Auditory
6,Primary 1,Male,53.05534003,3,2,5,1,143.6860931,audio,1,26.80555919,Auditory
7,Primary 3,Female,69.15459112,1,6,4,1,113.6090581,text,0,43.41708355,Kinesthetic
8,Primary 3,Female,78.128812,3,4,2,0,149.30935,animation,1,32.18969955,Visual
6,Primary 1,Female,33.22513226,5,2,3,2,209.8495112,audio,0,22.65286214,Auditory
10,Junior Secondary School 1,Male,66.72619673,0,5,1,0,187.7728561,text,0,24.72107051,Logical
7,Primary 2,Male,39.80907012,2,3,5,1,161.667431,audio,0,18.5775204,Auditory
12,Junior Secondary School 3,Female,82.8413825,1,2,2,0,177.7258285,animation,1,28.92194981,Visual
10,Junior Secondary School 1,Male,44.55859484,3,3,1,0,172.0445522,text,0,22.48015093,Logical
10,Junior Secondary School 1,Male,75.94976796,2,7,1,0,164.8834813,text,0,21.01473747,Logical
9,Primary 4,Female,41.63710583,4,2,4,2,194.7200251,audio,1,23.60304795,Auditory
8,Primary 3,Male,44.60967352,4,3,5,1,189.3520446,audio,0,23.44288784,Auditory
11,Junior Secondary School 1,Female,26.22348822,1,7,6,1,152.9775401,animation,1,39.69482168,Kinesthetic
7,Primary 2,Female,77.95233637,0,3,3,1,140.7852897,text,1,20.64271597,Visual
5,Primary 1,Male,73.67886343,0,3,2,1,137.8882708,animation,1,23.25179166,Visual
10,Junior Secondary School 1,Male,84.08317261,0,4,4,1,148.5555424,text,1,29.26374265,Visual
6,Primary 1,Female,87.66587911,1,6,4,1,126.744255,animation,0,35.46386016,Visual
12,Junior Secondary School 2,Male,50.13676705,3,2,4,2,166.9890448,audio,1,26.09048001,Auditory
5,Nursery,Female,37.90108337,5,1,4,2,150.923072,audio,1,22.69395011,Auditory
12,Junior Secondary School 2,Male,72.10001679,2,4,2,0,191.8683315,text,0,24.68285908,Logical
10,Junior Secondary School 1,Male,89.97312857,3,6,3,0,132.7491751,animation,0,33.10643992,Visual
6,Primary 1,Male,84.81870315,1,4,4,0,189.5405117,animation,1,25.70390362,Visual
5,Nursery,Female,62.37318012,3,11,7,0,109.6310961,animation,0,47.91519899,Kinesthetic
10,Primary 5,Male,51.93391053,1,3,1,0,160.6180994,text,0,21.37250082,Logical
9,Primary 4,Male,41.68722826,3,12,7,1,81.99096318,animation,1,52.45431094,Kinesthetic
7,Primary 3,Female,98.30211029,1,1,2,0,142.0503756,animation,0,34.3134407,Visual
8,Primary 4,Female,55.92334038,1,8,7,0,124.669563,animation,0,34.96415173,Kinesthetic
8,Primary 3,Male,88.89647582,1,6,2,0,153.694774,animation,1,36.45989786,Visual
11,Junior Secondary School 1,Male,46.80283599,0,8,1,0,214.8595864,text,0,15.84687061,Logical
9,Primary 4,Male,63.01855844,7,0,5,1,162.0064012,audio,0,28.10140912,Auditory
9,Primary 5,Male,71.65707841,1,4,2,0,178.1760255,text,0,21.15046542,Logical
4,Nursery,Male,24.74094043,5,3,4,1,208.91118,audio,1,23.63419226,Auditory
5,Primary 1,Male,18.54167995,8,1,3,1,161.734269,audio,1,22.78999117,Auditory
8,Primary 4,Male,32.84130438,4,9,5,1,135.1222108,animation,0,39.76842566,Kinesthetic
7,Primary 3,Male,37.83495374,3,4,3,2,132.7820429,audio,1,25.23774021,Auditory
11,Junior Secondary School 1,Female,30.25328353,2,2,5,2,153.6612647,audio,1,23.72459232,Auditory
12,Junior Secondary School 2,Female,30.59069421,1,10,4,0,132.6298664,text,0,46.05603357,Kinesthetic
6,Primary 1,Female,57.68882344,1,3,1,0,121.0718171,text,0,24.21761049,Logical
10,Junior Secondary School 1,Male,42.27952738,7,1,5,1,190.1219443,audio,1,21.80038526,Auditory
12,Junior Secondary School 3,Male,36.96214399,3,2,5,2,138.684338,audio,0,23.33257944,Auditory
7,Primary 2,Female,58.36945154,0,4,2,0,164.2218984,text,0,27.50350648,Logical
5,Primary 1,Male,37.87183632,2,9,4,0,112.9272087,text,0,34.13273684,Kinesthetic
4,Nursery,Male,54.0854069,3,10,6,0,115.4140533,animation,0,42.33231434,Kinesthetic
5,Nursery,Male,53.98168205,0,3,1,0,175.9234756,text,0,22.62807301,Logical
9,Primary 5,Female,74.49793729,0,5,2,1,182.25644,animation,0,23.80039277,Visual
6,Primary 2,Male,70.04826892,1,8,6,1,114.6584823,text,0,54.73750998,Kinesthetic
7,Primary 2,Male,43.04743869,3,3,4,1,199.5861837,audio,1,27.89223262,Auditory
6,Primary 2,Female,36.41286393,5,2,5,1,144.4935294,audio,0,22.95483689,Auditory
6,Primary 1,Male,19.4134319,2,3,3,1,143.7581391,audio,1,28.55039303,Auditory
12,Junior Secondary School 3,Female,112.5772592,0,2,4,0,163.6188209,text,1,29.11015174,Visual
4,Nursery,Male,54.18769732,1,7,2,0,204.0520459,text,0,17.68042504,Logical
8,Primary 3,Male,78.9373843,1,3,4,0,166.3918782,text,0,37.21763511,Visual
6,Primary 2,Male,39.52158256,1,18,7,1,102.4942938,text,1,45.05295292,Kinesthetic
9,Primary 4,Male,55.20422109,1,10,7,1,145.8496281,text,1,54.62507094,Kinesthetic
7,Primary 3,Female,50.87623087,1,4,5,1,179.4000639,audio,0,31.24753515,Auditory
8,Primary 3,Female,96.55498366,0,0,3,0,163.3693458,animation,0,22.36672754,Visual
9,Primary 5,Male,62.36444877,6,4,3,0,130.6255698,text,0,33.2810856,Visual
8,Primary 4,Female,44.58211989,4,14,5,0,148.0751228,text,1,44.55049647,Kinesthetic
11,Junior Secondary School 1,Male,72.49021028,1,4,2,0,177.1552317,text,0,20.14668755,Logical
10,Junior Secondary School 1,Female,41.59745347,1,6,2,0,231.4290406,text,0,22.15694621,Logical
11,Junior Secondary School 2,Male,77.29286313,1,15,4,1,197.4146818,text,0,31.77711992,Kinesthetic
12,Junior Secondary School 3,Female,38.65023813,1,8,5,1,105.5923698,text,1,45.67402064,Kinesthetic
12,Junior Secondary School 3,Female,91.66086649,0,2,2,1,187.9720004,animation,0,39.25873805,Visual
10,Junior Secondary School 1,Male,45.74144199,2,11,5,0,134.5438933,animation,1,38.28129984,Kinesthetic
7,Primary 2,Male,55.72326915,2,4,1,0,178.4185251,text,0,17.13360068,Logical
5,Primary 1,Male,38.52730124,2,8,6,0,127.7626876,animation,0,47.02416844,Kinesthetic
12,Junior Secondary School 3,Female,50.48755025,3,0,3,2,191.2292729,audio,1,19.74004242,Auditory
7,Primary 2,Female,74.27962994,2,3,4,0,129.9154158,animation,0,30.48080368,Visual
5,Primary 1,Female,66.66543258,0,5,4,0,141.095684,animation,1,22.87698492,Visual
6,Primary 2,Male,42.96968396,8,0,4,2,135.8610101,audio,1,29.99508647,Auditory
12,Junior Secondary School 3,Male,51.6065932,0,5,1,0,241.8957295,text,0,18.63640455,Logical
11,Junior Secondary School 2,Female,36.41222134,2,11,5,1,61.43950597,animation,1,46.6158144,Kinesthetic
9,Primary 4,Female,70.9532085,0,5,4,0,120.5785552,text,0,32.20877827,Visual
12,Junior Secondary School 3,Female,58.55584036,5,5,5,1,198.5421361,audio,1,23.94156681,Auditory
12,Junior Secondary School 3,Female,47.46634324,1,0,1,0,143.0643716,text,0,22.60732437,Logical
4,Nursery,Male,59.66461632,0,2,2,0,183.3753763,text,0,20.31195884,Logical
10,Junior Secondary School 1,Male,48.55693759,4,5,7,0,154.4156292,animation,1,41.02299748,Kinesthetic
4,Nursery,Female,47.30458976,2,1,5,1,153.5360061,audio,0,35.31579981,Auditory
5,Primary 1,Male,50.69505901,0,3,1,0,191.4931753,text,0,15.74054702,Logical
12,Junior Secondary School 3,Male,39.66746456,0,10,4,1,108.9337503,text,0,41.05287098,Kinesthetic
7,Primary 3,Male,67.26400383,4,3,1,0,147.461748,text,0,21.95004934,Logical
10,Junior Secondary School 1,Female,38.9072523,5,1,5,1,95.60077779,audio,1,35.67004004,Auditory
5,Primary 1,Male,88.11726285,0,3,2,0,134.3241643,animation,1,33.56886944,Visual
5,Primary 1,Male,91.41089739,2,0,4,0,135.2041525,animation,1,32.78243549,Visual
4,Nursery,Female,90.6672437,0,1,3,0,129.9848751,animation,0,36.10844569,Visual
7,Primary 2,Female,71.4433448,0,2,2,0,178.1489397,text,0,18.49756251,Logical
11,Junior Secondary School 2,Female,26.04822527,1,2,3,1,120.7405752,audio,0,17.75626112,Auditory
8,Primary 3,Female,29.89557382,5,3,5,1,178.3290231,audio,0,27.98057173,Auditory
6,Primary 2,Female,31.42870688,3,7,4,1,152.9884595,animation,0,30.48293945,Kinesthetic
12,Junior Secondary School 3,Female,46.68655161,11,2,4,1,167.9275381,audio,0,29.10833879,Auditory
6,Primary 1,Female,57.27819248,2,4,4,1,156.011895,text,1,45.18489525,Kinesthetic
10,Primary 5,Female,46.41180146,4,15,7,1,118.8162368,animation,1,38.16017996,Kinesthetic
8,Primary 4,Male,70.95688205,0,4,4,1,152.1829137,animation,1,37.9182179,Visual
5,Nursery,Female,20.08576511,7,2,3,2,156.8241183,audio,0,30.07047495,Auditory
5,Nursery,Female,43.48787021,3,16,7,1,165.314332,animation,0,45.15144563,Kinesthetic
11,Junior Secondary School 1,Male,43.92110876,1,6,2,0,179.3859983,text,0,19.80725379,Logical
12,Junior Secondary School 2,Male,66.11671539,3,4,5,0,150.0610108,text,1,31.94034721,Kinesthetic
9,Primary 4,Female,73.43564203,1,2,4,1,168.2085363,text,0,28.55391305,Visual
5,Primary 1,Male,54.93400447,6,9,7,0,149.2649711,animation,0,34.61275087,Kinesthetic
5,Nursery,Male,51.43497297,0,3,2,0,133.8619043,text,0,21.96092474,Logical
11,Junior Secondary School 1,Female,30.86581299,1,4,1,0,206.0688929,text,0,20.82649317,Logical
10,Primary 5,Female,27.60721119,0,10,4,0,124.8062584,animation,0,40.91743852,Kinesthetic
8,Primary 3,Female,95.59242691,1,5,3,1,120.3831195,animation,1,40.01890582,Visual
6,Primary 1,Male,42.89268891,2,1,5,2,142.9301664,audio,1,22.81818279,Auditory
11,Junior Secondary School 2,Male,49.52350555,0,7,2,0,152.9437282,text,0,24.86967096,Logical
11,Junior Secondary School 2,Female,103.4230959,0,7,2,1,132.8004904,text,0,30.04732951,Visual
10,Primary 5,Male,31.79998036,8,4,3,2,175.0957127,audio,1,19.3801168,Auditory
7,Primary 2,Female,36.30574199,8,3,3,1,110.0227137,audio,0,27.37984374,Auditory
10,Junior Secondary School 1,Male,31.67922938,1,7,5,1,124.0744203,animation,1,30.30991984,Kinesthetic
7,Primary 3,Female,47.54309256,3,8,6,0,116.9638368,text,0,34.88985564,Kinesthetic
9,Primary 4,Female,58.34437061,5,12,6,1,125.3850804,text,1,41.6653683,Kinesthetic
5,Nursery,Female,86.54142838,1,4,3,0,148.5950519,animation,0,32.02951954,Visual
12,Junior Secondary School 3,Female,58.47108923,0,9,2,0,188.9291878,text,0,19.61212069,Logical
6,Primary 2,Male,34.85255863,3,6,5,2,97.75532132,audio,0,24.80036624,Auditory
5,Nursery,Male,62.14685165,0,3,2,0,192.8826618,text,0,17.12231908,Logical
7,Primary 3,Male,42.19353499,4,4,4,2,192.5912948,audio,0,23.41867052,Auditory
8,Primary 3,Male,57.55954697,2,12,6,1,151.6423483,animation,0,45.99333038,Kinesthetic
12,Junior Secondary School 3,Female,74.97328347,1,2,2,1,162.3869969,animation,0,24.82860422,Visual
10,Junior Secondary School 1,Male,103.2677234,0,1,3,0,154.775539,animation,1,18.17710841,Visual
8,Primary 3,Female,40.38578707,6,2,4,1,143.393521,audio,1,25.63587095,Auditory
6,Primary 2,Female,44.96573887,6,2,5,1,208.237403,audio,0,28.91040659,Auditory
5,Nursery,Male,48.44574129,1,6,2,0,156.0563319,text,0,16.09828583,Logical
7,Primary 3,Male,38.83267532,4,1,3,2,150.4636324,audio,0,28.19567043,Auditory
10,Junior Secondary School 1,Female,82.49262666,2,4,2,0,191.0998666,text,0,16.46535648,Logical
5,Primary 1,Male,76.56283405,0,3,4,1,177.4365419,animation,0,22.39914949,Visual
7,Primary 2,Female,55.14270274,10,2,4,2,158.0264153,audio,0,24.242592,Auditory
9,Primary 5,Female,59.81594455,3,12,5,0,136.5459742,text,0,40.28330761,Kinesthetic
12,Junior Secondary School 2,Male,99.66467246,0,2,2,0,158.1186235,text,0,31.68818445,Visual
11,Junior Secondary School 1,Female,95.92898618,1,1,4,0,136.6447723,animation,0,29.61204218,Visual
12,Junior Secondary School 3,Male,51.49980309,0,4,1,0,155.8356209,text,0,25.31140433,Logical
11,Junior Secondary School 1,Female,77.23366081,0,3,3,1,143.1120331,animation,1,34.25104564,Visual
5,Nursery,Female,40.76852969,5,2,5,1,202.3691344,audio,1,14.76893662,Auditory
11,Junior Secondary School 1,Female,48.02446555,2,11,4,1,159.9514708,text,1,43.59045862,Kinesthetic
9,Primary 4,Female,65.83256695,1,13,7,0,111.4525087,animation,0,40.94043172,Kinesthetic
12,Junior Secondary School 3,Female,42.78908199,5,2,3,1,171.6599035,audio,1,24.65869229,Auditory
4,Nursery,Female,53.02182206,4,2,5,1,115.4400123,audio,1,17.33323597,Auditory
6,Primary 2,Male,80.14667012,0,2,2,0,122.9164398,animation,0,35.95944007,Visual
9,Primary 4,Male,37.67352313,1,10,4,1,127.0295461,animation,1,33.84966535,Kinesthetic
8,Primary 3,Male,54.40552282,8,4,5,2,193.0542247,audio,0,26.95334177,Auditory
6,Primary 1,Female,55.46323022,3,2,1,0,185.3855219,text,0,18.646536,Logical
6,Primary 2,Male,77.73417316,2,1,4,0,163.5607519,text,0,29.33815801,Visual
4,Nursery,Male,48.86102352,0,5,1,0,177.3531086,text,0,20.33036623,Logical
4,Nursery,Female,54.52142638,2,2,2,0,225.8850063,text,0,20.95298642,Logical
7,Primary 2,Male,54.21400533,1,3,2,0,225.5060787,text,0,25.37386236,Logical
12,Junior Secondary School 3,Male,87.78834772,1,2,4,0,137.9224503,animation,0,29.97246365,Visual
10,Primary 5,Male,64.87753805,3,3,1,0,178.7406766,text,0,18.89462846,Logical
11,Junior Secondary School 2,Male,62.43280971,2,2,2,0,178.2385754,text,0,20.12274623,Logical
5,Nursery,Female,18.97798562,3,12,4,1,170.03064,text,0,43.1615087,Kinesthetic
9,Primary 4,Male,46.27875061,4,2,3,1,108.6586125,audio,1,20.9555306,Auditory
10,Junior Secondary School 1,Male,73.06906681,1,1,3,1,142.9484403,animation,0,23.77086108,Visual
9,Primary 5,Male,46.69542205,3,10,5,0,202.6752571,text,0,26.51591669,Kinesthetic
12,Junior Secondary School 3,Female,28.91134937,7,1,5,1,146.8421662,audio,0,21.13587337,Auditory
12,Junior Secondary School 2,Male,60.80764705,5,2,5,1,112.3702266,audio,0,23.57443518,Auditory
5,Primary 1,Male,62.16272085,1,7,4,1,141.4631416,animation,1,39.7165911,Kinesthetic
11,Junior Secondary School 2,Female,83.11324219,1,3,3,0,141.8420212,text,0,22.90674973,Visual
5,Primary 1,Female,47.16992005,1,4,1,0,144.9634585,text,0,20.60450245,Logical
7,Primary 2,Male,39.12674206,4,11,5,0,133.840156,animation,0,37.66208096,Kinesthetic
10,Junior Secondary School 1,Female,55.55418333,4,3,3,1,227.2588019,audio,0,14.85184669,Auditory
7,Primary 3,Female,93.51232701,3,4,4,0,167.8020754,animation,0,27.07977926,Visual
12,Junior Secondary School 2,Female,90.85006363,0,6,4,0,101.8763843,text,0,36.23537376,Visual
9,Primary 5,Male,47.01507184,8,3,4,2,175.518088,audio,1,17.20520317,Auditory
9,Primary 5,Male,79.75568857,0,3,4,0,151.0934231,animation,1,26.67157131,Visual
6,Primary 2,Female,70.75118909,1,4,2,0,232.871762,text,0,16.74334223,Logical
5,Primary 1,Female,82.30195324,1,3,4,1,138.9458188,animation,1,27.90168116,Visual
12,Junior Secondary School 3,Female,25.94733047,8,1,4,2,191.9324557,audio,1,24.03860085,Auditory
8,Primary 3,Female,91.47956796,2,0,2,0,146.0900473,text,1,28.25937075,Visual
9,Primary 5,Male,83.0344568,0,4,3,1,140.8139671,text,0,28.20495117,Visual
12,Junior Secondary School 3,Female,43.09681396,3,8,4,1,137.289645,text,0,50.21359824,Kinesthetic
7,Primary 3,Female,79.8440229,1,2,1,0,180.9990115,text,0,18.77417926,Logical
11,Junior Secondary School 1,Male,40.91428496,5,3,5,2,162.4293379,audio,0,23.72045545,Auditory
8,Primary 3,Female,58.12341849,1,9,4,1,157.9306484,animation,1,40.57285422,Kinesthetic
12,Junior Secondary School 3,Female,50.6304689,2,4,1,0,199.5671766,text,0,25.23099587,Logical
5,Nursery,Male,60.65224982,0,2,1,0,157.1131191,text,0,23.8852599,Logical
11,Junior Secondary School 1,Male,24.7535809,1,10,6,0,132.0834163,text,1,33.78451073,Kinesthetic
6,Primary 1,Female,26.37209281,1,6,5,0,137.0304746,text,1,39.10300163,Kinesthetic
7,Primary 3,Male,58.9960123,2,4,1,0,207.9242061,text,0,19.29198335,Logical
11,Junior Secondary School 2,Female,26.34154445,8,3,5,1,130.612832,audio,1,25.24115554,Auditory
10,Primary 5,Male,90.21178156,0,2,4,1,186.0275132,text,0,34.64415703,Visual
6,Primary 1,Female,88.15379163,0,6,2,0,134.7923317,text,0,28.134825,Visual
12,Junior Secondary School 3,Female,17.97582667,3,4,3,1,127.7549755,audio,1,21.05277955,Auditory
10,Junior Secondary School 1,Female,58.05039487,0,3,1,0,158.8182303,text,0,17.59462984,Logical
11,Junior Secondary School 1,Female,37.97659067,6,2,3,2,174.8848489,audio,0,14.61026194,Auditory
9,Primary 5,Female,65.28136669,0,2,2,0,186.1665259,text,0,19.45273962,Logical
8,Primary 3,Male,68.41026798,1,6,2,0,192.7806152,text,0,23.59852361,Logical
9,Primary 4,Male,80.3114105,0,4,4,0,137.1854242,animation,1,37.56498567,Visual
12,Junior Secondary School 3,Female,39.45752966,4,0,4,2,181.9985547,audio,0,30.74089109,Auditory
12,Junior Secondary School 3,Male,46.92077566,0,9,6,1,166.0824765,text,0,32.36767978,Kinesthetic
12,Junior Secondary School 3,Female,60.19908072,1,2,1,0,154.6585786,text,0,19.44142122,Logical
10,Junior Secondary School 1,Male,72.95810821,0,5,1,0,203.1742204,text,0,24.18109025,Logical
12,Junior Secondary School 2,Male,71.74033595,0,1,3,1,123.4612085,animation,0,24.26569502,Visual
10,Junior Secondary School 1,Female,68.84347399,0,6,6,0,152.037764,text,0,36.06677292,Kinesthetic
11,Junior Secondary School 1,Female,80.94901213,1,3,4,0,194.6594276,animation,0,24.2082221,Visual
7,Primary 2,Male,44.32033477,4,4,3,2,163.5308377,audio,1,20.89107766,Auditory
11,Junior Secondary School 2,Male,53.36079966,4,2,3,2,104.3863668,audio,0,24.86520883,Auditory
6,Primary 2,Female,50.90232763,1,2,2,0,175.514884,text,0,14.4324841,Logical
11,Junior Secondary School 1,Female,91.30918489,1,1,3,1,148.1867971,text,1,32.57202036,Visual
12,Junior Secondary School 3,Female,59.1458033,1,3,2,0,163.4877359,text,0,21.32584443,Logical
9,Primary 5,Female,78.14837337,2,3,4,0,155.9024907,text,1,27.34094078,Visual
11,Junior Secondary School 1,Female,47.16895214,2,0,1,0,184.5580294,text,0,14.87975636,Logical
8,Primary 4,Female,35.07973192,3,2,5,2,190.0490772,audio,0,20.83491086,Auditory
6,Primary 1,Female,68.30760067,1,3,2,0,185.0505354,text,0,23.11218581,Logical
10,Primary 5,Male,67.62652338,1,3,1,0,214.0796509,text,0,23.3250413,Logical
5,Primary 1,Female,52.76407058,1,3,2,0,187.3921754,text,0,21.01038495,Logical
11,Junior Secondary School 1,Male,44.2069567,4,4,4,2,196.276074,audio,1,27.53092817,Auditory
6,Primary 2,Male,60.75463046,2,7,2,0,188.1706519,text,0,16.61905807,Logical
11,Junior Secondary School 2,Male,40.32920944,3,1,5,2,144.3592376,audio,0,25.89774768,Auditory
12,Junior Secondary School 3,Female,33.18728102,5,12,6,1,115.8308706,animation,1,46.7277638,Kinesthetic
10,Junior Secondary School 1,Female,56.23711773,2,2,2,0,163.9343308,text,0,19.69063223,Logical
8,Primary 3,Female,42.57560431,3,1,4,2,182.9171835,audio,1,34.27454458,Auditory
9,Primary 5,Male,37.83154364,5,2,4,2,166.8279438,audio,0,26.86305029,Auditory
4,Nursery,Male,27.38704873,2,1,4,1,163.9079171,audio,0,30.21918411,Auditory
11,Junior Secondary School 1,Male,47.76470781,2,1,1,0,185.9633696,text,0,13.64578232,Logical
11,Junior Secondary School 1,Male,43.63120997,5,1,4,2,126.1398127,audio,1,22.69756101,Auditory
12,Junior Secondary School 3,Female,52.6820488,1,14,5,1,137.155751,text,0,38.36838584,Kinesthetic
5,Primary 1,Female,75.8541384,0,1,4,0,95.4476907,animation,0,37.18347496,Visual
8,Primary 3,Female,48.61421115,1,5,2,0,154.91357,text,0,23.89037362,Logical
6,Primary 2,Female,49.68911762,0,6,1,0,177.0720573,text,0,14.91302029,Logical
9,Primary 4,Female,89.77997881,0,4,2,1,156.5440468,animation,0,34.56247187,Visual
5,Primary 1,Female,44.03599847,1,5,4,0,119.0144216,animation,0,28.3317606,Kinesthetic
5,Nursery,Male,78.18509622,1,1,1,0,197.3920007,text,0,17.25821448,Logical
5,Nursery,Female,78.22082321,0,3,2,0,124.3743187,text,1,38.60324457,Visual
6,Primary 1,Male,71.01224744,1,3,2,0,154.7076207,text,0,17.33865744,Logical
4,Nursery,Female,36.10010264,2,15,7,1,116.2113883,text,1,33.69785695,Kinesthetic
6,Primary 1,Male,54.9462904,3,2,2,0,184.7581071,text,0,18.63861963,Logical
5,Primary 1,Female,64.38457247,0,0,1,0,169.3823734,text,0,16.9168836,Logical
7,Primary 3,Female,50.34207893,3,3,3,2,214.189947,audio,1,25.40451176,Auditory
6,Primary 2,Female,68.13200781,1,10,6,0,127.5509026,animation,0,33.07645922,Kinesthetic
6,Primary 1,Male,89.62560233,0,2,3,0,144.9928307,animation,0,24.87702646,Visual
10,Junior Secondary School 1,Male,47.48865269,8,2,4,2,135.186038,audio,1,28.53531161,Auditory
6,Primary 2,Male,56.8350371,1,14,7,1,144.6623539,text,0,37.03047398,Kinesthetic
10,Junior Secondary School 1,Male,43.92278851,1,9,7,1,159.3175515,text,1,41.04730464,Kinesthetic
8,Primary 4,Female,70.49017589,1,4,2,1,124.405461,animation,1,45.32762949,Visual
11,Junior Secondary School 2,Female,36.42693235,3,9,5,1,119.2780035,animation,1,40.41303016,Kinesthetic
12,Junior Secondary School 2,Male,30.38808928,3,3,3,2,188.6028979,audio,1,24.59955945,Auditory
11,Junior Secondary School 1,Female,35.04002719,8,1,4,2,152.3093113,audio,1,22.63084142,Auditory
11,Junior Secondary School 2,Male,57.4373657,4,1,3,2,172.955686,audio,0,22.60932163,Auditory
10,Junior Secondary School 1,Female,34.71747517,6,3,4,1,122.9790324,audio,1,25.75721543,Auditory
9,Primary 5,Female,47.29563165,7,2,5,1,130.3740122,audio,1,27.42417072,Auditory
10,Primary 5,Female,46.41404331,0,3,1,0,151.2383004,text,0,17.54688755,Logical
12,Junior Secondary School 3,Male,33.75268973,3,2,3,1,168.4786163,audio,1,26.54233706,Auditory
5,Primary 1,Male,48.46140099,0,3,1,0,160.5634222,text,0,18.85034167,Logical
7,Primary 2,Female,35.4317136,2,6,5,2,125.5057218,audio,0,24.63895628,Auditory
12,Junior Secondary School 2,Male,62.82553651,1,4,2,0,156.7170068,text,0,24.99689256,Logical
9,Primary 4,Male,85.60140362,2,15,6,1,86.03876316,animation,0,43.00606003,Kinesthetic
11,Junior Secondary School 1,Female,75.8894097,4,5,2,0,189.5541393,text,0,20.0466915,Logical
7,Primary 3,Male,98.95322289,0,1,4,1,194.9133687,animation,0,31.77734912,Visual
12,Junior Secondary School 3,Male,53.94293113,1,4,2,0,220.0569231,text,0,23.07605745,Logical
12,Junior Secondary School 3,Male,56.36625305,10,3,5,2,130.2656376,audio,0,20.85876092,Auditory
9,Primary 4,Male,57.70013011,4,2,3,2,130.8042548,audio,0,24.67380355,Auditory
5,Primary 1,Female,57.61877921,1,4,2,0,219.9601378,text,0,16.98375095,Logical
7,Primary 2,Female,21.29901764,3,8,5,1,87.46555579,text,0,42.07547992,Kinesthetic
8,Primary 3,Male,58.85118999,3,3,2,0,175.2218894,text,0,17.00119685,Logical
5,Nursery,Female,81.6995168,2,6,4,0,142.4013093,text,1,41.46280848,Kinesthetic
6,Primary 2,Male,38.64157152,1,8,7,0,128.4487008,text,1,46.05116438,Kinesthetic
12,Junior Secondary School 3,Female,28.59614295,1,13,7,0,175.7160556,text,0,39.53724474,Kinesthetic
12,Junior Secondary School 3,Male,36.87093261,3,2,5,1,83.21259771,audio,1,24.76387798,Auditory
4,Nursery,Male,52.48246896,3,4,2,0,191.2130172,text,0,18.47463465,Logical
11,Junior Secondary School 1,Male,23.67270792,2,0,3,2,168.5930365,audio,1,33.79330032,Auditory
11,Junior Secondary School 2,Male,24.4796155,1,10,4,0,72.77875185,animation,0,33.29104448,Kinesthetic
12,Junior Secondary School 3,Female,41.2174743,6,5,3,2,153.0832151,audio,0,18.35587391,Auditory
5,Primary 1,Female,77.66883114,1,4,2,0,134.5522114,text,0,32.31026814,Visual
12,Junior Secondary School 3,Male,54.28534645,3,2,3,1,166.5578482,audio,0,28.33499404,Auditory
10,Primary 5,Male,42.101882,0,7,6,0,131.4629911,animation,1,31.31962871,Kinesthetic
5,Nursery,Female,72.04339585,0,5,4,0,174.8294205,animation,1,32.50035173,Visual
5,Primary 1,Female,39.83644008,5,1,3,1,141.9805166,audio,0,20.96057247,Auditory
9,Primary 4,Female,65.62191763,0,1,1,0,177.6534196,text,0,21.94930043,Logical
6,Primary 1,Male,81.90699529,1,1,3,0,135.8741318,text,1,28.92595006,Visual
12,Junior Secondary School 3,Male,27.18563156,5,5,4,1,211.8347962,audio,0,22.41029577,Auditory
9,Primary 5,Male,54.47890908,8,3,5,2,136.3422068,audio,1,25.50286527,Auditory
12,Junior Secondary School 2,Male,37.58861286,4,0,3,1,116.8092925,audio,0,17.33449559,Auditory
11,Junior Secondary School 1,Male,35.85813908,4,2,7,0,90.22413964,text,1,37.40645681,Kinesthetic
8,Primary 3,Male,73.28254698,0,3,2,0,153.1178126,animation,1,30.96550379,Visual
10,Primary 5,Male,63.90491049,2,4,1,0,169.5498822,text,0,21.42027794,Logical
5,Primary 1,Male,29.92479978,2,1,6,1,138.3142958,animation,0,36.04658931,Kinesthetic
12,Junior Secondary School 2,Female,14.05614625,3,8,7,1,166.2871605,text,0,38.11529768,Kinesthetic
12,Junior Secondary School 3,Female,85.72649258,1,3,4,1,161.2410618,animation,0,36.54827942,Visual
7,Primary 2,Female,58.93672881,1,9,1,0,182.5863088,text,0,23.01854305,Logical
10,Primary 5,Male,40.29420189,0,5,7,0,143.4428914,animation,1,42.17556663,Kinesthetic
11,Junior Secondary School 1,Male,45.21960947,3,2,3,1,165.5005611,audio,0,28.62677941,Auditory
5,Nursery,Female,82.98932521,0,2,3,1,159.8050333,animation,0,36.137682,Visual
10,Primary 5,Male,71.47735746,2,11,4,1,179.0812926,text,0,50.56076479,Kinesthetic
12,Junior Secondary School 3,Male,90.25689784,4,7,3,1,163.1426557,animation,1,37.6613637,Visual
10,Junior Secondary School 1,Male,58.58114486,3,4,6,1,159.1062748,text,1,46.4249471,Kinesthetic
6,Primary 1,Male,26.416704,6,1,5,1,111.0661937,audio,0,21.88864428,Auditory
5,Primary 1,Male,65.88405397,1,5,1,0,148.4010392,text,0,19.64178244,Logical
11,Junior Secondary School 2,Male,57.29100162,0,4,2,0,155.4763437,text,0,19.63320723,Logical
7,Primary 2,Female,104.45203,2,3,3,1,133.5204629,animation,1,34.61170565,Visual
8,Primary 4,Male,83.26990692,3,2,3,0,137.7722855,animation,0,27.9461831,Visual
12,Junior Secondary School 2,Male,57.39481223,1,10,5,1,114.9547566,text,0,45.53715113,Kinesthetic
11,Junior Secondary School 2,Female,59.37192013,0,1,4,1,152.0224072,animation,1,29.12211431,Visual
8,Primary 4,Male,47.66807852,1,1,4,2,155.3118896,audio,1,21.11327186,Auditory
9,Primary 4,Female,64.13593481,1,5,2,0,143.348995,text,0,17.58478321,Logical
8,Primary 4,Female,58.11614452,1,3,1,0,196.0127204,text,0,11.43116407,Logical
6,Primary 1,Male,71.5324375,0,9,2,0,133.9555202,text,0,19.61181376,Logical
6,Primary 1,Female,56.53451062,1,1,2,0,207.5800944,text,0,18.48996269,Logical
5,Primary 1,Female,38.81576663,2,9,4,0,152.241941,animation,1,39.34668394,Kinesthetic
9,Primary 4,Female,49.41691021,2,6,2,0,198.4091013,text,0,24.23010151,Logical
5,Primary 1,Female,79.04454763,1,3,3,0,168.7297838,text,1,31.72321502,Visual
5,Primary 1,Male,15.27439207,2,7,4,1,122.9009462,text,1,44.28208132,Kinesthetic
7,Primary 2,Male,85.49182425,1,4,2,0,141.6749673,animation,1,32.65979214,Visual
5,Primary 1,Female,87.77981196,1,4,4,0,156.7155007,text,0,32.52585362,Visual
12,Junior Secondary School 2,Male,53.93563276,1,11,5,0,177.1346253,animation,0,39.16280015,Kinesthetic
9,Primary 5,Male,46.79186164,6,4,5,2,158.7378737,audio,0,26.37711231,Auditory
12,Junior Secondary School 2,Female,50.24708251,6,1,5,1,157.3575073,audio,1,21.81918022,Auditory
12,Junior Secondary School 3,Female,40.46485145,9,1,4,2,137.6919812,audio,1,30.15493684,Auditory
7,Primary 2,Male,56.79343141,0,8,1,0,196.7843051,text,0,19.19847292,Logical
12,Junior Secondary School 2,Male,43.10235626,4,3,4,2,180.0415081,audio,0,21.34572909,Auditory
7,Primary 2,Female,61.78595472,2,6,4,0,128.2671863,text,1,43.16008192,Kinesthetic
7,Primary 3,Female,25.07677248,1,17,4,0,147.9972471,animation,0,42.90935623,Kinesthetic
8,Primary 4,Female,40.90478847,4,2,3,2,185.0686853,audio,1,22.01284008,Auditory
6,Primary 1,Female,75.88265685,0,2,3,0,120.222741,animation,1,28.13702569,Visual
4,Nursery,Male,70.5865463,2,5,4,0,144.3403775,animation,0,36.59529659,Visual
12,Junior Secondary School 2,Male,90.71673958,1,4,2,0,167.1390839,animation,1,32.24989425,Visual
11,Junior Secondary School 2,Female,82.71293844,3,2,4,0,151.2027998,text,1,26.32499056,Visual
4,Nursery,Male,45.19387289,4,0,4,1,120.7293098,audio,1,27.65220417,Auditory
7,Primary 3,Male,43.8713555,6,4,4,1,159.4702786,audio,0,24.06659064,Auditory
10,Junior Secondary School 1,Female,77.45656809,1,1,3,0,126.1718491,text,0,28.45525889,Visual
8,Primary 3,Male,48.38437797,3,3,4,2,175.8755979,audio,1,21.55713224,Auditory
12,Junior Secondary School 2,Female,68.37039044,1,2,4,1,127.4917115,animation,1,24.23771163,Visual
10,Primary 5,Female,64.72844052,1,1,2,0,164.2993823,text,0,19.96690514,Logical
5,Primary 1,Male,91.44359247,0,3,3,0,128.7769789,animation,0,34.71614679,Visual
5,Primary 1,Male,88.02874901,0,3,2,1,170.0878712,animation,0,26.03965874,Visual
10,Primary 5,Female,93.4955526,1,3,3,1,152.2366416,animation,0,21.87025858,Visual
12,Junior Secondary School 3,Male,57.37153649,1,9,6,1,151.5426745,animation,0,36.29739503,Kinesthetic
9,Primary 4,Male,66.59226896,2,3,1,0,178.3257913,text,0,16.98386917,Logical
12,Junior Secondary School 3,Male,66.8335286,2,2,1,0,206.8584104,text,0,22.33698291,Logical
5,Nursery,Female,67.007675,0,3,2,0,191.4916477,text,0,21.5775587,Logical
10,Junior Secondary School 1,Male,63.09942174,0,5,1,0,128.2508854,text,0,20.9063267,Logical
11,Junior Secondary School 2,Female,66.25656761,2,6,2,0,183.4205849,text,0,18.97540555,Logical
6,Primary 1,Female,14.98496271,3,11,5,0,154.7543416,text,1,44.11305476,Kinesthetic
4,Nursery,Female,24.05047143,8,1,5,2,116.5571767,audio,1,28.05696436,Auditory
11,Junior Secondary School 2,Male,47.7387941,0,4,2,0,189.9257426,text,0,20.3226148,Logical
7,Primary 3,Male,33.09515194,4,6,5,2,128.6422136,audio,1,27.45710457,Auditory
12,Junior Secondary School 3,Female,77.12030437,0,5,2,0,134.0023223,animation,0,31.26313989,Visual
12,Junior Secondary School 2,Female,81.25281014,1,0,3,0,185.6460617,animation,1,25.32326983,Visual
10,Junior Secondary School 1,Female,76.00861605,2,7,4,1,145.7856113,animation,0,35.9254446,Kinesthetic
11,Junior Secondary School 2,Female,41.5640223,1,4,2,0,159.0150607,text,0,25.19577638,Logical
9,Primary 4,Male,36.45352764,1,12,4,0,115.9528786,text,0,46.0496279,Kinesthetic
4,Nursery,Female,25.09403137,3,11,4,0,101.71235,animation,1,35.42255693,Kinesthetic
9,Primary 5,Female,40.16327964,4,5,3,1,182.0034834,audio,0,27.83932829,Auditory
11,Junior Secondary School 1,Male,43.59523199,6,0,4,1,156.9985659,audio,0,27.91012459,Auditory
12,Junior Secondary School 3,Male,59.53431758,1,1,1,0,189.1502269,text,0,18.23517176,Logical
12,Junior Secondary School 3,Female,29.69473342,2,11,5,0,122.8692104,animation,0,45.33094633,Kinesthetic
8,Primary 3,Male,62.8514365,0,4,2,0,190.5254133,text,0,22.81828307,Logical
10,Primary 5,Female,85.19963551,1,6,1,0,187.0383347,text,0,20.14071553,Logical
5,Primary 1,Male,37.34217822,4,0,5,2,211.734816,audio,0,28.65959735,Auditory
12,Junior Secondary School 3,Male,48.16339954,8,1,4,2,148.8188123,audio,1,25.16019267,Auditory
11,Junior Secondary School 2,Male,33.87220369,1,5,2,0,157.0707561,text,0,18.26890358,Logical
6,Primary 2,Female,85.14623141,2,2,2,0,162.1333544,text,0,36.39395239,Visual
12,Junior Secondary School 3,Male,79.93910344,1,6,3,0,183.7687112,animation,1,30.56688875,Visual
11,Junior Secondary School 2,Female,84.43210167,3,1,4,1,133.0808521,animation,0,29.13969313,Visual
12,Junior Secondary School 2,Male,50.00745269,0,6,1,0,178.3262973,text,0,19.6846394,Logical
5,Nursery,Female,91.30178006,1,4,2,0,137.1378915,animation,1,24.71694769,Visual
5,Primary 1,Female,75.4924676,0,6,2,0,196.1147104,text,0,19.13530357,Logical
4,Nursery,Male,103.0436277,1,3,2,0,164.0333843,text,1,28.09157256,Visual
10,Primary 5,Male,81.90387763,0,2,1,0,238.3455018,text,0,19.14264784,Logical
11,Junior Secondary School 1,Male,59.16054198,4,7,7,0,150.9509135,animation,1,45.80392267,Kinesthetic
4,Nursery,Male,46.91887579,0,5,1,0,181.7619181,text,0,18.90185298,Logical
5,Nursery,Male,80.03470871,1,0,3,0,154.8134111,animation,1,44.68097245,Visual
6,Primary 1,Female,52.1275176,0,6,1,0,163.8913032,text,0,13.90545045,Logical
4,Nursery,Male,76.37791428,0,4,1,0,74.04363622,text,0,17.66547862,Logical
9,Primary 4,Female,88.0789071,1,2,3,1,127.4148758,animation,0,28.3033284,Visual
10,Primary 5,Male,57.59921539,0,2,2,0,171.9250882,text,0,21.66792142,Logical
9,Primary 4,Female,29.59217734,5,4,5,2,134.3210748,audio,0,23.97421535,Auditory
8,Primary 3,Male,58.38468673,1,0,2,0,224.409288,text,0,15.87510306,Logical
10,Junior Secondary School 1,Male,76.50416109,0,5,4,0,139.4102889,animation,0,39.86117535,Visual
6,Primary 2,Male,94.43238269,0,7,4,0,159.5264265,text,1,22.62483417,Visual
6,Primary 1,Female,51.0397271,7,2,4,2,136.5791104,audio,1,30.99912544,Auditory
10,Junior Secondary School 1,Male,27.42187876,5,2,5,2,150.9693558,audio,0,22.45700925,Auditory
6,Primary 1,Male,40.84406566,1,8,6,0,101.2277257,text,1,46.11869492,Kinesthetic
9,Primary 5,Male,59.37050731,1,2,1,0,139.8125258,text,0,22.60878825,Logical
9,Primary 5,Female,43.06222569,5,10,7,0,172.3085343,text,1,40.31700372,Kinesthetic
9,Primary 5,Female,100.5308483,1,3,3,1,142.084577,text,1,30.13792761,Visual
11,Junior Secondary School 2,Female,57.50087627,1,11,6,1,132.4967431,text,1,45.3080909,Kinesthetic
4,Nursery,Female,64.17516738,0,2,1,0,128.142573,text,0,17.68054932,Logical
11,Junior Secondary School 2,Male,83.47854786,1,4,3,1,179.6361762,animation,1,30.27857237,Visual
11,Junior Secondary School 1,Female,92.97857865,0,1,4,1,154.8338293,animation,1,32.98743123,Visual
5,Nursery,Female,31.24377434,4,2,3,2,188.7194381,audio,1,30.090843,Auditory
5,Primary 1,Male,45.81018937,6,1,5,2,188.5915861,audio,1,23.95576716,Auditory
12,Junior Secondary School 3,Male,54.64339427,1,1,1,0,206.8742424,text,0,21.6328421,Logical
9,Primary 5,Male,86.4249893,1,2,3,0,148.3080889,animation,0,27.26199385,Visual
10,Primary 5,Male,79.1956063,2,4,3,1,150.3643131,animation,0,24.63986709,Visual
10,Primary 5,Male,32.13642518,1,9,4,1,125.1191815,text,1,36.9408373,Kinesthetic
12,Junior Secondary School 3,Female,56.59392841,1,5,2,0,200.2571541,text,0,21.76159663,Logical
10,Junior Secondary School 1,Female,74.08592456,0,1,3,0,137.4776612,animation,0,32.3923195,Visual
7,Primary 3,Male,64.45055985,0,8,4,0,137.800815,text,0,38.63729403,Kinesthetic
11,Junior Secondary School 2,Male,41.80081423,1,6,1,0,226.5533976,text,0,17.25007394,Logical
5,Primary 1,Female,42.52585147,7,4,5,2,140.4975305,audio,0,30.71036183,Auditory
10,Primary 5,Male,49.36999688,1,9,7,0,92.77100055,text,0,40.5799235,Kinesthetic
8,Primary 3,Female,46.60466042,6,1,4,2,126.542841,audio,1,16.07159248,Auditory
8,Primary 3,Female,22.13600912,9,1,4,2,216.1334748,audio,1,27.88660239,Auditory
8,Primary 3,Male,83.0054982,2,11,5,0,163.7313095,animation,0,41.84295432,Kinesthetic
10,Primary 5,Female,34.04857981,2,4,3,1,172.1082148,audio,0,27.21853506,Auditory
11,Junior Secondary School 1,Female,70.40454064,1,1,2,0,167.0664116,text,0,18.62667414,Logical
12,Junior Secondary School 3,Male,38.45182092,4,13,6,1,80.07823542,text,0,33.04607577,Kinesthetic
12,Junior Secondary School 3,Male,42.6253901,7,2,5,2,186.783576,audio,1,23.04052839,Auditory
6,Primary 2,Male,33.96373834,4,3,5,2,189.3518889,audio,0,22.81813103,Auditory
9,Primary 5,Male,81.55469726,0,6,2,0,142.5252216,animation,1,40.07435279,Visual
10,Junior Secondary School 1,Male,31.06050798,1,14,5,0,136.9349771,animation,1,43.21239333,Kinesthetic
11,Junior Secondary School 1,Female,52.9245272,2,4,1,0,190.0852178,text,0,19.28793776,Logical
8,Primary 4,Male,70.05475476,1,1,1,0,198.0208134,text,0,18.59655925,Logical
8,Primary 4,Female,30.79807696,3,3,3,2,128.7612681,audio,1,33.88311342,Auditory
12,Junior Secondary School 3,Female,87.35195779,1,3,4,1,145.0539955,animation,1,19.9923562,Visual
5,Primary 1,Male,57.20462537,0,4,2,0,232.9985217,text,0,21.32435059,Logical
10,Primary 5,Female,74.66375101,3,2,2,0,142.9982265,animation,1,33.89568689,Visual
5,Nursery,Female,45.61665329,6,0,4,2,136.9091037,audio,0,24.60403925,Auditory
8,Primary 4,Female,66.27041082,2,4,1,0,193.7703277,text,0,19.02422614,Logical
12,Junior Secondary School 2,Female,67.549324,2,3,2,0,191.6482618,text,0,16.13124622,Logical
4,Nursery,Female,25.48599562,8,1,4,1,170.0822261,audio,0,21.63488815,Auditory
8,Primary 3,Male,77.12005622,0,8,7,1,135.5917291,animation,0,47.58542106,Kinesthetic
10,Junior Secondary School 1,Male,66.50997841,2,3,1,0,177.2368753,text,0,23.27304607,Logical
8,Primary 3,Female,68.77776831,2,12,5,0,91.45152902,text,1,45.14384801,Kinesthetic
11,Junior Secondary School 2,Male,76.75118722,1,4,1,0,215.746145,text,0,19.64717429,Logical
8,Primary 3,Male,49.18800697,3,5,5,1,163.8186247,audio,1,30.02156192,Auditory
5,Primary 1,Female,52.15292945,3,11,7,0,120.3921222,animation,0,45.36078052,Kinesthetic
5,Primary 1,Male,46.22496102,4,4,5,2,138.6035274,audio,1,30.82252375,Auditory
4,Nursery,Male,68.39597181,0,2,2,1,136.0808595,animation,0,28.76762206,Visual
12,Junior Secondary School 3,Female,76.02929179,3,12,6,0,81.03212637,text,0,39.19347799,Kinesthetic
7,Primary 2,Female,77.90856026,1,4,3,0,166.0217562,animation,1,33.2136127,Visual
6,Primary 1,Male,75.71866459,1,3,2,1,154.8050621,text,1,34.24731167,Visual
5,Primary 1,Female,56.81351958,2,8,6,1,99.62556091,animation,1,57.18634759,Kinesthetic
4,Nursery,Male,62.18996127,1,9,1,0,185.5991431,text,0,18.77006929,Logical
11,Junior Secondary School 2,Female,67.06538752,2,10,7,0,148.2240971,animation,0,35.83243356,Kinesthetic
12,Junior Secondary School 3,Male,57.45891471,1,8,1,0,116.5447623,text,0,21.66766488,Logical
9,Primary 5,Male,27.10431604,1,12,5,0,169.3721507,animation,1,42.59839997,Kinesthetic
9,Primary 5,Male,89.49231013,0,3,3,0,157.5979931,text,1,37.28814335,Visual
12,Junior Secondary School 3,Female,42.74530294,6,1,4,1,120.9486936,audio,1,27.13655641,Auditory
10,Primary 5,Female,24.18583817,2,8,6,1,138.3046821,animation,0,39.97738561,Kinesthetic
11,Junior Secondary School 1,Male,44.90013334,4,11,5,0,108.1461326,animation,0,38.12491961,Kinesthetic
11,Junior Secondary School 2,Male,44.93528803,2,13,4,1,112.7168251,text,0,42.81141999,Kinesthetic
5,Primary 1,Male,79.06635813,1,3,4,0,116.0148241,animation,1,28.67389214,Visual
9,Primary 5,Female,48.24358663,6,2,4,1,167.0458842,audio,0,30.22447417,Auditory
12,Junior Secondary School 3,Male,79.86587559,0,4,3,1,145.8262916,animation,0,33.20449985,Visual
8,Primary 4,Female,47.29068989,5,9,5,0,143.6809368,text,0,43.90113232,Kinesthetic
4,Nursery,Male,56.02431984,0,12,7,0,178.3674759,text,1,31.33783835,Kinesthetic
7,Primary 3,Male,96.35817343,1,3,4,0,193.4252058,text,1,30.57720472,Visual
11,Junior Secondary School 2,Female,54.93697541,11,2,4,2,149.3626154,audio,1,29.63204379,Auditory
10,Primary 5,Male,89.86525578,1,2,3,1,125.8251071,animation,1,26.83690376,Visual
6,Primary 1,Male,32.3745647,5,1,5,1,160.4548552,audio,1,16.38215966,Auditory
12,Junior Secondary School 3,Female,63.82893726,3,16,4,0,120.0144687,text,1,39.91335776,Kinesthetic
11,Junior Secondary School 2,Female,45.87746527,2,2,4,1,124.096194,audio,0,13.90209103,Auditory
11,Junior Secondary School 2,Male,67.10255597,0,3,1,0,167.3638728,text,0,20.07694609,Logical
12,Junior Secondary School 3,Male,100.5166201,1,3,2,0,167.2205896,animation,1,33.15486474,Visual
7,Primary 3,Female,74.10431323,0,3,3,1,162.4475584,text,0,29.38729389,Visual
12,Junior Secondary School 2,Male,58.96634001,0,6,2,0,102.5478247,text,0,15.23653358,Logical
11,Junior Secondary School 2,Female,59.97390691,3,7,5,0,99.43556576,animation,0,39.65597914,Kinesthetic
7,Primary 3,Female,58.28627502,0,2,2,0,139.9967615,text,0,23.34699491,Logical
7,Primary 2,Female,36.87910748,2,12,7,1,98.18355823,text,1,40.04686954,Kinesthetic
8,Primary 4,Male,94.60700779,1,1,2,0,160.0773762,animation,1,19.61177609,Visual
7,Primary 3,Female,68.1852836,2,3,2,1,160.4223311,text,0,26.14947869,Visual
8,Primary 4,Female,51.56006963,1,7,3,1,216.8135782,audio,1,21.81439375,Auditory
12,Junior Secondary School 3,Female,73.51846967,2,3,1,0,184.8098254,text,0,22.32640816,Logical
8,Primary 4,Female,56.77349593,2,4,1,0,207.9243023,text,0,17.62418456,Logical
12,Junior Secondary School 3,Male,40.72114478,3,2,5,1,197.6660804,audio,1,21.3992495,Auditory
7,Primary 2,Female,75.66983817,0,4,2,1,160.0592217,animation,0,30.90569472,Visual
4,Nursery,Female,61.60883972,2,15,7,1,177.078446,animation,0,42.61770303,Kinesthetic
7,Primary 3,Female,53.22186019,0,1,1,0,187.6115709,text,0,21.10083509,Logical
12,Junior Secondary School 2,Male,58.79933728,2,4,1,0,205.6563031,text,0,13.9956275,Logical
11,Junior Secondary School 1,Female,23.56073274,3,1,3,2,149.381005,audio,1,26.2927592,Auditory
5,Primary 1,Female,71.27438509,4,10,7,0,182.7571871,animation,1,39.28012498,Kinesthetic
10,Junior Secondary School 1,Male,82.09090286,0,2,3,0,136.593021,animation,0,29.37629191,Visual
9,Primary 4,Male,73.94191038,1,5,1,0,170.1216053,text,0,18.76217273,Logical
9,Primary 4,Male,47.76794675,4,9,4,1,135.3066178,text,1,30.50151751,Kinesthetic
8,Primary 4,Female,79.86001074,0,2,2,0,209.5552329,text,0,14.41119759,Logical
10,Primary 5,Female,35.41056846,2,6,4,1,171.2514504,text,0,50.08712394,Kinesthetic
11,Junior Secondary School 1,Female,76.16787998,2,3,3,0,145.0695551,animation,0,26.1893692,Visual
6,Primary 2,Male,48.49270575,1,8,4,0,122.5669903,animation,0,39.65181574,Kinesthetic
9,Primary 5,Female,58.86838875,1,1,1,0,128.2126016,text,0,18.79172923,Logical
7,Primary 2,Female,31.42619069,5,2,3,2,156.4767396,audio,1,28.93988767,Auditory
5,Primary 1,Male,37.41316388,2,8,4,0,139.0870134,animation,1,37.99503776,Kinesthetic
7,Primary 3,Male,46.80449454,3,9,7,1,143.670434,text,0,37.11014221,Kinesthetic
10,Primary 5,Male,57.15780928,0,8,6,0,202.2700934,animation,1,43.59975983,Kinesthetic
6,Primary 2,Male,39.31918414,4,0,5,1,113.5597474,audio,0,25.9668495,Auditory
8,Primary 4,Female,38.67781596,6,0,3,1,155.2800211,audio,0,26.29060077,Auditory
6,Primary 2,Male,32.21751344,5,2,3,2,155.2062234,audio,0,24.25579941,Auditory
9,Primary 4,Male,89.48722889,1,4,3,1,139.9330276,animation,0,32.63798622,Visual
10,Junior Secondary School 1,Male,75.93436139,1,2,4,0,122.9301286,animation,0,36.02308724,Visual
9,Primary 5,Male,69.75261507,0,2,2,0,135.734378,animation,0,32.54962941,Visual
12,Junior Secondary School 2,Male,38.53434193,6,2,5,1,185.5612894,audio,0,27.94514392,Auditory
9,Primary 4,Female,31.18955144,5,1,3,1,155.1756292,audio,0,25.14730653,Auditory
8,Primary 4,Male,68.12386455,2,12,6,0,133.3154096,animation,1,37.9293739,Kinesthetic
6,Primary 2,Female,46.46020045,3,1,4,2,163.1096203,audio,0,20.40658045,Auditory
6,Primary 2,Female,74.90650232,2,4,4,1,135.7303712,animation,1,37.55662993,Visual
9,Primary 5,Female,40.66198077,3,9,6,0,140.2158321,animation,1,39.7134198,Kinesthetic
12,Junior Secondary School 3,Male,49.03088423,1,7,5,1,166.8991174,animation,0,40.28996047,Kinesthetic
7,Primary 3,Male,63.55856833,3,11,7,1,108.934624,text,1,35.28534909,Kinesthetic
4,Nursery,Female,83.49662956,1,1,2,1,148.3013714,animation,1,25.57330142,Visual
12,Junior Secondary School 3,Female,93.73999414,1,6,4,0,154.052247,animation,1,29.79927311,Visual
9,Primary 4,Male,48.31434796,1,4,1,0,182.3975431,text,0,17.18032405,Logical
12,Junior Secondary School 2,Female,21.97282283,4,2,5,1,120.9318156,audio,1,23.26183283,Auditory
11,Junior Secondary School 1,Male,16.61737637,7,2,3,1,151.3132226,audio,0,31.1329041,Auditory
5,Primary 1,Male,60.31231916,2,8,5,1,92.77063819,animation,0,45.04638553,Kinesthetic
10,Junior Secondary School 1,Male,81.84685856,0,2,2,0,125.309097,text,1,28.65219217,Visual
5,Nursery,Female,37.56635776,4,3,3,2,143.339707,audio,0,21.35423168,Auditory
4,Nursery,Male,35.40276896,3,14,4,1,73.24145605,text,1,50.33199463,Kinesthetic
6,Primary 1,Female,49.65115361,2,14,5,0,136.4480338,text,1,44.05836245,Kinesthetic
10,Junior Secondary School 1,Male,19.2646316,4,3,5,1,114.4852234,audio,0,31.10133178,Auditory
7,Primary 3,Female,53.03818793,0,12,4,0,112.6343581,text,0,48.82684101,Kinesthetic
11,Junior Secondary School 2,Female,40.7725721,5,0,5,2,141.4024219,audio,1,21.35618692,Auditory
10,Primary 5,Female,46.97434787,6,1,5,2,163.0527224,audio,0,20.36330688,Auditory
12,Junior Secondary School 3,Male,52.0705868,6,3,3,1,148.0100698,audio,0,25.16371165,Auditory
8,Primary 4,Male,57.49715609,0,6,2,0,132.6598872,text,0,20.27361498,Logical
4,Nursery,Male,79.91513254,1,1,4,1,157.6394754,text,1,28.86317481,Visual
7,Primary 3,Female,58.48465894,3,9,4,1,116.445066,text,0,34.27717896,Kinesthetic
12,Junior Secondary School 3,Female,69.0610089,3,15,4,1,156.5391422,text,0,33.39743447,Kinesthetic
11,Junior Secondary School 2,Female,26.83269537,2,10,5,0,100.1326797,animation,1,39.54418084,Kinesthetic
11,Junior Secondary School 1,Female,73.22346053,1,5,2,0,200.7021948,text,0,17.8704759,Logical
6,Primary 1,Male,33.56958336,3,3,4,1,151.0818504,audio,0,25.52888903,Auditory
6,Primary 2,Male,41.42390116,3,5,4,0,109.360403,animation,1,43.16594828,Kinesthetic
7,Primary 3,Female,80.60119953,2,4,2,1,175.0683326,animation,0,24.81461517,Visual
7,Primary 2,Male,53.70770279,1,7,1,0,169.178387,text,0,16.25979239,Logical
10,Primary 5,Female,47.90601097,5,1,3,2,150.4614817,audio,1,18.58452239,Auditory
10,Primary 5,Female,39.2016218,0,0,1,0,231.588407,text,0,21.61315696,Logical
9,Primary 4,Female,43.09878792,0,1,1,0,183.9075856,text,0,19.14381137,Logical
10,Junior Secondary School 1,Male,28.98090155,4,2,4,1,115.6945498,audio,0,20.03933417,Auditory
12,Junior Secondary School 3,Female,55.30889402,0,5,2,0,164.1089113,text,0,15.26714287,Logical
10,Junior Secondary School 1,Male,86.52647502,0,4,3,1,146.9314627,animation,1,33.67642617,Visual
12,Junior Secondary School 3,Male,61.55060888,2,17,4,1,100.2568852,animation,0,40.90369585,Kinesthetic
12,Junior Secondary School 3,Male,53.45565947,0,3,1,0,166.2562652,text,0,22.62578121,Logical
11,Junior Secondary School 2,Male,74.21022043,0,6,2,0,205.3871559,text,0,14.29228169,Logical
10,Junior Secondary School 1,Female,56.80134015,3,3,1,0,218.042118,text,0,17.91669141,Logical
12,Junior Secondary School 3,Male,41.43627917,3,10,5,0,109.603836,text,0,43.91776815,Kinesthetic
6,Primary 1,Female,26.58444062,6,2,3,2,198.7295206,audio,1,24.24552301,Auditory
9,Primary 4,Female,72.36220196,1,3,2,0,150.2110109,animation,0,33.89172061,Visual
10,Junior Secondary School 1,Male,58.73298387,4,4,6,1,115.9126469,animation,1,41.8161531,Kinesthetic
8,Primary 4,Male,46.09077753,7,1,4,1,160.4736224,audio,1,21.63597077,Auditory
10,Primary 5,Male,64.27686134,3,11,4,1,168.3207785,animation,1,46.22290774,Kinesthetic
6,Primary 1,Male,20.629196,6,5,3,1,155.1997629,audio,1,27.54954335,Auditory
4,Nursery,Male,87.87707892,3,4,4,0,184.6977183,animation,1,29.83648049,Visual
9,Primary 5,Male,61.40967147,2,5,1,0,179.2022243,text,0,18.33115293,Logical
8,Primary 4,Female,74.06144598,0,3,2,0,156.799777,animation,1,33.23317773,Visual
10,Junior Secondary School 1,Male,71.47421975,3,5,1,0,212.2184896,text,0,15.91943712,Logical
10,Junior Secondary School 1,Female,78.42379839,2,5,1,0,229.268728,text,0,20.46751925,Logical
12,Junior Secondary School 3,Male,61.13888846,2,5,4,0,152.2423078,animation,0,25.71607428,Visual
8,Primary 4,Female,34.40148649,1,13,6,1,148.8450817,text,0,44.47149751,Kinesthetic
6,Primary 1,Female,53.74174296,1,6,2,0,166.6419005,text,0,14.4722363,Logical
12,Junior Secondary School 2,Male,91.72414814,2,4,2,0,171.6565474,animation,0,32.58343355,Visual
12,Junior Secondary School 3,Female,29.14671378,3,1,4,2,164.6606601,audio,1,27.1509068,Auditory
9,Primary 4,Male,36.11411811,5,3,4,2,143.1355483,audio,1,23.81246566,Auditory
12,Junior Secondary School 2,Female,51.42915753,4,8,5,1,127.6747545,animation,0,41.25078702,Kinesthetic
6,Primary 1,Male,31.12127852,2,10,7,0,137.0908175,text,1,36.29274716,Kinesthetic
8,Primary 3,Male,63.446564,1,1,1,0,200.8793365,text,0,20.10035421,Logical
10,Junior Secondary School 1,Male,28.91466341,1,13,6,1,118.4967478,text,0,32.10297594,Kinesthetic
12,Junior Secondary School 3,Male,63.6792541,1,6,1,0,190.6638067,text,0,24.23141843,Logical
8,Primary 3,Male,65.80757984,0,3,2,0,192.9339107,text,0,16.36477546,Logical
8,Primary 4,Male,33.75694149,5,1,3,1,141.5576494,audio,0,28.01491573,Auditory
12,Junior Secondary School 3,Female,84.78403078,1,4,4,0,163.9644326,animation,1,21.68492565,Visual
4,Nursery,Female,72.23440692,0,1,2,0,167.4519848,text,0,20.58829082,Logical
6,Primary 2,Male,77.98470229,2,0,4,0,167.6383329,animation,0,28.19698425,Visual
6,Primary 1,Male,75.66598262,0,6,2,0,162.1324304,text,0,22.82628572,Logical
7,Primary 3,Female,76.50722698,1,5,1,0,172.086956,text,0,21.19148779,Logical
6,Primary 1,Female,62.18755663,0,2,1,0,153.2627594,text,0,20.7521172,Logical
7,Primary 3,Female,63.93634113,3,10,4,0,94.73618578,animation,0,34.18096537,Kinesthetic
6,Primary 2,Female,77.67750103,2,1,4,0,164.8251427,animation,1,42.22871686,Visual
12,Junior Secondary School 2,Female,57.71863564,2,14,7,1,142.3784025,animation,1,42.08667265,Kinesthetic
9,Primary 5,Male,36.21147687,1,14,6,0,159.0371752,text,1,46.06268586,Kinesthetic
9,Primary 5,Female,73.21880973,0,0,2,0,157.081905,animation,1,23.32902929,Visual
5,Primary 1,Female,51.59215667,5,4,3,1,141.7850807,audio,0,23.66814745,Auditory
8,Primary 3,Male,34.96487252,5,3,5,2,171.9205219,audio,0,22.99852765,Auditory
10,Primary 5,Female,67.0623435,0,3,4,0,163.7428769,animation,1,26.55652623,Visual
10,Junior Secondary School 1,Male,83.8884817,2,3,3,0,165.2302095,text,0,32.73243468,Visual
6,Primary 2,Male,24.58951775,5,3,3,2,213.9241894,audio,0,21.15848181,Auditory
5,Nursery,Male,68.84571159,3,1,3,2,181.2496223,audio,1,38.21406556,Auditory
5,Primary 1,Female,68.95816037,1,5,4,1,197.8710785,animation,1,30.15728853,Visual
10,Junior Secondary School 1,Male,53.88606069,0,1,2,0,168.6965299,text,0,19.89952835,Logical
7,Primary 2,Female,31.48217102,1,1,5,2,110.2029416,audio,1,21.40369833,Auditory
8,Primary 4,Male,17.82285819,8,2,3,2,170.7057865,audio,0,26.94429588,Auditory
7,Primary 2,Male,52.49600943,3,11,4,0,105.3058795,text,0,46.76602714,Kinesthetic
12,Junior Secondary School 2,Female,24.72804263,11,2,5,1,131.8177613,audio,1,31.65164126,Auditory
7,Primary 2,Male,43.96711276,4,11,7,1,138.3078592,text,0,53.95173858,Kinesthetic
7,Primary 3,Female,41.57329431,1,9,1,0,210.0152345,text,0,18.36499245,Logical
9,Primary 5,Female,55.24435941,0,4,1,0,238.9412834,text,0,22.90484584,Logical
8,Primary 4,Female,35.30662003,5,1,4,1,179.9401803,audio,1,22.96601132,Auditory
4,Nursery,Female,92.79186384,1,5,4,1,182.7357873,animation,0,30.10313805,Visual
8,Primary 3,Male,56.93172294,6,2,3,1,144.6139184,audio,0,29.75400655,Auditory
9,Primary 5,Male,53.76917592,1,13,4,1,151.8237248,text,0,34.28213496,Kinesthetic
6,Primary 1,Male,81.02214232,1,2,3,0,166.1490218,text,1,31.06909807,Visual
9,Primary 4,Female,51.58852821,2,1,5,1,148.5888922,audio,0,21.64738502,Auditory
10,Primary 5,Female,47.33573396,3,6,4,0,106.5904748,text,0,39.27145877,Kinesthetic
10,Junior Secondary School 1,Female,84.15849787,2,4,1,0,224.5919406,text,0,16.22380233,Logical
5,Primary 1,Male,26.48480712,3,7,7,0,112.6677431,text,0,36.57366643,Kinesthetic
9,Primary 5,Male,56.30079432,9,1,5,2,173.2267929,audio,1,26.00617918,Auditory
5,Primary 1,Female,88.40816394,2,2,3,1,164.7667372,animation,1,25.73410348,Visual
10,Primary 5,Female,33.63437458,9,4,5,2,144.3431638,audio,0,23.97750357,Auditory
8,Primary 4,Male,79.182303,1,3,4,0,146.2965591,animation,0,29.10655301,Visual
5,Primary 1,Female,53.602393,8,1,3,1,101.3204867,audio,0,23.02296588,Auditory
10,Primary 5,Male,99.0636936,0,4,3,1,137.1547299,animation,0,30.3847849,Visual
9,Primary 4,Female,65.94628913,7,1,4,2,206.8582161,audio,0,24.07718692,Auditory
8,Primary 3,Male,45.44113653,8,2,3,2,175.2289561,audio,1,20.9186292,Auditory
6,Primary 1,Male,53.28309775,8,6,3,1,124.3801346,audio,1,29.06191938,Auditory
6,Primary 1,Female,33.28153267,0,8,4,0,129.0200283,text,0,41.81597414,Kinesthetic
6,Primary 1,Female,82.985081,1,1,4,0,181.9186957,animation,0,40.49642207,Visual
10,Primary 5,Male,19.04634559,4,4,5,2,178.8034025,audio,1,25.34809605,Auditory
9,Primary 4,Male,52.36421612,1,4,1,0,181.7700449,text,0,16.67530291,Logical
12,Junior Secondary School 2,Male,47.52777254,3,8,5,0,149.1260702,animation,0,37.67194595,Kinesthetic
9,Primary 5,Female,73.25198436,0,3,4,1,178.509303,text,0,25.97129964,Visual
7,Primary 3,Female,84.80936602,0,3,4,0,174.1457662,text,0,29.7538024,Visual
5,Nursery,Female,94.05351616,0,1,4,0,139.6094082,animation,0,23.14881161,Visual
10,Junior Secondary School 1,Female,85.60280746,2,3,2,1,150.8444402,animation,0,24.10774065,Visual
6,Primary 1,Female,77.85014826,0,1,3,0,141.9896233,animation,0,32.25962846,Visual
7,Primary 3,Female,83.85356455,1,4,2,0,166.578161,animation,0,25.67080773,Visual
12,Junior Secondary School 3,Female,28.06487363,4,5,4,1,163.3222522,audio,0,19.66128856,Auditory
11,Junior Secondary School 2,Male,29.74592266,5,1,5,1,179.0972073,audio,0,25.33417987,Auditory
10,Junior Secondary School 1,Female,30.79003837,5,1,4,2,182.8819911,audio,0,24.18301409,Auditory
12,Junior Secondary School 3,Female,53.25410213,4,12,4,0,173.9641338,animation,0,40.6308819,Kinesthetic
9,Primary 5,Female,88.83443789,0,4,2,1,165.8867897,animation,0,25.77530856,Visual
9,Primary 5,Male,44.3120531,9,1,3,2,136.2465445,audio,0,20.19938601,Auditory
7,Primary 2,Female,37.22698658,8,2,4,1,114.7782382,audio,0,28.3419478,Auditory
12,Junior Secondary School 2,Male,83.51596642,0,10,6,0,119.904471,animation,0,34.28499952,Kinesthetic
12,Junior Secondary School 2,Male,63.65179507,1,6,1,0,232.3943034,text,0,12.86040838,Logical
6,Primary 2,Female,61.48224658,1,1,1,0,160.2437736,text,0,20.03886077,Logical
7,Primary 2,Female,47.65574153,0,7,1,0,173.2368234,text,0,17.87073655,Logical
6,Primary 2,Male,54.92473569,0,3,2,0,155.7599465,text,0,18.94098958,Logical
9,Primary 5,Male,40.77428363,0,9,5,0,170.715734,animation,0,44.24939165,Kinesthetic
8,Primary 3,Female,54.3568012,4,11,7,0,162.7866482,text,1,40.49254171,Kinesthetic
8,Primary 4,Female,104.2467057,0,1,4,1,90.08724727,animation,1,28.29507995,Visual
12,Junior Secondary School 3,Female,47.23719799,2,10,7,0,146.5346961,text,1,32.29168193,Kinesthetic
7,Primary 2,Female,68.23730274,4,6,5,2,178.806379,audio,0,22.98045175,Auditory
10,Primary 5,Male,62.52018417,5,3,4,0,118.2144453,animation,0,44.91656969,Kinesthetic
8,Primary 3,Female,57.11248336,0,2,1,0,177.9711379,text,0,19.84598325,Logical
6,Primary 2,Male,62.31017978,2,11,4,0,74.41995114,animation,0,47.91915899,Kinesthetic
12,Junior Secondary School 2,Male,37.532856,12,1,3,2,146.5295938,audio,1,23.78340207,Auditory
8,Primary 3,Male,118.8577953,0,2,4,0,129.0986206,text,1,33.7193436,Visual
12,Junior Secondary School 3,Female,50.84920292,0,7,5,1,116.0552083,animation,1,32.87437258,Kinesthetic
12,Junior Secondary School 3,Female,51.2116698,2,1,5,2,130.1527515,audio,0,20.57599295,Auditory
11,Junior Secondary School 2,Female,65.05897608,0,2,2,0,144.110069,text,0,19.72111978,Logical
10,Primary 5,Male,83.45369923,0,2,2,1,161.1837106,animation,1,33.53755497,Visual
8,Primary 3,Male,60.82715563,2,10,6,0,104.7310632,text,1,42.9613305,Kinesthetic
7,Primary 3,Female,69.78328971,0,3,2,0,143.7924676,text,0,24.49141393,Visual
12,Junior Secondary School 3,Male,45.56315171,2,4,5,2,169.8578637,audio,1,21.39692057,Auditory
6,Primary 1,Female,46.37223923,2,6,4,0,134.4544195,animation,0,50.3066804,Kinesthetic
11,Junior Secondary School 1,Female,79.49653125,0,8,4,1,168.8401282,animation,1,40.47906068,Kinesthetic
7,Primary 2,Male,55.16230009,4,10,4,1,119.5023883,text,1,40.51637705,Kinesthetic
12,Junior Secondary School 3,Female,75.92333146,1,3,1,0,115.2327348,text,0,20.1330477,Logical
10,Primary 5,Male,58.82167979,0,2,2,0,217.2187296,text,0,16.37102762,Logical
11,Junior Secondary School 1,Female,35.52736195,4,2,3,2,107.4455327,audio,0,23.24945602,Auditory
9,Primary 4,Female,79.42845074,1,2,3,1,166.5849011,animation,1,35.76238286,Visual
10,Primary 5,Male,56.1388311,0,5,2,0,197.2529201,text,0,20.08523682,Logical
4,Nursery,Female,72.09446587,2,8,7,1,148.4753535,animation,1,39.3703971,Kinesthetic
6,Primary 2,Female,48.30930122,4,3,3,2,175.0001226,audio,0,26.36484687,Auditory
11,Junior Secondary School 1,Male,31.0908591,5,2,3,1,185.0984469,audio,0,20.73505712,Auditory
11,Junior Secondary School 2,Male,81.26375862,1,6,4,0,174.8680468,text,1,24.56067598,Visual
8,Primary 4,Female,77.30055248,1,9,5,1,134.841899,animation,0,42.97043538,Kinesthetic
10,Junior Secondary School 1,Female,47.22943185,2,9,1,0,156.7772823,text,0,18.83901955,Logical
5,Primary 1,Male,30.76779262,3,0,3,2,182.3634882,audio,1,23.48702734,Auditory
9,Primary 5,Female,90.16403739,2,6,4,1,122.5839405,text,1,25.46657909,Visual
11,Junior Secondary School 1,Female,71.6760183,3,15,6,1,92.35033698,animation,1,42.30085445,Kinesthetic
8,Primary 3,Male,59.33331511,2,4,1,0,188.7867778,text,0,16.86608795,Logical
12,Junior Secondary School 2,Male,80.07154888,1,4,2,0,114.6634093,animation,0,29.077951,Visual
12,Junior Secondary School 2,Female,88.17560205,3,0,2,0,128.7501183,text,1,25.4472864,Visual
10,Primary 5,Female,105.7873823,2,1,2,1,116.4177775,animation,1,25.56572543,Visual
6,Primary 2,Male,55.85173885,1,7,5,1,107.0099643,text,1,39.96202661,Kinesthetic
10,Junior Secondary School 1,Male,46.01791734,2,14,4,0,121.9547338,animation,1,43.28905386,Kinesthetic
7,Primary 3,Male,44.54965639,3,3,5,2,184.1204699,audio,1,28.05064075,Auditory
10,Primary 5,Female,39.86323111,3,13,5,0,135.0627107,animation,0,42.30390218,Kinesthetic
9,Primary 5,Female,101.4247926,0,2,2,0,139.0661489,animation,1,20.0442754,Visual
6,Primary 1,Female,83.29642914,1,1,3,1,156.0295408,animation,0,17.90479475,Visual
12,Junior Secondary School 3,Male,71.59218557,1,2,2,0,158.2918868,text,0,18.95953893,Logical
4,Nursery,Male,56.78320526,0,8,4,0,140.7721003,text,1,38.11363207,Kinesthetic
6,Primary 1,Female,36.91631329,0,5,2,0,238.4855051,text,0,17.76666306,Logical
9,Primary 4,Male,86.29223829,2,3,3,0,152.2387631,animation,0,36.52594482,Visual
12,Junior Secondary School 2,Male,78.04702662,1,6,2,0,145.6528294,animation,0,29.59931792,Visual
12,Junior Secondary School 2,Female,40.67473006,0,9,5,0,114.2342813,animation,1,40.90598502,Kinesthetic
12,Junior Secondary School 3,Female,55.80127625,1,3,1,0,218.0901231,text,0,15.36209985,Logical
5,Nursery,Female,75.17348407,1,1,3,0,167.1888148,text,1,24.15812772,Visual
12,Junior Secondary School 2,Female,85.14385155,3,4,3,1,144.3230716,animation,0,31.31901839,Visual
9,Primary 4,Female,72.35793602,0,5,2,0,159.8022911,text,0,21.48532831,Logical
5,Primary 1,Male,43.18182711,1,7,2,0,154.4051138,text,0,13.10974936,Logical
7,Primary 3,Female,53.65266953,2,6,4,0,130.4644009,animation,1,34.26712154,Kinesthetic
12,Junior Secondary School 3,Male,17.57079907,1,14,4,0,116.4096225,text,1,39.11067392,Kinesthetic
9,Primary 5,Female,53.68393152,0,2,1,0,191.280277,text,0,19.74149181,Logical
8,Primary 4,Male,46.5605313,2,8,4,0,154.946943,animation,1,32.09579258,Kinesthetic
12,Junior Secondary School 3,Female,86.81133997,1,2,2,1,169.9565034,animation,0,15.47823823,Visual
4,Nursery,Male,53.31351185,6,1,4,2,181.5242603,audio,1,20.06567727,Auditory
6,Primary 1,Female,29.42091408,5,0,5,2,139.2499443,audio,0,23.1511951,Auditory
11,Junior Secondary School 1,Female,42.12274021,4,11,4,0,107.4538858,text,0,46.27769181,Kinesthetic
11,Junior Secondary School 1,Female,72.13439927,0,5,1,0,201.1702922,text,0,19.75494503,Logical
10,Primary 5,Male,84.9711382,1,3,2,1,146.2156755,text,0,28.26229497,Visual
9,Primary 4,Male,54.15074463,2,11,4,0,145.3721222,text,1,37.39453805,Kinesthetic
5,Nursery,Female,53.98131925,1,7,2,0,216.9288939,text,0,19.87212897,Logical
10,Junior Secondary School 1,Male,82.6046538,1,1,3,1,117.2833036,animation,0,33.8847761,Visual
11,Junior Secondary School 2,Male,49.46242874,3,3,4,2,132.2678973,audio,1,26.09467609,Auditory
12,Junior Secondary School 3,Female,78.55387734,2,2,2,0,152.7893123,text,0,18.00983421,Logical
10,Primary 5,Female,43.5745814,6,2,3,2,174.7410055,audio,1,16.37698765,Auditory
9,Primary 5,Male,33.68739498,2,2,5,2,149.7346004,audio,0,22.83568238,Auditory
4,Nursery,Female,46.52318678,4,1,4,1,185.9731614,audio,1,27.86689789,Auditory
8,Primary 3,Female,85.04104629,1,1,2,0,147.1712919,animation,0,31.07474718,Visual
10,Junior Secondary School 1,Female,24.48865099,10,3,3,1,139.7940582,audio,1,27.3049652,Auditory
8,Primary 3,Male,44.22123458,4,9,6,1,127.8844296,animation,1,36.90377437,Kinesthetic
9,Primary 5,Male,63.17448611,1,2,2,0,184.1788125,text,0,20.62333495,Logical
8,Primary 4,Male,62.50536988,2,3,2,0,155.3360194,text,0,23.85917023,Logical
5,Nursery,Male,35.88907344,3,3,3,2,188.5762453,audio,0,19.69992441,Auditory
9,Primary 5,Female,93.79604149,1,7,6,1,139.166964,text,0,34.5958852,Kinesthetic
8,Primary 4,Female,69.44190312,0,1,2,0,160.0927841,animation,0,31.29820534,Visual
7,Primary 3,Male,55.44020079,1,3,2,0,180.4406998,text,0,23.15704756,Logical
12,Junior Secondary School 2,Female,35.81294121,1,3,6,0,132.4552943,animation,0,36.40182113,Kinesthetic
9,Primary 5,Female,49.56393052,3,9,4,0,89.95237445,animation,1,48.1211175,Kinesthetic
10,Junior Secondary School 1,Male,52.72493922,0,6,1,0,186.8144531,text,0,18.15144918,Logical
5,Primary 1,Male,44.22030459,7,1,4,1,172.0373572,audio,0,20.41064619,Auditory
6,Primary 1,Male,44.31059219,2,11,6,1,95.05850314,text,0,38.19203863,Kinesthetic
12,Junior Secondary School 3,Female,30.11946879,7,2,4,1,157.9675027,audio,0,27.42033314,Auditory
9,Primary 5,Female,49.71836793,4,2,3,2,140.8928788,audio,0,25.92737489,Auditory
6,Primary 2,Female,38.00150463,1,6,4,1,170.9802733,text,0,39.37660173,Kinesthetic
9,Primary 4,Female,62.81396758,1,3,2,0,156.4563139,text,0,15.03583848,Logical
9,Primary 5,Male,89.72747223,1,3,4,1,134.3930225,animation,1,36.59654207,Visual
11,Junior Secondary School 1,Female,61.08069235,1,5,1,0,181.3318477,text,0,23.25698596,Logical
8,Primary 4,Male,35.91164497,7,3,4,1,110.4590644,audio,0,24.6415537,Auditory
11,Junior Secondary School 2,Female,36.02040852,5,1,3,1,142.5856637,audio,1,28.15649372,Auditory
6,Primary 1,Male,49.95657955,1,11,7,0,134.6003325,text,1,47.17180494,Kinesthetic
5,Primary 1,Male,100.4676476,3,1,4,1,155.0404566,animation,1,26.06502822,Visual
4,Nursery,Female,28.63597338,4,1,5,1,185.5242448,audio,0,19.69307739,Auditory
12,Junior Secondary School 2,Male,82.8928374,0,7,3,1,166.4846191,text,1,25.39644126,Visual
12,Junior Secondary School 3,Female,87.50707746,0,3,2,1,157.3820343,animation,1,25.17052659,Visual
5,Nursery,Female,50.89129856,4,1,3,2,157.1492092,audio,0,18.4079444,Auditory
5,Primary 1,Male,81.12596232,0,1,3,0,187.9230192,animation,1,30.72428605,Visual
9,Primary 5,Female,55.9169206,5,9,4,1,112.8940468,text,0,47.23793744,Kinesthetic
7,Primary 3,Male,57.81008683,0,1,2,0,160.6912872,text,0,21.40537981,Logical
6,Primary 2,Female,32.72306058,4,0,5,2,175.2935501,audio,0,25.64879557,Auditory
11,Junior Secondary School 2,Female,78.33625148,1,4,2,1,156.8992973,animation,1,26.74310937,Visual
4,Nursery,Male,86.47225011,1,7,4,1,143.6992183,animation,1,34.39550003,Visual
5,Primary 1,Female,74.84923451,3,3,3,0,152.0822926,text,0,26.53752751,Visual
12,Junior Secondary School 3,Male,49.8863578,3,13,4,0,138.9236841,text,1,33.13184945,Kinesthetic
4,Nursery,Female,77.41912244,0,3,1,0,136.1564492,text,0,25.1785316,Logical
7,Primary 2,Female,73.79818515,1,2,3,1,150.595242,animation,0,16.92879056,Visual
11,Junior Secondary School 1,Male,74.42037019,3,2,3,0,160.5167417,animation,1,24.37355175,Visual
10,Primary 5,Female,76.01307429,0,3,3,0,159.5742958,animation,1,34.30063121,Visual
11,Junior Secondary School 2,Female,89.2549735,0,6,6,1,93.98518199,text,0,41.74703101,Kinesthetic
4,Nursery,Female,49.13123306,1,0,5,2,141.7730149,audio,0,22.58752912,Auditory
11,Junior Secondary School 1,Male,57.16196533,1,15,4,0,102.0265219,text,1,44.90594048,Kinesthetic
6,Primary 1,Female,49.39702924,1,5,2,0,143.0743917,text,0,23.88128172,Logical
8,Primary 4,Female,40.93821063,7,2,4,2,145.3623238,audio,0,25.48587907,Auditory
5,Nursery,Male,33.63700089,3,2,5,2,151.9591747,audio,0,24.53939947,Auditory
6,Primary 2,Female,24.31921591,4,2,5,2,96.17160354,audio,1,28.29078626,Auditory
8,Primary 3,Female,57.77215866,2,11,6,1,164.0771035,text,1,35.10416601,Kinesthetic
12,Junior Secondary School 3,Female,57.52205633,9,3,3,2,157.6091251,audio,1,22.99512307,Auditory
10,Junior Secondary School 1,Female,86.31228119,0,1,4,1,131.026403,animation,0,34.0603724,Visual
5,Nursery,Female,56.35670054,4,15,7,0,93.36425961,text,0,33.89751891,Kinesthetic
12,Junior Secondary School 3,Male,66.89644805,2,13,7,0,144.131542,text,0,39.97902765,Kinesthetic
4,Nursery,Male,99.03177769,1,6,4,0,171.8208407,animation,1,34.9955026,Visual
10,Junior Secondary School 1,Male,74.42501765,2,2,3,1,149.399632,text,0,32.05780414,Visual
12,Junior Secondary School 3,Male,65.80069125,2,6,2,0,178.8112464,text,0,17.13685525,Logical
12,Junior Secondary School 3,Male,92.69303627,2,2,2,0,162.515511,text,1,23.88208649,Visual
5,Primary 1,Female,40.1071482,1,4,6,0,83.87034148,animation,0,45.451059,Kinesthetic
5,Primary 1,Female,53.3193567,3,9,7,0,129.4888975,text,0,36.1401412,Kinesthetic
6,Primary 2,Female,37.3800883,9,2,4,2,122.7027578,audio,1,30.2064585,Auditory
11,Junior Secondary School 1,Female,98.88296525,1,1,3,1,131.0073376,text,0,31.86543652,Visual
8,Primary 3,Male,54.64689485,0,4,2,0,172.9496295,text,0,15.93485998,Logical
8,Primary 4,Male,42.11010865,3,11,4,1,121.418041,text,0,48.88366733,Kinesthetic
5,Nursery,Male,40.09038819,3,2,3,1,177.6280571,audio,1,23.43907723,Auditory
6,Primary 2,Female,50.99700627,1,9,7,0,108.8099894,text,1,40.31938395,Kinesthetic
7,Primary 3,Female,34.86283265,3,2,3,2,206.3851677,audio,0,24.92956777,Auditory
10,Junior Secondary School 1,Male,50.77064129,1,8,5,0,100.7667538,text,1,41.2341335,Kinesthetic
11,Junior Secondary School 1,Male,53.68034303,4,2,4,1,136.8898146,audio,1,25.6824687,Auditory
12,Junior Secondary School 3,Male,58.32406322,0,5,1,0,184.7221115,text,0,20.708787,Logical
12,Junior Secondary School 3,Female,46.0816816,1,5,2,0,149.822345,text,0,10.26130164,Logical
6,Primary 2,Female,54.47119783,2,2,2,0,152.2186443,text,0,23.59173535,Logical
12,Junior Secondary School 3,Female,82.53394078,1,7,3,0,174.2181614,animation,0,29.45743844,Visual
9,Primary 4,Male,54.62751098,0,14,7,0,154.1718639,animation,1,33.34552793,Kinesthetic
6,Primary 2,Male,42.24762244,0,6,7,0,130.9631654,animation,1,41.99427908,Kinesthetic
7,Primary 3,Male,74.54788834,1,5,3,0,154.1489896,animation,0,33.81767128,Visual
7,Primary 2,Female,52.70316051,1,0,1,0,210.8280514,text,0,25.0961194,Logical
4,Nursery,Male,90.95826076,2,5,3,0,164.9007249,animation,0,26.57385599,Visual
12,Junior Secondary School 3,Male,67.40838219,2,2,2,0,166.1880973,animation,0,28.81532282,Visual
4,Nursery,Female,42.17667844,2,9,6,0,171.5637389,animation,0,25.41494253,Kinesthetic
4,Nursery,Male,50.76133219,2,2,5,1,208.9313441,audio,0,26.99274818,Auditory
11,Junior Secondary School 1,Male,87.31618533,1,10,7,0,129.0646773,text,1,47.82498181,Kinesthetic
8,Primary 4,Male,44.93591323,3,8,5,0,155.6071107,animation,1,38.71751518,Kinesthetic
6,Primary 2,Male,42.9758874,1,16,4,0,123.151492,text,1,31.22356261,Kinesthetic
8,Primary 4,Male,35.96254572,3,8,6,1,160.6613381,animation,0,38.57751989,Kinesthetic
5,Nursery,Male,36.63792657,9,3,3,1,147.7430822,audio,0,21.97443645,Auditory
12,Junior Secondary School 2,Male,27.71951868,0,9,5,1,134.2544948,animation,0,46.3015529,Kinesthetic
9,Primary 5,Female,67.51929846,1,7,5,0,120.5552118,animation,0,42.60107324,Kinesthetic
12,Junior Secondary School 2,Female,44.06798647,2,13,4,0,223.6344807,text,0,43.4963274,Kinesthetic
10,Primary 5,Female,93.78716827,3,4,3,1,126.9409881,animation,1,34.77244172,Visual
10,Junior Secondary School 1,Female,23.82561946,4,0,4,1,188.5148332,audio,1,26.55404903,Auditory
6,Primary 1,Female,95.3948375,1,5,2,1,163.1995222,animation,1,39.50130783,Visual
9,Primary 5,Female,70.96661469,1,2,1,0,164.5431087,text,0,24.54887095,Logical
10,Junior Secondary School 1,Female,68.55475981,2,2,2,0,141.1689695,text,0,16.31886817,Logical
6,Primary 2,Male,78.82057171,5,9,7,1,155.517715,animation,1,32.61206763,Kinesthetic
11,Junior Secondary School 2,Female,65.52365392,1,4,1,0,200.1048021,text,0,17.65459149,Logical
12,Junior Secondary School 2,Male,66.08985576,0,1,3,1,144.0025489,animation,1,28.12880801,Visual
6,Primary 1,Male,56.51336421,1,10,5,0,89.65039084,animation,0,49.13855293,Kinesthetic
9,Primary 4,Male,50.43875107,1,2,2,0,196.2617105,text,0,19.31044153,Logical
11,Junior Secondary School 2,Male,40.29696584,8,0,5,1,217.8603641,audio,0,28.35602256,Auditory
12,Junior Secondary School 2,Male,85.51888358,0,6,2,0,180.6889625,text,0,29.44745684,Visual
8,Primary 4,Female,37.90204146,9,0,4,1,192.0998324,audio,0,22.42017781,Auditory
8,Primary 3,Male,56.29323519,0,5,1,0,158.6788145,text,0,19.17176458,Logical
9,Primary 4,Female,83.00859655,2,5,4,0,140.2860659,animation,1,31.41302584,Visual
12,Junior Secondary School 2,Female,31.29971586,1,7,7,0,145.159307,text,1,34.83319454,Kinesthetic
11,Junior Secondary School 1,Male,66.38148339,1,5,2,0,149.9910581,text,0,19.56216151,Logical
12,Junior Secondary School 3,Female,73.14072435,1,9,7,1,141.9584394,animation,1,43.26974772,Kinesthetic
12,Junior Secondary School 2,Female,49.31719993,1,2,1,0,192.1553642,text,0,20.45500731,Logical
6,Primary 2,Male,86.64432632,1,6,2,1,145.037299,animation,0,34.25882901,Visual
9,Primary 4,Female,77.05526219,0,2,4,0,153.4531153,text,0,28.59456309,Visual
8,Primary 4,Male,42.90888942,5,1,3,1,128.1807956,audio,0,19.46216818,Auditory
10,Primary 5,Female,60.91693236,3,6,4,0,119.9698622,animation,0,36.90056252,Kinesthetic
6,Primary 1,Female,63.01123083,1,6,7,0,151.5361031,text,1,30.27521006,Kinesthetic
4,Nursery,Female,59.52614245,0,6,2,0,154.8213469,text,0,18.71357417,Logical
11,Junior Secondary School 2,Female,63.37378809,0,3,2,0,180.1029561,text,0,18.86304295,Logical
12,Junior Secondary School 3,Female,49.12635205,4,0,5,1,145.1556544,audio,0,27.28832664,Auditory
10,Primary 5,Male,39.00721356,1,12,6,1,115.9835143,animation,0,34.17939006,Kinesthetic
11,Junior Secondary School 2,Female,46.23277459,1,5,2,0,131.7929696,text,0,20.1019961,Logical
11,Junior Secondary School 1,Female,59.17741338,5,13,6,0,92.01600513,text,1,41.70521438,Kinesthetic
12,Junior Secondary School 3,Female,48.41936341,5,4,3,2,199.6627477,audio,0,25.4600208,Auditory
5,Primary 1,Female,57.43319869,0,4,2,0,119.3985923,text,0,19.41614946,Logical
6,Primary 2,Female,86.24241229,2,3,3,1,161.870297,text,1,26.94556104,Visual
11,Junior Secondary School 1,Male,38.83528002,7,3,3,1,161.1949479,audio,0,25.89226261,Auditory
11,Junior Secondary School 1,Female,56.58330241,3,10,5,0,129.0361123,animation,0,40.85078513,Kinesthetic
7,Primary 2,Female,38.85809036,2,12,6,1,140.7161787,animation,0,44.43727555,Kinesthetic
5,Nursery,Female,38.71712696,8,2,5,2,151.2939727,audio,1,18.32896988,Auditory
12,Junior Secondary School 2,Female,53.12351462,2,5,2,0,164.7358929,text,0,14.47945906,Logical
12,Junior Secondary School 3,Female,60.07959833,3,9,4,1,172.9298461,animation,1,35.29007948,Kinesthetic
10,Junior Secondary School 1,Male,72.97206165,2,6,3,0,105.5696466,animation,1,34.75100353,Visual
12,Junior Secondary School 2,Female,31.48664409,5,1,3,1,149.4007826,audio,0,16.27074918,Auditory
9,Primary 5,Male,81.26303559,0,3,2,1,170.2517135,animation,0,37.13646437,Visual
6,Primary 1,Male,81.68153913,4,3,4,0,158.6400428,animation,1,17.30405363,Visual
12,Junior Secondary School 3,Female,53.05376417,5,1,3,2,141.8753979,audio,0,18.98545549,Auditory
9,Primary 5,Male,94.94629833,0,2,2,1,173.5489125,animation,0,32.85058211,Visual
6,Primary 2,Female,47.01177621,0,3,2,0,165.418135,text,0,20.20096325,Logical
5,Nursery,Female,71.92734906,1,6,2,0,175.8727346,text,0,16.76434564,Logical
9,Primary 4,Male,90.79213441,1,4,3,0,123.4605144,text,1,22.18207635,Visual
12,Junior Secondary School 3,Male,75.16055478,1,3,2,1,134.6487927,animation,0,41.25442292,Visual
12,Junior Secondary School 2,Female,50.57897382,1,10,4,0,137.8607941,animation,1,36.57293052,Kinesthetic
8,Primary 4,Female,93.67389085,1,5,2,1,147.1189428,animation,1,29.36003451,Visual
10,Junior Secondary School 1,Male,63.22852281,4,3,4,1,157.1524195,animation,1,31.18278109,Visual
6,Primary 1,Female,44.10693097,1,2,4,1,107.2978109,text,0,37.2963507,Kinesthetic
6,Primary 1,Female,82.71617905,2,8,7,0,141.2881522,text,0,37.8816325,Kinesthetic
5,Nursery,Female,51.2468659,1,10,6,1,136.8800621,text,0,41.04911452,Kinesthetic
12,Junior Secondary School 2,Male,77.04638345,0,6,1,0,181.1017836,text,0,19.45794693,Logical
8,Primary 4,Male,75.66542626,1,3,3,0,130.706229,animation,1,34.03873761,Visual
6,Primary 2,Female,81.12243558,0,2,4,0,127.2416035,text,1,25.69616742,Visual
8,Primary 4,Male,36.54639522,5,1,3,2,145.8387849,audio,0,27.44519587,Auditory
12,Junior Secondary School 3,Female,47.71511968,8,2,5,1,146.2798357,audio,1,21.72518775,Auditory
5,Primary 1,Female,60.86195325,2,3,4,0,141.6996001,animation,0,39.78001315,Kinesthetic
11,Junior Secondary School 1,Male,72.31348946,2,6,2,0,200.0419872,text,0,28.15495041,Logical
10,Primary 5,Female,71.37809131,1,6,1,0,192.9996194,text,0,21.00573243,Logical
12,Junior Secondary School 3,Female,79.37826068,0,3,3,1,136.7550102,animation,0,27.00263778,Visual
6,Primary 1,Female,35.13053404,6,1,3,1,102.3062872,audio,1,25.24848402,Auditory
7,Primary 2,Male,66.84839855,1,3,2,0,171.6399617,text,0,19.31145744,Logical
9,Primary 5,Female,63.75949518,2,4,2,0,158.0394607,text,0,20.34854688,Logical
10,Junior Secondary School 1,Female,53.72645283,4,9,7,1,103.9267261,text,1,38.00711609,Kinesthetic
5,Nursery,Male,45.74016011,2,2,5,2,105.1232411,audio,0,18.17649467,Auditory
6,Primary 2,Male,37.18066227,5,2,3,2,156.4292454,audio,0,23.11912353,Auditory
8,Primary 3,Male,88.04088562,3,4,4,0,132.2672237,animation,0,33.48068839,Visual
6,Primary 2,Male,50.5025691,2,9,6,1,96.84000904,animation,1,53.99270621,Kinesthetic
8,Primary 3,Female,79.20361549,3,7,5,1,125.995215,text,0,44.82567141,Kinesthetic
6,Primary 2,Male,45.85595412,3,18,4,1,174.0856991,text,0,40.29777169,Kinesthetic
12,Junior Secondary School 3,Female,74.14431565,0,3,1,0,196.7105427,text,0,15.38004809,Logical
6,Primary 2,Female,69.53179812,1,4,1,0,128.7200485,text,0,15.28148062,Logical
5,Nursery,Female,100.0821826,3,5,4,0,161.0799086,animation,0,33.98879493,Visual
10,Primary 5,Female,91.33094524,1,1,4,1,126.6159795,animation,0,28.61417941,Visual
8,Primary 4,Male,34.3908398,0,7,5,0,103.8464,text,1,38.06754355,Kinesthetic
11,Junior Secondary School 2,Male,45.51318418,4,5,4,1,126.126162,audio,1,31.18996924,Auditory
7,Primary 3,Female,84.15151527,1,3,4,0,151.4769939,animation,1,26.37881169,Visual
9,Primary 4,Female,93.21488859,1,0,4,1,148.34964,animation,0,27.6842486,Visual
10,Primary 5,Male,94.80661248,0,3,4,1,140.1545603,animation,0,28.87621115,Visual
12,Junior Secondary School 3,Female,47.60331125,4,2,6,1,144.6355245,animation,1,50.51433844,Kinesthetic
10,Primary 5,Male,65.73566066,0,6,3,0,161.8407425,animation,1,29.50432436,Visual
11,Junior Secondary School 1,Male,69.25569958,0,7,2,0,112.5559722,text,0,22.80451665,Logical
7,Primary 2,Female,31.39240765,6,1,4,1,127.2366014,audio,0,28.91045438,Auditory
10,Primary 5,Male,83.51690013,2,1,3,0,156.3611663,animation,0,24.06898326,Visual
12,Junior Secondary School 2,Female,34.06160941,8,1,5,2,217.0346793,audio,1,24.11547467,Auditory
5,Primary 1,Male,92.99757112,0,2,3,1,179.2631916,animation,1,40.9314121,Visual
4,Nursery,Male,67.92389209,1,4,2,0,152.0167391,text,0,20.18940993,Logical
5,Nursery,Male,52.5554501,2,12,7,0,169.8283485,text,1,41.36120992,Kinesthetic
12,Junior Secondary School 3,Male,41.2862807,6,1,3,2,158.7498179,audio,0,30.65810376,Auditory
12,Junior Secondary School 2,Female,71.18284982,0,3,2,1,128.2620118,animation,0,31.07406388,Visual
12,Junior Secondary School 2,Female,71.45677752,1,11,7,0,146.7031493,animation,0,25.70992813,Kinesthetic
7,Primary 3,Male,38.62368129,10,0,4,1,180.464207,audio,1,23.37894889,Auditory
11,Junior Secondary School 2,Female,62.07652199,1,9,1,0,191.7430303,text,0,14.73473078,Logical
12,Junior Secondary School 3,Male,78.39841239,0,1,2,1,169.2605877,animation,1,28.78225081,Visual
12,Junior Secondary School 2,Female,78.31377137,2,4,2,0,122.0939906,text,1,31.19694684,Visual
9,Primary 5,Female,73.30187237,2,8,6,0,80.42518332,text,0,34.58817669,Kinesthetic
6,Primary 1,Male,68.88778558,2,2,2,0,226.9798787,text,0,18.53756121,Logical
6,Primary 1,Male,54.75620128,1,6,2,0,172.2703308,text,0,10.26008486,Logical
11,Junior Secondary School 1,Male,67.50001396,2,6,1,0,160.565417,text,0,23.33114348,Logical
10,Primary 5,Male,61.82999352,1,6,4,0,162.7661848,animation,0,24.54380791,Visual
7,Primary 3,Female,52.9037256,2,9,7,0,171.6673697,text,1,42.8206172,Kinesthetic
11,Junior Secondary School 1,Male,18.84099769,7,1,4,2,132.248983,audio,0,20.67300609,Auditory
4,Nursery,Female,67.70334664,0,4,3,0,128.1930561,animation,1,24.38374462,Visual
12,Junior Secondary School 3,Male,62.29143205,2,1,1,0,240.9478463,text,0,21.81353719,Logical
11,Junior Secondary School 2,Male,81.96503785,1,5,4,1,146.7561887,animation,1,24.80385442,Visual
6,Primary 1,Female,45.63706146,2,13,7,1,143.28893,animation,1,35.25132233,Kinesthetic
11,Junior Secondary School 1,Female,50.27318413,8,3,4,1,163.5163374,audio,0,21.95743649,Auditory
10,Junior Secondary School 1,Female,17.02926933,4,3,5,2,143.5276002,audio,1,24.13373064,Auditory
9,Primary 5,Female,57.07242651,1,4,1,0,218.6829901,text,0,19.20035469,Logical
5,Nursery,Male,64.66109095,0,0,4,0,123.9427425,animation,0,30.41559013,Visual
7,Primary 3,Male,38.41754317,0,4,1,0,161.6668475,text,0,16.09492782,Logical
12,Junior Secondary School 3,Male,33.62671644,7,0,3,2,132.6496974,audio,1,26.59650723,Auditory
7,Primary 3,Female,60.27847859,3,10,5,0,116.6863277,text,0,36.94786883,Kinesthetic
6,Primary 2,Male,37.91570065,2,3,3,1,210.6288242,audio,1,29.0328852,Auditory
9,Primary 4,Female,49.80416768,2,11,6,1,110.6622427,text,0,42.9663036,Kinesthetic
7,Primary 2,Female,46.01036217,4,3,4,2,206.3187884,audio,1,27.66843597,Auditory
12,Junior Secondary School 3,Male,48.07959041,8,4,5,1,150.951012,audio,1,16.01829647,Auditory
12,Junior Secondary School 3,Male,30.222362,1,3,7,1,148.5347381,animation,0,44.11079153,Kinesthetic
6,Primary 2,Male,69.8535071,0,6,1,0,184.0649227,text,0,27.03363053,Logical
10,Primary 5,Male,68.58803843,1,8,1,0,138.1222355,text,0,18.86494981,Logical
11,Junior Secondary School 2,Female,78.63085774,3,8,7,0,96.4295034,text,0,35.48647155,Kinesthetic
11,Junior Secondary School 1,Male,69.48206924,0,2,2,0,145.5863504,text,0,22.16191091,Logical
12,Junior Secondary School 3,Female,43.49862913,0,6,5,1,138.1103165,animation,1,37.56761813,Kinesthetic
6,Primary 1,Female,37.03646425,6,2,3,2,154.9910277,audio,0,23.49956143,Auditory
8,Primary 3,Female,56.94681092,3,4,4,1,180.1351373,audio,0,24.47960782,Auditory
5,Primary 1,Male,45.69826454,5,2,4,1,126.2093873,audio,1,22.82084843,Auditory
9,Primary 5,Male,53.03037183,1,3,4,1,122.6539785,animation,0,35.44175693,Kinesthetic
10,Junior Secondary School 1,Male,56.01476968,3,12,4,1,167.8681316,animation,0,41.42784695,Kinesthetic
8,Primary 4,Male,74.92480705,1,2,2,0,147.7848966,animation,0,29.94778692,Visual
5,Nursery,Female,69.30618145,0,5,1,0,197.4899511,text,0,21.96209501,Logical
4,Nursery,Male,57.15575894,3,8,6,1,153.9193986,text,0,37.12964064,Kinesthetic
8,Primary 4,Male,80.94157781,1,6,2,0,150.3576053,animation,0,38.94344649,Visual
7,Primary 2,Female,58.47300121,1,5,1,0,169.6374301,text,0,20.67577178,Logical
7,Primary 3,Male,24.30691929,2,9,6,1,132.7592251,animation,1,29.74054933,Kinesthetic
7,Primary 3,Female,77.20009302,1,2,4,0,169.5707632,animation,1,34.57476379,Visual
5,Primary 1,Female,42.71452318,2,14,4,1,123.0865933,text,1,43.8665913,Kinesthetic
11,Junior Secondary School 1,Female,53.25222485,3,4,2,0,124.1171952,text,0,21.76735263,Logical
7,Primary 2,Female,85.89983622,3,4,2,0,216.5358046,text,0,20.63119641,Logical
7,Primary 3,Male,59.65590119,2,7,2,0,214.7535583,text,0,24.25924451,Logical
12,Junior Secondary School 3,Male,52.94655574,1,3,2,0,127.2697765,text,0,18.23945215,Logical
12,Junior Secondary School 3,Male,59.51539279,2,13,5,0,93.50215634,animation,1,39.16984913,Kinesthetic
11,Junior Secondary School 1,Male,79.26549758,0,3,2,1,146.783456,animation,0,31.00752873,Visual
12,Junior Secondary School 2,Male,21.41339144,0,12,6,0,159.7704198,text,1,32.70970587,Kinesthetic
5,Nursery,Male,89.37307022,2,4,4,1,134.1591942,animation,0,34.5355544,Visual
4,Nursery,Female,60.33205707,1,13,7,0,158.8213243,text,0,47.11666521,Kinesthetic
12,Junior Secondary School 3,Male,58.58660578,3,3,2,0,196.6642237,text,0,21.47387089,Logical
12,Junior Secondary School 3,Male,62.85478022,4,6,7,0,147.4784149,animation,1,35.54840045,Kinesthetic
10,Junior Secondary School 1,Female,49.33723513,1,7,2,0,151.4376941,text,0,18.62236403,Logical
10,Primary 5,Male,67.20084734,0,4,1,0,174.2133835,text,0,18.26478837,Logical
4,Nursery,Female,68.50535593,3,2,2,1,115.1664141,animation,1,29.41996271,Visual
5,Primary 1,Female,89.51338164,0,4,2,0,137.7898689,animation,1,31.09007977,Visual
12,Junior Secondary School 3,Female,91.78707704,0,0,4,1,149.9319909,animation,0,23.86897462,Visual
8,Primary 4,Male,31.19551326,2,6,1,0,177.2323746,text,0,19.64991256,Logical
9,Primary 5,Male,78.38435714,1,4,2,1,168.0295652,text,0,25.74177071,Visual
10,Junior Secondary School 1,Male,23.68099297,1,5,6,1,134.3619418,text,1,32.23244909,Kinesthetic
11,Junior Secondary School 2,Male,81.42585185,1,4,2,1,153.658818,text,1,24.41799468,Visual
12,Junior Secondary School 3,Female,51.07688995,3,6,6,0,133.0677995,text,0,43.37945359,Kinesthetic
9,Primary 4,Female,48.39433327,0,5,2,0,210.6440776,text,0,24.02460873,Logical
8,Primary 4,Female,76.17338682,8,6,7,1,151.0552141,text,0,38.21349619,Kinesthetic
10,Primary 5,Male,67.60630266,1,6,1,0,141.7982572,text,0,17.06790576,Logical
7,Primary 2,Female,81.00680362,3,1,3,1,144.1218335,animation,0,24.46874573,Visual
11,Junior Secondary School 2,Female,86.08863711,0,5,4,0,142.9849595,text,0,38.42353316,Visual
5,Primary 1,Male,59.80167044,0,4,1,0,102.0518205,text,0,23.11949006,Logical
6,Primary 1,Female,69.76265116,0,4,2,0,205.8811643,text,0,20.8317141,Logical
9,Primary 4,Female,50.90860595,4,2,5,1,194.4466634,audio,0,23.94401624,Auditory
8,Primary 3,Female,39.30419584,7,3,5,2,125.3014245,audio,0,24.516278,Auditory
9,Primary 5,Female,24.51380952,2,16,5,0,112.5954204,animation,1,45.03246509,Kinesthetic
8,Primary 3,Female,33.8489147,3,9,6,0,155.3202002,animation,1,40.39020709,Kinesthetic
4,Nursery,Male,74.71964343,2,4,2,0,151.2140798,animation,1,30.12466156,Visual
7,Primary 3,Female,41.02478221,3,11,6,0,128.3093788,animation,1,41.6350586,Kinesthetic
12,Junior Secondary School 3,Female,44.94709839,4,8,6,0,140.6061816,text,1,38.72853748,Kinesthetic
9,Primary 4,Male,46.65729839,4,1,3,1,136.5467019,audio,0,28.95758546,Auditory
8,Primary 3,Male,38.92903975,2,12,7,1,145.1530733,animation,1,32.45145616,Kinesthetic
6,Primary 2,Female,89.74000353,0,6,3,1,128.4056597,text,1,31.39691057,Visual
6,Primary 2,Male,53.24703095,2,2,3,2,145.0597696,audio,1,26.92694522,Auditory
6,Primary 1,Female,61.8891886,0,2,1,0,145.7941924,text,0,15.5328321,Logical
12,Junior Secondary School 2,Male,60.24532146,2,1,2,0,186.8627571,text,0,23.4651543,Logical
5,Nursery,Female,69.52461001,1,2,1,0,209.3165825,text,0,15.37869697,Logical
4,Nursery,Male,88.02122508,4,3,4,1,169.955055,animation,1,20.11486286,Visual
4,Nursery,Male,42.24804681,5,2,5,1,155.6988643,audio,1,34.33060794,Auditory
12,Junior Secondary School 2,Male,10.1546195,1,13,4,0,128.206362,text,0,35.76121538,Kinesthetic
11,Junior Secondary School 2,Male,85.57062424,2,0,3,0,147.0763615,text,1,30.36183412,Visual
4,Nursery,Female,60.5940973,2,3,1,0,172.5910569,text,0,22.69600218,Logical
7,Primary 3,Male,48.61837674,1,2,4,1,117.9612438,audio,1,27.2491139,Auditory
12,Junior Secondary School 3,Male,82.15587877,0,2,2,0,148.6584678,animation,0,37.60476695,Visual
9,Primary 4,Female,77.875922,0,5,3,1,193.2574001,animation,1,33.58108652,Visual
4,Nursery,Male,62.99198464,2,13,5,0,103.7169351,animation,1,23.46438148,Kinesthetic
11,Junior Secondary School 1,Female,85.29065359,1,2,2,0,126.0421176,animation,0,24.71418138,Visual
4,Nursery,Male,52.11585706,1,5,1,0,198.6857834,text,0,21.86984645,Logical
7,Primary 3,Male,64.42566708,0,2,1,0,187.6002093,text,0,18.3523006,Logical
8,Primary 3,Female,24.51935711,2,11,5,1,77.49373591,text,0,39.0845708,Kinesthetic
7,Primary 3,Male,74.0549725,1,5,2,0,201.2808284,text,0,23.28079791,Logical
10,Primary 5,Female,25.72043758,5,4,4,2,108.2819858,audio,1,26.7469671,Auditory
9,Primary 5,Female,92.16365564,2,2,2,1,139.5591885,animation,0,40.65700332,Visual
9,Primary 4,Male,54.81234026,1,1,1,0,168.8097245,text,0,18.85350311,Logical
12,Junior Secondary School 3,Male,41.80340455,3,6,4,0,165.8051037,text,0,40.71470305,Kinesthetic
11,Junior Secondary School 1,Male,52.10181299,2,3,2,0,167.8645374,text,0,19.76165633,Logical
12,Junior Secondary School 3,Female,35.53476347,5,4,5,1,175.5365778,audio,1,29.12336054,Auditory
10,Junior Secondary School 1,Female,62.77560845,1,5,1,0,202.3555723,text,0,22.91718664,Logical
5,Primary 1,Female,97.68479979,0,3,3,0,162.4949627,text,1,27.5253644,Visual
5,Primary 1,Female,28.2225094,4,15,7,0,155.433734,animation,1,34.01255492,Kinesthetic
12,Junior Secondary School 2,Female,62.85690432,2,4,2,0,173.028209,text,0,22.68506323,Logical
10,Primary 5,Male,82.08614763,0,6,1,0,206.7631274,text,0,15.58929271,Logical
8,Primary 4,Male,61.04926405,1,3,2,0,257.5792962,text,0,23.69474637,Logical
10,Junior Secondary School 1,Male,60.95740325,0,5,2,0,193.7991768,text,0,18.15170845,Logical
12,Junior Secondary School 3,Female,43.78044838,0,3,1,0,134.638386,text,0,18.3746994,Logical
12,Junior Secondary School 3,Female,71.3249314,1,3,2,0,183.6737933,text,0,18.16022832,Logical
8,Primary 3,Female,86.94954851,0,1,4,0,176.6941026,animation,1,32.15094183,Visual
8,Primary 3,Male,83.81650833,1,2,2,0,167.6219529,text,1,37.17762785,Visual
11,Junior Secondary School 1,Female,49.39843839,8,1,4,1,147.8719758,audio,1,24.39332371,Auditory
10,Primary 5,Female,75.50112244,0,6,4,1,148.8679472,text,1,31.85622492,Visual
12,Junior Secondary School 3,Male,33.59748941,1,7,7,0,144.681247,text,1,41.62248213,Kinesthetic
10,Primary 5,Male,43.34937342,4,8,5,1,117.0948149,animation,0,30.39778183,Kinesthetic
9,Primary 5,Female,82.49261116,1,3,2,1,171.2201694,animation,0,30.88062073,Visual
6,Primary 2,Male,43.84824884,3,14,4,1,152.7910929,text,1,38.97679805,Kinesthetic
11,Junior Secondary School 2,Male,73.0056704,1,1,3,1,138.783556,animation,0,31.82607842,Visual
9,Primary 4,Female,39.53610454,0,4,1,0,156.2814312,text,0,26.27051451,Logical
6,Primary 1,Female,44.5213284,8,2,5,1,154.8277885,audio,0,11.6303821,Auditory
6,Primary 2,Male,84.33053992,1,0,3,1,146.2597651,animation,0,34.56688812,Visual
5,Nursery,Male,49.5112098,3,17,5,0,84.58247339,text,0,40.23847149,Kinesthetic
11,Junior Secondary School 1,Female,59.78730809,4,9,4,0,159.1074434,text,0,43.39570657,Kinesthetic
8,Primary 4,Male,75.86548037,0,1,3,1,138.458134,animation,0,26.32533064,Visual
8,Primary 3,Male,41.98889319,1,12,4,0,107.3791347,text,0,48.89665085,Kinesthetic
9,Primary 5,Male,34.21108541,8,2,3,2,130.6797655,audio,1,21.6651954,Auditory
10,Junior Secondary School 1,Female,80.55023157,2,4,3,1,154.6031969,animation,1,25.99279076,Visual
12,Junior Secondary School 2,Female,60.29059109,0,3,3,1,153.319942,animation,0,28.79428457,Visual
9,Primary 4,Female,60.27945286,1,4,2,0,206.0134054,text,0,18.78991075,Logical
10,Junior Secondary School 1,Female,40.5726844,3,1,4,1,148.2602348,audio,1,29.03177367,Auditory
6,Primary 2,Male,98.13719625,1,3,3,0,161.1944309,animation,1,27.9392508,Visual
11,Junior Secondary School 2,Male,57.77539619,1,4,2,0,143.8385376,text,0,20.99764043,Logical
6,Primary 1,Male,43.6538937,1,7,5,1,127.8287463,text,0,34.96263483,Kinesthetic
4,Nursery,Female,57.12408552,1,7,1,0,172.1062177,text,0,18.91308938,Logical
4,Nursery,Male,41.69479063,3,0,3,2,143.3799412,audio,0,26.5496291,Auditory
7,Primary 3,Female,87.4722547,0,2,4,1,129.0088147,animation,1,28.27626679,Visual
12,Junior Secondary School 3,Male,57.36332418,0,12,6,0,109.8659985,text,0,43.19497027,Kinesthetic
9,Primary 5,Male,67.50392908,0,5,2,0,154.3882787,text,0,25.30159419,Logical
10,Junior Secondary School 1,Male,30.28878323,0,4,6,1,102.8863523,text,1,46.26762676,Kinesthetic
7,Primary 3,Female,51.71228554,1,10,4,1,135.7853208,text,1,54.26282219,Kinesthetic
8,Primary 4,Female,47.95850152,5,2,3,1,174.5377068,audio,1,30.93388224,Auditory
5,Nursery,Male,85.22210295,1,5,3,0,196.6115936,animation,0,22.14275192,Visual
7,Primary 2,Female,82.55062783,1,4,2,0,148.0274384,animation,1,36.05772584,Visual
10,Junior Secondary School 1,Male,67.34934801,1,4,1,0,170.6093164,text,0,20.52699963,Logical
9,Primary 5,Female,37.778653,4,2,4,2,108.9154117,audio,0,24.70726975,Auditory
12,Junior Secondary School 3,Male,65.9757003,1,5,2,0,130.1515244,text,0,21.42974189,Logical
10,Junior Secondary School 1,Female,94.41062241,0,3,4,0,148.4846949,text,0,37.03830388,Visual
8,Primary 3,Female,97.42609431,1,1,4,0,161.4763792,animation,0,33.27789716,Visual
10,Junior Secondary School 1,Female,61.19791776,0,2,2,1,155.1791332,animation,0,33.41239985,Visual
7,Primary 3,Male,80.90968454,0,1,4,0,163.2131134,animation,0,36.6650488,Visual
11,Junior Secondary School 1,Male,55.80400902,3,2,1,0,176.1318664,text,0,22.34208598,Logical
7,Primary 3,Female,68.08178583,1,3,2,0,136.2923539,text,0,20.70187241,Logical
5,Nursery,Female,68.58650385,1,2,5,1,160.5261447,audio,1,28.77348057,Auditory
12,Junior Secondary School 3,Male,51.97475188,1,9,4,1,123.3464505,text,1,45.15330401,Kinesthetic
5,Nursery,Male,90.70832407,1,3,4,0,203.031231,animation,1,33.46877102,Visual
12,Junior Secondary School 3,Male,60.69799585,1,4,1,0,224.6541365,text,0,16.52277522,Logical
10,Primary 5,Female,43.6536677,4,6,5,2,123.3783971,audio,0,25.82338982,Auditory
6,Primary 1,Male,48.27266827,0,5,2,0,155.3561274,text,0,24.81609198,Logical
7,Primary 2,Female,50.53837085,1,12,5,0,86.58580665,animation,0,36.31377291,Kinesthetic
11,Junior Secondary School 1,Female,36.55686557,9,6,4,1,93.45476068,audio,1,30.04564439,Auditory
5,Primary 1,Male,96.29622969,0,2,2,1,132.9353814,text,1,26.08172504,Visual
10,Junior Secondary School 1,Female,95.42148246,1,1,2,1,129.2673666,animation,0,28.35954717,Visual
12,Junior Secondary School 2,Female,36.86358819,10,2,3,2,218.3450721,audio,0,29.96791163,Auditory
10,Primary 5,Female,61.21854207,3,7,4,1,195.7860761,animation,1,31.32397387,Kinesthetic
8,Primary 4,Male,57.51181758,3,11,6,0,122.6011022,text,0,42.56525126,Kinesthetic
8,Primary 3,Female,62.32558278,2,7,6,0,119.5283993,text,1,38.35069818,Kinesthetic
12,Junior Secondary School 2,Female,42.45086527,4,7,7,1,168.1672804,animation,1,45.04898256,Kinesthetic
4,Nursery,Male,77.49407444,1,3,2,1,155.1219192,animation,0,29.91102159,Visual
8,Primary 3,Female,43.90969843,2,0,4,2,123.7938897,audio,1,20.83689958,Auditory
12,Junior Secondary School 2,Female,45.48279204,6,4,3,1,180.6140777,audio,1,28.40910831,Auditory
8,Primary 3,Male,24.63336895,4,3,5,2,198.1374627,audio,1,30.88357381,Auditory
11,Junior Secondary School 1,Female,36.43651515,5,2,3,2,245.4199505,audio,0,22.13615111,Auditory
6,Primary 2,Male,36.68115743,5,1,5,2,180.1428546,audio,0,23.05649992,Auditory
10,Primary 5,Female,67.59833877,1,5,2,0,171.0281868,text,0,19.0113944,Logical
6,Primary 2,Male,52.38211064,8,2,5,2,168.9929811,audio,0,36.03748309,Auditory
10,Junior Secondary School 1,Female,56.87385418,4,3,3,2,176.0086309,audio,0,24.07362586,Auditory
8,Primary 4,Male,82.78747894,0,5,2,1,128.3011179,animation,1,30.46284661,Visual
9,Primary 5,Female,81.71617911,0,8,6,0,97.77939652,animation,1,22.43764094,Kinesthetic
7,Primary 2,Male,83.81833253,2,3,4,0,158.6822213,text,0,26.96009321,Visual
5,Nursery,Male,86.266813,2,6,3,1,125.0128265,animation,0,19.69340713,Visual
8,Primary 4,Male,88.32084491,1,3,4,0,147.0795347,text,1,20.96480194,Visual
9,Primary 5,Female,45.20438177,5,5,6,0,148.3022795,animation,1,29.91290913,Kinesthetic
9,Primary 4,Male,71.69677088,0,3,1,0,212.2185917,text,0,22.43078058,Logical
8,Primary 4,Male,32.64988939,7,1,3,2,211.743312,audio,0,34.04724922,Auditory
4,Nursery,Male,35.6136064,2,9,6,0,121.8934965,animation,0,38.48198664,Kinesthetic
7,Primary 2,Male,45.10428875,8,1,5,1,117.7285588,audio,1,22.74805713,Auditory
4,Nursery,Female,103.7697382,1,4,3,0,180.7646826,animation,1,30.56061334,Visual
12,Junior Secondary School 3,Male,56.46911527,4,10,5,0,143.5597011,text,0,51.92692547,Kinesthetic
10,Junior Secondary School 1,Female,55.27795148,2,4,2,0,190.033441,text,0,20.19793509,Logical
6,Primary 1,Female,37.10880749,9,0,5,1,135.6230716,audio,0,18.13577049,Auditory
9,Primary 5,Female,46.05702654,4,11,5,1,172.7873107,animation,1,44.54101547,Kinesthetic
12,Junior Secondary School 3,Male,66.48445945,1,2,1,0,203.3580429,text,0,18.2402418,Logical
5,Primary 1,Male,87.95432791,1,1,4,0,136.2856826,text,0,31.05187009,Visual
12,Junior Secondary School 3,Male,40.49950916,4,2,5,2,131.2666413,audio,0,24.84298384,Auditory
4,Nursery,Male,63.25018046,1,8,6,1,139.9135704,animation,0,33.37266561,Kinesthetic
9,Primary 4,Female,57.91913466,1,4,2,0,210.1172137,text,0,19.08864842,Logical
9,Primary 5,Male,81.4273289,1,3,3,0,149.5060886,text,1,31.73301705,Visual
4,Nursery,Female,95.61983249,0,3,4,1,151.3961504,animation,0,30.20623501,Visual
7,Primary 3,Female,71.5729826,0,5,2,0,200.2146648,text,0,16.37361201,Logical
5,Primary 1,Female,46.72504221,2,2,5,1,178.31173,audio,1,27.08303109,Auditory
6,Primary 2,Female,57.00700212,0,5,1,0,183.3254686,text,0,22.25449484,Logical
8,Primary 3,Male,31.13985642,1,1,4,1,133.0586002,audio,1,22.34460997,Auditory
10,Primary 5,Male,41.13294427,1,2,3,2,183.4226801,audio,0,19.28607549,Auditory
8,Primary 3,Male,44.40166474,2,13,6,1,122.8680005,animation,1,40.14028313,Kinesthetic
10,Junior Secondary School 1,Male,19.46536024,2,14,7,1,127.9085532,animation,1,42.88471306,Kinesthetic
4,Nursery,Female,53.55294939,2,5,2,0,165.0587491,text,0,16.58302441,Logical
12,Junior Secondary School 2,Female,45.38064398,4,18,7,0,128.3806667,animation,1,34.9736358,Kinesthetic
12,Junior Secondary School 3,Male,91.8760688,2,4,2,1,173.3013073,text,1,29.38522775,Visual
7,Primary 2,Male,55.89928556,0,3,1,0,198.6117642,text,0,21.08541018,Logical
10,Junior Secondary School 1,Male,71.61887298,2,8,1,0,198.3764701,text,0,21.0069399,Logical
10,Junior Secondary School 1,Female,61.47773603,1,3,1,0,218.2615222,text,0,18.75909806,Logical
10,Primary 5,Female,38.53130103,2,5,1,0,151.9327807,text,0,27.41415215,Logical
12,Junior Secondary School 3,Female,39.90524911,1,7,4,0,150.8597766,text,0,34.91234633,Kinesthetic
10,Primary 5,Female,29.55162504,0,11,5,0,130.2528512,text,0,46.93703728,Kinesthetic
6,Primary 2,Male,61.85676391,1,3,2,0,163.4037448,text,0,21.43919112,Logical
9,Primary 5,Female,51.6558368,2,10,4,0,141.2790314,text,0,32.72227302,Kinesthetic
11,Junior Secondary School 1,Female,46.66185766,5,0,3,1,106.9917589,audio,1,26.94841749,Auditory
12,Junior Secondary School 3,Male,50.04158262,1,9,6,1,98.77126504,text,1,40.68569161,Kinesthetic
11,Junior Secondary School 2,Female,96.03893912,2,10,3,1,157.9628955,animation,0,32.91910941,Visual
7,Primary 2,Female,34.66564656,5,2,4,2,161.4288175,audio,1,21.6968631,Auditory
12,Junior Secondary School 3,Male,36.38188179,4,2,3,2,149.1590409,audio,0,24.81939354,Auditory
12,Junior Secondary School 3,Female,65.27369832,2,12,6,1,127.352071,text,1,40.41466801,Kinesthetic
7,Primary 3,Male,101.6312272,1,1,3,0,128.3813446,text,0,23.61267655,Visual
7,Primary 3,Male,24.6995515,6,3,3,1,149.8041313,audio,0,29.20785449,Auditory
8,Primary 3,Female,77.06981647,2,5,2,1,147.0259045,text,1,38.49090635,Visual
12,Junior Secondary School 2,Female,96.73800819,2,4,2,0,132.7470332,animation,1,33.67607789,Visual
10,Junior Secondary School 1,Male,89.62826863,0,2,4,0,151.5761773,animation,1,32.47537589,Visual
12,Junior Secondary School 2,Female,68.38378619,0,8,2,1,167.8139477,animation,0,34.99541329,Visual
10,Primary 5,Male,44.32763019,10,2,4,2,138.7934974,audio,1,25.85886965,Auditory
12,Junior Secondary School 3,Male,26.61011506,4,16,5,1,125.4662186,text,0,43.67451157,Kinesthetic
10,Junior Secondary School 1,Female,71.5970229,1,6,2,0,135.1579372,text,0,15.99435462,Logical
7,Primary 3,Male,32.70184076,6,2,4,2,158.0300475,audio,1,24.61096412,Auditory
9,Primary 5,Male,42.74934905,0,8,2,0,209.5418611,text,0,13.69764064,Logical
5,Nursery,Male,53.04716311,3,6,1,0,99.58799415,text,0,18.69299658,Logical
6,Primary 1,Female,91.71049668,0,2,2,0,159.8723365,text,0,18.8964055,Visual
8,Primary 3,Male,41.43907746,6,0,3,2,135.5418259,audio,1,27.27138882,Auditory
5,Nursery,Male,94.6177382,1,1,3,0,163.8570607,animation,0,27.18592367,Visual
7,Primary 2,Male,33.81939487,3,0,4,2,149.5471874,audio,0,25.94533204,Auditory
11,Junior Secondary School 1,Female,72.04971478,2,1,3,0,113.1716585,animation,1,35.83317479,Visual
12,Junior Secondary School 2,Male,44.92173646,2,6,2,0,175.1446945,text,0,20.28683239,Logical
8,Primary 3,Female,45.82699786,3,2,5,1,131.9470421,audio,0,20.23954594,Auditory
12,Junior Secondary School 3,Male,50.49621841,1,9,7,1,112.6141295,text,0,40.96311928,Kinesthetic
5,Primary 1,Male,31.08999423,5,1,4,2,206.1568629,audio,0,24.60316602,Auditory
8,Primary 3,Male,47.31413999,7,4,4,2,189.7193196,audio,1,18.97982284,Auditory
5,Primary 1,Female,71.43300118,0,2,4,1,179.9310788,animation,1,33.09451166,Visual
10,Junior Secondary School 1,Male,44.55165545,4,6,6,0,110.6998184,animation,1,46.65916023,Kinesthetic
9,Primary 4,Male,94.86712637,1,3,4,0,124.4861123,animation,0,25.7082041,Visual
12,Junior Secondary School 3,Female,70.11956431,1,4,3,0,157.9029796,animation,0,20.81601509,Visual
5,Nursery,Male,76.79691339,0,4,2,1,164.6421417,animation,1,35.55185569,Visual
8,Primary 4,Male,55.66269044,6,1,4,2,156.8205624,audio,1,21.46195472,Auditory
11,Junior Secondary School 1,Male,41.87279479,4,1,3,1,151.8829246,audio,1,27.99903068,Auditory
4,Nursery,Male,38.7653478,10,2,4,2,166.8728181,audio,0,27.94067486,Auditory
12,Junior Secondary School 3,Male,58.86954103,5,9,5,1,120.4009414,text,1,42.33913862,Kinesthetic
6,Primary 1,Female,77.02626514,0,3,2,1,169.5771508,text,0,31.83382143,Visual
6,Primary 1,Female,52.08246214,4,8,5,0,113.8052781,text,1,25.81229343,Kinesthetic
8,Primary 3,Male,33.56291525,2,13,6,1,104.7306214,animation,0,36.76465699,Kinesthetic
10,Primary 5,Male,55.0570036,8,2,5,1,196.2913544,audio,1,21.45999512,Auditory
6,Primary 2,Female,45.94916195,5,1,4,1,194.1085018,audio,0,23.4381185,Auditory
7,Primary 2,Male,83.96728648,4,1,3,0,140.7988357,animation,0,27.55580241,Visual
10,Primary 5,Male,67.57205575,6,3,3,2,215.3420482,audio,0,26.57947134,Auditory
9,Primary 4,Female,52.49882934,2,11,4,0,140.391486,text,1,46.91940386,Kinesthetic
12,Junior Secondary School 3,Female,43.8024574,1,2,2,0,213.5621019,text,0,15.94979174,Logical
9,Primary 4,Male,62.10490264,1,3,1,0,167.9924474,text,0,21.32159078,Logical
6,Primary 1,Female,54.14594296,2,9,6,0,127.711992,animation,1,49.80957554,Kinesthetic
6,Primary 1,Female,55.05972327,0,1,1,0,196.618523,text,0,17.25283059,Logical
5,Nursery,Male,37.03500047,8,2,4,1,211.4161395,audio,0,24.84407237,Auditory
9,Primary 4,Female,52.18899501,6,2,5,2,161.7910623,audio,0,21.11617903,Auditory
9,Primary 5,Male,93.30026484,0,4,4,0,154.2396636,animation,1,28.81026093,Visual
6,Primary 1,Male,59.89945048,2,4,1,0,150.1798241,text,0,19.59322659,Logical
12,Junior Secondary School 3,Female,32.69248023,4,6,4,2,181.831219,audio,0,26.82826893,Auditory
10,Primary 5,Male,38.87834339,5,3,4,1,156.8494049,audio,1,20.87578648,Auditory
6,Primary 2,Male,100.0698437,1,2,2,0,144.476926,animation,0,24.44737356,Visual
7,Primary 3,Male,63.83433435,4,7,7,0,94.04351424,animation,0,49.74955341,Kinesthetic
6,Primary 2,Female,20.06982178,2,1,4,1,165.6970608,audio,0,30.65397063,Auditory
7,Primary 3,Female,71.11958074,1,3,1,0,178.5986892,text,0,18.12059338,Logical
7,Primary 2,Female,90.36753642,0,3,2,0,131.1650741,animation,1,33.3648489,Visual
12,Junior Secondary School 3,Female,48.38017234,3,1,3,1,171.7305766,audio,0,23.06129606,Auditory
9,Primary 5,Male,47.41069793,3,6,5,2,163.363172,audio,1,33.90655921,Auditory
6,Primary 2,Female,43.44169914,0,11,7,0,86.75506463,animation,0,40.22518309,Kinesthetic
10,Primary 5,Male,54.00157676,4,10,4,1,105.6596403,text,1,39.46926157,Kinesthetic
5,Primary 1,Female,46.5903412,2,11,6,0,119.5346897,text,0,46.43757362,Kinesthetic
6,Primary 2,Female,47.26066697,3,1,4,1,189.8631012,audio,0,25.30230647,Auditory
6,Primary 1,Male,92.93319896,0,2,2,0,154.0188771,text,0,25.71851062,Visual
9,Primary 4,Female,56.9841582,3,9,5,1,127.7942282,text,1,44.49510426,Kinesthetic
12,Junior Secondary School 2,Male,88.33685013,1,3,4,1,190.7673035,animation,1,22.82748867,Visual
11,Junior Secondary School 1,Female,43.29654184,1,15,6,0,142.9341051,animation,1,41.2086977,Kinesthetic
6,Primary 2,Male,73.90472037,0,4,4,1,134.3192825,animation,0,31.58505725,Visual
8,Primary 3,Male,33.07856673,3,3,4,2,231.7046843,audio,0,23.97599765,Auditory
4,Nursery,Male,37.31480165,4,12,7,0,161.1656953,animation,0,49.54173717,Kinesthetic
6,Primary 1,Male,33.7967225,9,0,4,2,147.5498682,audio,0,25.99036651,Auditory
11,Junior Secondary School 2,Female,96.70856428,2,6,4,1,126.2458051,animation,0,34.45324961,Visual
10,Junior Secondary School 1,Male,31.87122154,4,2,3,1,136.3614713,audio,0,24.88976518,Auditory
5,Nursery,Female,60.32313098,1,4,1,0,214.2559235,text,0,18.09677965,Logical
4,Nursery,Female,71.24213572,3,6,7,1,174.8764742,text,0,41.77963153,Kinesthetic
5,Nursery,Female,31.68921851,5,1,4,1,144.0586311,audio,1,21.58679784,Auditory
5,Primary 1,Female,73.78533363,2,4,3,1,152.8639708,animation,1,20.23533245,Visual
9,Primary 4,Female,65.48975212,1,4,1,0,174.0041922,text,0,18.1721396,Logical
8,Primary 3,Female,69.9659948,4,11,6,0,125.0172267,text,0,50.48433123,Kinesthetic
5,Nursery,Male,61.56344306,0,1,1,0,208.7859483,text,0,25.88576904,Logical
10,Primary 5,Male,63.97690675,0,3,3,1,181.9345897,text,1,23.53726614,Visual
9,Primary 4,Male,45.11982781,0,3,1,0,232.9712145,text,0,18.25856546,Logical
5,Primary 1,Male,58.52078506,10,2,3,1,115.3161348,audio,1,29.37956204,Auditory
12,Junior Secondary School 3,Female,41.88932632,9,2,5,2,120.253328,audio,1,21.03047144,Auditory
12,Junior Secondary School 3,Female,69.10069328,1,3,4,0,142.5911013,animation,1,35.72831702,Visual
12,Junior Secondary School 2,Male,78.336704,2,14,4,1,181.083524,animation,0,35.44944353,Kinesthetic
7,Primary 3,Female,39.01604475,4,2,4,1,178.8728351,audio,0,25.11311316,Auditory
11,Junior Secondary School 2,Male,27.68916465,8,3,5,1,169.1291537,audio,0,30.44260451,Auditory
8,Primary 3,Male,48.29428481,2,12,7,1,109.6860612,text,0,45.84451543,Kinesthetic
12,Junior Secondary School 3,Male,30.68083,3,0,4,2,195.8463123,audio,0,22.54985357,Auditory
5,Nursery,Female,45.19199168,5,2,4,1,170.2586789,audio,0,22.42134878,Auditory
12,Junior Secondary School 2,Female,35.85573192,6,2,4,1,162.6538179,audio,1,20.88309061,Auditory
9,Primary 4,Male,18.37866958,1,6,4,0,140.2784825,text,1,43.2958274,Kinesthetic
6,Primary 1,Female,29.46713147,0,16,7,0,161.6198866,animation,1,34.76891554,Kinesthetic
12,Junior Secondary School 3,Male,62.89358837,2,1,1,0,174.2918405,text,0,27.80639719,Logical
12,Junior Secondary School 3,Male,88.82435288,0,1,3,1,165.7539418,animation,1,28.02124798,Visual
11,Junior Secondary School 1,Male,60.40950259,0,2,2,0,201.8013004,text,0,21.15623828,Logical
5,Primary 1,Male,82.22701785,1,4,2,1,122.8890128,text,1,32.74699417,Visual
4,Nursery,Male,48.92261318,0,7,6,0,98.02281513,animation,0,50.28594917,Kinesthetic
7,Primary 3,Male,84.04571728,2,4,4,1,111.8981305,animation,1,30.55058508,Visual
9,Primary 5,Male,76.99910349,1,10,6,1,112.9019813,text,0,41.77462097,Kinesthetic
6,Primary 2,Female,67.48192866,0,5,1,0,100.0316121,text,0,17.99739433,Logical
11,Junior Secondary School 1,Male,47.2158946,5,2,5,1,216.8814552,audio,0,21.99810897,Auditory
8,Primary 4,Male,26.99091344,3,4,3,1,145.5161618,audio,1,25.960625,Auditory
11,Junior Secondary School 1,Male,29.89357493,1,13,4,0,140.5769861,animation,1,40.67771181,Kinesthetic
7,Primary 2,Male,23.53217349,3,14,6,1,114.6128293,animation,0,37.60877769,Kinesthetic
11,Junior Secondary School 1,Male,70.72307065,0,2,2,0,191.7759811,animation,0,33.7514116,Visual
12,Junior Secondary School 3,Male,62.76949385,2,4,4,0,114.3524332,text,1,38.12041207,Kinesthetic
12,Junior Secondary School 2,Male,80.6062378,1,1,4,0,145.8662185,animation,1,28.21413256,Visual
4,Nursery,Female,76.66691245,1,15,4,1,144.0129716,text,0,40.03142289,Kinesthetic
8,Primary 4,Female,78.96694412,4,3,4,1,141.4795341,animation,0,37.81753526,Visual
11,Junior Secondary School 1,Female,63.11444235,1,6,1,0,247.1185315,text,0,21.57676501,Logical
8,Primary 4,Male,57.62793959,0,6,6,0,105.6014028,animation,1,43.9523856,Kinesthetic
10,Primary 5,Female,46.30922853,4,1,5,1,192.7157183,audio,0,25.74423446,Auditory
8,Primary 3,Male,52.96610503,2,17,6,0,114.5152622,text,1,31.58992146,Kinesthetic
9,Primary 4,Female,33.80537795,2,9,5,0,146.584976,text,1,37.95879724,Kinesthetic
7,Primary 3,Female,34.26849609,4,2,3,2,213.622378,audio,0,23.18835889,Auditory
11,Junior Secondary School 1,Male,23.53673048,7,1,3,2,173.822589,audio,0,27.45230976,Auditory
9,Primary 4,Female,53.56124607,1,11,5,0,155.4122372,text,0,42.23637218,Kinesthetic
9,Primary 4,Female,43.51510439,5,4,3,2,114.2461381,audio,0,28.61744973,Auditory
7,Primary 2,Female,105.2123838,1,0,3,0,142.3993107,animation,0,30.4854811,Visual
8,Primary 4,Male,45.14173483,3,12,7,0,152.8109837,text,1,38.32164196,Kinesthetic
10,Primary 5,Female,14.51840725,4,3,4,1,150.7341702,audio,0,22.6334079,Auditory
10,Junior Secondary School 1,Male,26.40244025,3,7,5,0,105.457073,animation,1,39.75444625,Kinesthetic
7,Primary 2,Male,91.8357269,0,0,3,0,124.4768312,text,0,26.74193096,Visual
7,Primary 2,Male,59.06185254,2,4,4,1,166.0756911,text,0,35.19963159,Kinesthetic
12,Junior Secondary School 3,Female,77.73603842,2,2,4,1,128.4031735,animation,1,34.62975213,Visual
6,Primary 2,Female,36.8593456,5,7,7,0,113.3824366,text,0,39.6875219,Kinesthetic
12,Junior Secondary School 3,Male,29.33871457,3,11,5,1,107.9102638,text,0,34.72850138,Kinesthetic
11,Junior Secondary School 2,Female,75.42294227,1,6,2,1,153.360457,animation,1,25.61721401,Visual
5,Nursery,Male,30.60234814,1,1,4,2,124.1148053,audio,0,26.76542583,Auditory
12,Junior Secondary School 3,Female,38.64348773,3,8,5,1,164.1691625,text,1,49.45979556,Kinesthetic
4,Nursery,Female,90.40715456,0,5,4,0,168.9973228,animation,0,31.09050367,Visual
12,Junior Secondary School 3,Female,65.56598414,2,3,1,0,227.5251973,text,0,20.33110297,Logical
11,Junior Secondary School 2,Male,92.82872725,0,3,3,1,155.3671165,animation,0,32.28920925,Visual
12,Junior Secondary School 2,Female,13.08800244,4,0,4,2,186.8138724,audio,1,20.4609701,Auditory
12,Junior Secondary School 2,Female,69.16664744,0,9,2,0,158.3115973,text,0,19.07029026,Logical
12,Junior Secondary School 3,Female,68.18728052,1,5,5,0,133.3979071,animation,1,43.64925,Kinesthetic
12,Junior Secondary School 2,Male,63.16143145,0,0,2,0,206.0000392,text,0,15.34382774,Logical
12,Junior Secondary School 2,Female,49.91695057,1,2,2,0,181.2541541,text,0,16.95943681,Logical
8,Primary 3,Female,20.13325103,4,1,4,2,153.6608284,audio,1,23.60148731,Auditory
10,Junior Secondary School 1,Male,49.33766522,2,9,5,1,113.0561553,text,1,30.13851385,Kinesthetic
12,Junior Secondary School 3,Male,73.92255154,1,4,4,1,156.4841513,text,1,31.62024993,Visual
8,Primary 3,Male,90.33924946,1,4,3,1,154.0476314,animation,0,27.21876124,Visual
12,Junior Secondary School 2,Male,39.93952661,3,0,3,2,151.7980989,audio,0,27.35019407,Auditory
12,Junior Secondary School 2,Male,90.70356814,0,4,4,0,174.4559427,animation,1,27.47059903,Visual
9,Primary 4,Female,69.39623961,1,3,2,0,233.8836343,text,0,20.62341531,Logical
4,Nursery,Male,95.17452268,0,3,2,1,148.1940986,animation,1,42.97429105,Visual
12,Junior Secondary School 3,Female,39.04231239,0,10,4,1,94.11745305,animation,0,39.87186827,Kinesthetic
5,Primary 1,Female,90.23019029,2,4,4,0,188.5508853,animation,0,19.74691487,Visual
8,Primary 4,Female,62.3396803,2,3,2,0,188.9554007,text,0,21.59883381,Logical
10,Junior Secondary School 1,Female,98.97324583,2,4,2,1,166.4188988,animation,0,31.17641537,Visual
8,Primary 3,Female,71.8910856,3,1,4,1,169.4996887,animation,1,20.48263257,Visual
12,Junior Secondary School 2,Male,54.57374613,6,1,4,2,141.1435357,audio,0,22.42345885,Auditory
6,Primary 1,Male,41.076836,1,6,1,0,231.7065989,text,0,16.64190728,Logical
12,Junior Secondary School 3,Male,59.12030197,1,5,1,0,158.3803167,text,0,21.8832789,Logical
7,Primary 3,Male,68.36018431,4,9,7,0,157.571335,text,0,36.5857558,Kinesthetic
11,Junior Secondary School 1,Female,65.60233907,1,5,2,0,233.0248069,text,0,20.59392734,Logical
12,Junior Secondary School 3,Male,67.27513681,2,8,6,1,150.9401723,text,0,47.14752592,Kinesthetic
4,Nursery,Male,16.62835806,0,6,5,1,147.648124,text,0,30.07257981,Kinesthetic
9,Primary 5,Male,64.84564455,1,3,2,0,172.8841587,text,0,21.49087182,Logical
9,Primary 4,Female,56.46736026,2,3,2,0,181.0769011,text,0,19.7813771,Logical
9,Primary 5,Male,53.8979834,0,6,1,0,225.0868927,text,0,15.47410525,Logical
6,Primary 1,Female,61.69406031,1,6,1,0,218.6257257,text,0,26.77022002,Logical
5,Primary 1,Male,52.27000217,0,2,2,0,180.1939369,text,0,16.84693208,Logical
12,Junior Secondary School 3,Male,84.42475937,2,9,5,0,150.3434186,animation,1,41.56101494,Kinesthetic
9,Primary 5,Female,45.27079949,5,6,6,1,146.3652636,text,1,29.5024729,Kinesthetic
4,Nursery,Female,59.9204948,3,9,6,1,110.003687,animation,0,34.47470001,Kinesthetic
5,Primary 1,Female,55.78431921,1,9,1,0,217.2615816,text,0,20.08625228,Logical
7,Primary 3,Male,25.66400182,1,2,4,1,165.2109519,audio,0,32.79918593,Auditory
10,Junior Secondary School 1,Female,59.05447906,0,7,2,0,122.6816755,text,0,19.27206013,Logical
8,Primary 3,Female,59.7369189,4,3,5,1,192.126067,audio,1,29.45720486,Auditory
10,Junior Secondary School 1,Female,40.65049603,2,15,6,0,74.08366122,text,0,46.08642556,Kinesthetic
7,Primary 3,Female,57.87149255,0,6,1,0,216.876853,text,0,15.29502964,Logical
4,Nursery,Male,76.16459798,0,7,7,0,146.4418819,text,1,38.79343568,Kinesthetic
10,Junior Secondary School 1,Male,32.78881203,7,3,5,2,134.9541952,audio,1,26.41692575,Auditory
10,Junior Secondary School 1,Female,37.15390513,2,13,4,0,99.36244846,text,1,32.8643549,Kinesthetic
9,Primary 5,Male,55.24771002,1,7,2,0,189.8886257,text,0,23.73193314,Logical
12,Junior Secondary School 3,Female,36.45385957,7,3,4,2,154.9332739,audio,0,23.96940249,Auditory
9,Primary 5,Male,42.93599695,1,5,1,0,151.0833543,text,0,23.75268137,Logical
6,Primary 1,Female,86.68086781,1,6,2,1,136.3525569,animation,0,24.48799213,Visual
7,Primary 2,Male,60.18550138,1,7,1,0,161.5869614,text,0,28.23455674,Logical
5,Primary 1,Female,38.19467888,5,1,5,2,164.6992187,audio,1,25.82750806,Auditory
12,Junior Secondary School 2,Male,76.48362992,0,0,3,0,161.6829842,text,0,34.95461173,Visual
10,Primary 5,Female,85.7479614,0,2,4,1,145.6227446,animation,0,33.54859785,Visual
11,Junior Secondary School 1,Male,49.58149526,4,3,3,2,134.3206135,audio,1,22.83889438,Auditory
5,Primary 1,Female,41.70781633,3,10,7,1,144.22144,animation,0,45.76181703,Kinesthetic
4,Nursery,Male,47.86448788,7,4,4,2,211.0745586,audio,1,22.71896077,Auditory
11,Junior Secondary School 1,Female,89.56990886,1,1,2,0,166.7156563,animation,0,31.17314693,Visual
4,Nursery,Male,59.15670596,1,5,1,0,194.314,text,0,18.8717174,Logical
11,Junior Secondary School 1,Female,58.40297995,2,10,2,0,152.6456609,text,0,22.41651552,Logical
11,Junior Secondary School 2,Female,40.73957907,2,6,4,0,163.6220622,animation,0,32.95022724,Kinesthetic
7,Primary 3,Male,91.10456691,1,1,4,0,152.7133232,animation,0,31.12721813,Visual
9,Primary 5,Male,49.37197911,2,14,6,0,150.2866595,animation,1,46.3258618,Kinesthetic
11,Junior Secondary School 1,Male,55.09534189,1,5,1,0,184.7321722,text,0,25.07188391,Logical
12,Junior Secondary School 3,Female,41.76013694,9,2,5,1,156.6471044,audio,1,25.86631423,Auditory
10,Primary 5,Male,61.35465847,1,4,1,0,196.7353123,text,0,20.48391175,Logical
7,Primary 2,Female,51.73016425,2,4,3,1,152.058497,audio,0,33.25790527,Auditory
5,Nursery,Female,30.41944397,8,0,5,2,165.1467508,audio,0,25.40688908,Auditory
9,Primary 5,Female,37.35077752,4,1,5,1,116.4955272,audio,0,30.92237471,Auditory
8,Primary 3,Male,36.70258184,8,0,5,2,131.5095873,audio,1,21.51039906,Auditory
5,Nursery,Male,35.86299549,5,5,4,1,120.0654235,audio,1,25.89308743,Auditory
12,Junior Secondary School 3,Female,59.50978568,1,9,5,1,148.3701781,animation,0,48.64426631,Kinesthetic
6,Primary 1,Male,85.85512116,0,1,4,0,148.8439195,animation,0,30.56408787,Visual
5,Primary 1,Female,43.7545936,5,2,4,2,175.1474378,audio,0,27.7909109,Auditory
12,Junior Secondary School 2,Female,61.93682259,3,9,4,0,105.4520418,animation,0,32.36426587,Kinesthetic
11,Junior Secondary School 2,Female,85.3125843,4,13,7,0,120.4424585,text,0,41.26121391,Kinesthetic
11,Junior Secondary School 2,Female,45.19196981,7,1,3,2,182.5991024,audio,1,22.6899672,Auditory
7,Primary 3,Female,34.92762754,8,1,4,1,191.4519762,audio,1,24.35328433,Auditory
5,Primary 1,Female,64.82190575,0,2,4,0,155.9809417,text,0,35.66688286,Visual
7,Primary 2,Female,51.22311735,0,3,2,0,234.3958565,text,0,13.59462941,Logical
7,Primary 3,Male,28.67088475,5,3,4,2,184.4429434,audio,0,30.8656148,Auditory
12,Junior Secondary School 2,Male,42.04735316,1,15,5,0,102.0086915,animation,0,48.03707486,Kinesthetic
10,Primary 5,Female,89.39163564,2,3,2,1,136.8931321,animation,1,24.46502946,Visual
6,Primary 2,Female,63.15542778,1,17,4,0,117.3040521,animation,1,40.75937051,Kinesthetic
12,Junior Secondary School 3,Male,84.88468615,1,2,2,0,141.8075924,text,0,25.48043873,Visual
7,Primary 3,Male,50.08886125,0,7,7,1,141.5148172,animation,1,40.86620587,Kinesthetic
12,Junior Secondary School 2,Female,44.04249854,2,7,7,0,57.64180331,animation,0,46.28240468,Kinesthetic
12,Junior Secondary School 2,Male,49.17471854,0,5,1,0,161.2107851,text,0,24.87003437,Logical
6,Primary 2,Female,39.38843852,6,2,3,1,153.2318642,audio,1,31.01681416,Auditory
10,Junior Secondary School 1,Female,81.47471484,0,1,1,0,105.5856087,text,0,18.24516821,Logical
6,Primary 2,Female,64.85638856,2,7,1,0,187.7827561,text,0,13.8825501,Logical
10,Junior Secondary School 1,Female,37.91011822,2,17,4,1,119.8068411,text,0,42.25543244,Kinesthetic
10,Junior Secondary School 1,Female,32.26570753,4,2,5,1,142.530928,audio,0,26.58809327,Auditory
11,Junior Secondary School 1,Male,39.42798699,4,2,4,2,192.3904584,audio,1,30.79394265,Auditory
10,Junior Secondary School 1,Female,85.03976907,3,4,2,1,179.2664663,animation,1,31.13352559,Visual
4,Nursery,Female,42.0685117,1,17,7,0,114.1553063,animation,1,39.7899621,Kinesthetic
8,Primary 4,Male,61.0971879,1,4,2,0,170.6204765,text,0,18.63776143,Logical
6,Primary 2,Male,51.96720516,5,2,4,2,214.3592168,audio,0,21.10895628,Auditory
4,Nursery,Female,44.54749112,5,2,5,2,176.8226639,audio,1,27.29641055,Auditory
5,Primary 1,Female,88.35032539,2,4,3,0,182.6109329,animation,1,21.50728278,Visual
9,Primary 5,Female,54.45124306,1,13,6,1,101.0623341,animation,1,40.0995116,Kinesthetic
5,Primary 1,Female,41.108712,3,8,7,1,117.4418577,animation,0,52.36369736,Kinesthetic
10,Junior Secondary School 1,Female,50.1932319,4,11,6,0,113.4890146,text,1,40.0257567,Kinesthetic
9,Primary 5,Male,27.35686742,1,13,5,0,95.14052309,animation,0,37.70612595,Kinesthetic
12,Junior Secondary School 2,Male,77.98638131,0,8,1,0,171.986972,text,0,14.68919261,Logical
9,Primary 4,Male,86.62677447,1,3,4,0,126.8938908,text,1,24.27265766,Visual
8,Primary 4,Male,79.58805618,2,2,2,0,162.1590466,animation,0,22.88805648,Visual
11,Junior Secondary School 1,Male,66.53310946,2,6,1,0,222.7558667,text,0,22.3045997,Logical
6,Primary 1,Male,83.56809189,0,2,3,0,153.230245,animation,0,31.5341674,Visual
7,Primary 2,Female,63.4869823,0,6,4,1,159.3987267,animation,1,41.95009956,Visual
11,Junior Secondary School 2,Female,50.77032128,3,5,5,2,155.7575706,audio,1,19.85375765,Auditory
7,Primary 2,Male,85.87650225,2,1,4,0,165.8603735,animation,1,31.11544412,Visual
7,Primary 2,Male,73.53446658,0,1,4,1,128.5725923,animation,1,27.37932182,Visual
5,Primary 1,Female,82.52924764,0,1,2,0,166.6317409,animation,0,30.4316933,Visual
5,Primary 1,Female,48.91432891,3,17,5,1,163.0048201,text,1,41.32448074,Kinesthetic
10,Primary 5,Female,39.39686533,4,3,3,2,156.6130495,audio,0,25.99442249,Auditory
12,Junior Secondary School 3,Female,13.24479972,2,7,4,0,166.7824422,text,0,40.34301253,Kinesthetic
12,Junior Secondary School 3,Male,38.27743305,3,4,3,2,196.5485934,audio,0,30.65894845,Auditory
6,Primary 1,Female,54.09180788,1,6,2,0,214.4564966,text,0,23.75161799,Logical
7,Primary 3,Male,103.0473061,0,5,4,1,177.9330361,text,0,24.30591099,Visual
10,Junior Secondary School 1,Female,63.45920271,1,3,1,0,240.452501,text,0,19.177444,Logical
10,Junior Secondary School 1,Female,83.32608776,1,9,3,1,156.3279223,text,1,29.45192002,Visual
7,Primary 2,Female,34.42501054,2,0,4,1,148.5131052,audio,0,29.9818717,Auditory
10,Primary 5,Female,66.29498224,2,3,2,0,126.8022651,text,0,19.71574314,Logical
11,Junior Secondary School 2,Male,53.41343399,1,13,4,1,110.1285625,text,0,37.51230277,Kinesthetic
11,Junior Secondary School 1,Female,55.95247344,0,9,1,0,170.8283801,text,0,18.8688902,Logical
12,Junior Secondary School 3,Female,94.28581503,0,6,3,0,148.4837699,animation,0,27.6271591,Visual
6,Primary 2,Male,85.82271986,0,4,2,0,161.127228,animation,0,34.76916296,Visual
7,Primary 3,Female,36.83436989,2,14,5,1,150.7922216,animation,0,40.54158729,Kinesthetic
12,Junior Secondary School 3,Female,31.60233614,2,8,4,2,167.3979975,audio,1,23.30020713,Auditory
11,Junior Secondary School 2,Female,45.18133149,2,1,1,0,160.2061467,text,0,17.71882909,Logical
8,Primary 4,Female,60.60533977,0,3,2,0,168.6341618,text,0,20.26701715,Logical
4,Nursery,Female,100.9497184,1,2,4,0,156.4692295,animation,0,26.53120231,Visual
12,Junior Secondary School 2,Female,47.06246205,2,9,5,0,100.1586303,animation,1,27.1173155,Kinesthetic
11,Junior Secondary School 2,Male,42.26294621,0,8,1,0,133.2591064,text,0,20.13990417,Logical
7,Primary 2,Female,85.86097993,2,3,2,1,137.8281537,animation,1,27.43595077,Visual
5,Primary 1,Female,59.04600091,1,6,5,1,106.4600101,animation,1,44.9836768,Kinesthetic
9,Primary 4,Female,98.09577369,0,3,4,1,129.0408592,animation,1,28.84570165,Visual
7,Primary 2,Male,49.26041935,2,0,5,1,147.2756267,audio,0,21.04402534,Auditory
5,Nursery,Male,92.48396276,1,1,2,1,120.3145493,animation,0,32.62813138,Visual
12,Junior Secondary School 2,Female,59.38544252,0,2,1,0,197.7151183,text,0,17.0675969,Logical
5,Nursery,Female,73.46433575,2,10,5,1,156.0628633,animation,1,39.85959809,Kinesthetic
10,Primary 5,Female,56.33113324,0,9,7,0,119.17932,animation,0,45.38739748,Kinesthetic
11,Junior Secondary School 2,Female,20.0229132,8,3,5,2,139.3627401,audio,1,34.69178926,Auditory
6,Primary 2,Female,88.34834941,2,2,4,1,141.2645707,animation,1,34.02731012,Visual
5,Nursery,Female,62.53622581,2,6,4,0,110.3339525,text,0,44.8141829,Kinesthetic
12,Junior Secondary School 3,Female,79.82397292,3,4,2,0,157.7560322,animation,0,28.03843028,Visual
8,Primary 3,Male,90.49752321,1,5,4,1,151.8152036,text,0,32.11388629,Visual
12,Junior Secondary School 2,Female,95.14818567,1,3,4,0,169.105132,animation,1,36.60821401,Visual
7,Primary 3,Female,93.93248092,1,4,4,1,183.6773751,animation,1,22.35602119,Visual
5,Nursery,Female,96.75739822,0,4,2,1,94.29602436,animation,0,38.51380582,Visual
9,Primary 4,Male,59.14692926,1,1,1,0,185.3857003,text,0,23.16695073,Logical
12,Junior Secondary School 2,Female,72.47037097,0,3,2,0,165.7195198,text,1,32.44204874,Visual
6,Primary 2,Male,78.0042921,0,10,2,0,187.3530487,text,0,17.57369809,Logical
8,Primary 4,Male,65.69774239,2,6,7,1,105.3408949,text,0,39.26753264,Kinesthetic
9,Primary 4,Male,73.76029053,2,4,2,1,131.3060491,text,1,20.42288403,Visual
8,Primary 4,Female,55.28382993,1,5,5,0,89.25295389,text,0,40.89295003,Kinesthetic
5,Primary 1,Male,39.44326131,9,3,5,2,187.3340758,audio,1,21.27746763,Auditory
6,Primary 2,Male,38.84940905,1,9,5,0,187.0956402,text,1,40.05352609,Kinesthetic
5,Nursery,Female,46.97286496,1,3,1,0,173.4545612,text,0,23.34372632,Logical
6,Primary 2,Male,43.18661441,1,3,1,0,161.2964938,text,0,21.0622503,Logical
12,Junior Secondary School 3,Female,72.08020599,2,2,2,0,200.2138444,text,0,16.32743297,Logical
6,Primary 2,Female,62.41444131,5,6,5,1,127.5802146,animation,1,38.46822872,Kinesthetic
12,Junior Secondary School 3,Female,56.2841063,1,3,2,0,161.9346195,text,0,18.86994754,Logical
9,Primary 5,Female,71.3422133,2,11,4,1,74.10455652,animation,1,37.67151086,Kinesthetic
10,Junior Secondary School 1,Female,37.38582619,7,2,3,1,172.4127601,audio,0,22.72474923,Auditory
12,Junior Secondary School 2,Female,25.22482872,3,2,5,2,145.2217545,audio,1,19.36313459,Auditory
5,Primary 1,Male,40.20030798,8,2,4,1,193.8040577,audio,1,26.57574726,Auditory
6,Primary 2,Male,52.11237681,0,5,2,0,231.6180471,text,0,19.10596733,Logical
6,Primary 2,Male,70.52957051,1,3,3,0,137.3996505,animation,0,24.70215304,Visual
11,Junior Secondary School 1,Female,80.60236956,1,2,4,1,136.3254468,animation,0,27.47326474,Visual
4,Nursery,Female,84.68340374,1,2,2,0,115.5494627,animation,1,35.41127805,Visual
10,Junior Secondary School 1,Female,51.56489064,1,2,1,0,156.7915934,text,0,16.49538769,Logical
5,Primary 1,Male,59.8233164,0,13,4,0,153.3455974,text,1,44.1982183,Kinesthetic
8,Primary 4,Male,48.5257739,0,2,2,0,167.9151212,text,0,20.50689655,Logical
7,Primary 2,Male,59.74802633,1,6,2,0,212.204291,text,0,21.66082201,Logical
7,Primary 3,Female,61.31357571,4,14,7,1,143.364258,animation,1,36.38170719,Kinesthetic
12,Junior Secondary School 3,Female,53.26892357,1,6,2,0,156.7028374,text,0,18.55546666,Logical
10,Junior Secondary School 1,Male,58.76003552,1,1,2,0,175.8614808,text,0,16.42848452,Logical
8,Primary 3,Female,41.92978595,4,8,6,1,114.913073,animation,0,52.27619512,Kinesthetic
9,Primary 4,Female,46.00800118,5,9,5,1,160.1505353,text,1,40.15867584,Kinesthetic
8,Primary 3,Male,38.77286302,9,2,4,2,124.3005675,audio,1,27.01919739,Auditory
10,Junior Secondary School 1,Female,70.50273271,2,16,4,1,129.9475339,text,0,38.96643779,Kinesthetic
11,Junior Secondary School 1,Male,68.90131877,1,9,4,1,80.2637704,text,1,56.58637384,Kinesthetic
12,Junior Secondary School 3,Male,83.38417187,1,3,1,0,201.792512,text,0,23.74585843,Logical
9,Primary 4,Male,56.85125931,1,4,2,0,119.5956443,text,0,23.02467877,Logical
7,Primary 3,Female,52.0909195,6,1,4,1,134.935823,audio,1,28.64394064,Auditory
12,Junior Secondary School 2,Male,111.4212599,1,1,2,0,160.6151605,text,0,20.13254673,Visual
5,Nursery,Male,50.98133722,1,9,4,1,136.6156325,text,1,47.07984815,Kinesthetic
12,Junior Secondary School 3,Female,47.85052264,2,17,4,1,176.3056657,animation,1,40.57020704,Kinesthetic
12,Junior Secondary School 2,Male,51.40335077,2,0,3,2,137.1563425,audio,0,26.96229568,Auditory
9,Primary 5,Female,60.07983667,2,2,4,1,143.6560435,animation,1,27.45652267,Visual
8,Primary 3,Female,41.33772126,4,2,4,1,148.9176079,audio,1,27.54502421,Auditory
8,Primary 3,Female,66.29088257,3,3,2,0,175.0081934,text,0,19.04797637,Logical
7,Primary 3,Male,41.51864114,8,1,3,2,150.7173555,audio,1,19.46166974,Auditory
11,Junior Secondary School 1,Female,35.05289771,6,2,3,1,170.2245585,audio,1,21.05321841,Auditory
6,Primary 2,Female,28.21524556,2,6,4,1,128.0935938,text,1,34.58114596,Kinesthetic
7,Primary 3,Male,88.16864359,0,1,4,0,122.4520065,text,0,32.23344891,Visual
5,Primary 1,Male,77.79078449,1,1,3,1,143.2053163,animation,1,36.72619322,Visual
10,Junior Secondary School 1,Male,80.84769491,0,4,4,1,171.0689419,text,0,29.37500667,Visual
12,Junior Secondary School 3,Female,73.93835455,1,2,1,0,163.2649191,text,0,21.4763373,Logical
7,Primary 2,Female,47.11179934,1,11,6,0,160.8536747,animation,0,41.44938569,Kinesthetic
5,Nursery,Female,73.85758245,1,7,3,1,144.5952785,animation,0,28.27903145,Visual
10,Junior Secondary School 1,Female,30.76872174,3,1,3,1,203.5243148,audio,1,24.69797238,Auditory
9,Primary 4,Female,43.86338112,1,12,4,1,106.1846697,text,0,40.48782916,Kinesthetic
8,Primary 4,Male,53.72884874,0,4,1,0,175.8913188,text,0,19.00944477,Logical
10,Primary 5,Female,55.25426519,4,12,5,1,144.489248,text,1,29.82272434,Kinesthetic
8,Primary 4,Female,44.7226118,4,13,6,0,125.381695,text,1,36.86167441,Kinesthetic
9,Primary 4,Male,73.42913649,1,10,6,0,132.7833644,animation,0,44.59998035,Kinesthetic
6,Primary 2,Male,46.35694997,1,9,4,0,131.7155466,animation,0,37.91287996,Kinesthetic
9,Primary 4,Male,86.66208473,0,4,2,1,169.6551555,animation,1,31.55271225,Visual
11,Junior Secondary School 2,Male,95.9430799,1,3,4,0,146.7096137,animation,1,42.17590016,Visual
12,Junior Secondary School 3,Female,72.42534388,0,3,2,0,198.2706394,text,0,22.57905612,Logical
4,Nursery,Male,35.72486441,9,1,4,2,110.5635593,audio,1,25.71789482,Auditory
12,Junior Secondary School 3,Male,34.80290629,1,12,4,1,144.0280861,animation,1,41.74708158,Kinesthetic
4,Nursery,Male,49.43598623,7,0,5,1,206.6329384,audio,0,23.25947936,Auditory
6,Primary 1,Female,69.06556828,0,4,2,0,252.401879,text,0,17.02655106,Logical
12,Junior Secondary School 3,Male,94.01416812,1,2,3,0,137.9458796,animation,1,28.3710634,Visual
12,Junior Secondary School 3,Male,57.30391433,0,4,1,0,155.8171218,text,0,18.88305069,Logical
8,Primary 4,Male,46.02267423,5,2,4,1,145.6979839,audio,0,22.64312362,Auditory
12,Junior Secondary School 3,Female,35.37418756,2,10,7,0,97.43501869,text,1,42.70473657,Kinesthetic
10,Junior Secondary School 1,Male,83.34041865,2,7,2,1,149.0548256,animation,1,34.5241235,Visual
5,Primary 1,Male,57.8249614,2,2,2,0,205.8372291,text,0,18.5931161,Logical
5,Nursery,Male,35.99424814,4,10,5,0,124.5554035,text,1,42.49238615,Kinesthetic
5,Nursery,Male,93.61530197,1,3,4,1,141.0070853,animation,0,28.12752969,Visual
12,Junior Secondary School 3,Female,50.29716535,4,4,3,1,159.2476871,audio,0,22.82951405,Auditory
11,Junior Secondary School 2,Male,79.89326277,0,3,2,1,159.7672143,text,0,30.13550659,Visual
4,Nursery,Male,46.53929143,6,3,5,2,131.9242086,audio,0,30.40961734,Auditory
6,Primary 1,Male,51.139211,2,1,2,0,200.123587,text,0,24.24625161,Logical
12,Junior Secondary School 3,Male,52.60606503,2,5,2,0,148.353233,text,0,26.97118599,Logical
12,Junior Secondary School 3,Female,85.86301229,1,2,3,0,169.1272949,animation,1,26.25390897,Visual
12,Junior Secondary School 3,Male,35.20226596,6,1,5,1,133.6602304,audio,1,26.23457244,Auditory
10,Primary 5,Male,26.36736971,0,9,7,0,120.4820972,text,0,42.14092076,Kinesthetic
8,Primary 4,Female,75.38612253,1,10,3,0,160.5664524,text,0,27.79758259,Visual
10,Primary 5,Male,30.42552155,1,5,4,0,149.1607917,text,0,39.55751772,Kinesthetic
4,Nursery,Male,72.15723919,0,2,1,0,189.1472487,text,0,22.07703664,Logical
11,Junior Secondary School 2,Male,59.92325135,3,2,3,2,163.8713696,audio,1,27.07310319,Auditory
4,Nursery,Male,51.41232758,0,3,2,0,166.1929099,text,0,25.7554033,Logical
5,Nursery,Female,25.09694315,3,2,4,2,162.5619335,audio,0,29.84542573,Auditory
10,Primary 5,Female,59.92793985,0,6,2,0,163.7994577,text,0,21.84823662,Logical
8,Primary 4,Female,42.98274025,1,12,4,0,88.0297491,text,0,31.37109427,Kinesthetic
8,Primary 3,Male,88.06444763,1,1,3,1,101.5623571,animation,1,25.36311163,Visual
6,Primary 2,Female,52.66807175,1,4,2,0,187.0890835,text,0,18.92377228,Logical
4,Nursery,Male,47.02042314,2,9,6,1,164.6443105,text,0,38.34881894,Kinesthetic
12,Junior Secondary School 3,Male,48.52733157,2,3,2,0,206.5232032,text,0,16.88574318,Logical
8,Primary 3,Female,67.41910092,1,13,6,1,123.4380196,text,1,41.01020732,Kinesthetic
9,Primary 5,Female,33.06673989,1,5,4,0,123.888741,animation,0,39.7179727,Kinesthetic
10,Primary 5,Male,28.87046325,2,0,4,2,208.9806659,audio,0,27.68057109,Auditory
5,Primary 1,Male,84.70791992,0,2,3,1,135.8153411,animation,1,17.72750686,Visual
5,Nursery,Female,53.85528684,1,1,1,0,174.0099802,text,0,16.62450645,Logical
8,Primary 3,Female,82.01855359,0,3,2,1,176.7501734,animation,1,25.00421596,Visual
9,Primary 5,Female,92.31340815,1,5,3,0,175.3261963,text,0,30.02283777,Visual
6,Primary 2,Female,46.2636725,1,8,5,1,136.3291487,animation,0,36.70166963,Kinesthetic
5,Nursery,Male,47.36091972,2,7,7,1,146.4588744,animation,1,43.45956708,Kinesthetic
6,Primary 1,Female,32.53017913,6,4,5,2,168.5891517,audio,0,22.15174722,Auditory
12,Junior Secondary School 2,Male,58.06805659,2,4,2,0,157.8748306,text,0,19.56574322,Logical
9,Primary 5,Female,36.03850668,0,7,2,0,169.0075753,text,0,21.03292949,Logical
11,Junior Secondary School 1,Male,65.29301752,0,12,5,1,197.6625179,text,1,41.20555022,Kinesthetic
9,Primary 5,Male,84.59196266,0,2,4,1,141.3198905,text,0,30.05018221,Visual
8,Primary 3,Female,65.23604586,1,3,1,0,219.5039372,text,0,22.52129449,Logical
9,Primary 4,Male,45.72799629,1,1,4,2,160.953194,audio,1,32.32869257,Auditory
7,Primary 2,Male,39.17233934,5,0,5,1,176.895432,audio,0,21.56097311,Auditory
10,Junior Secondary School 1,Male,50.49782307,5,1,3,1,200.2813793,audio,1,23.5009646,Auditory
6,Primary 2,Male,33.99589411,3,2,3,2,178.1513783,audio,0,23.55605098,Auditory
12,Junior Secondary School 2,Male,77.99069795,0,2,4,1,148.4241371,animation,0,26.51311017,Visual
7,Primary 3,Female,41.48122052,2,6,4,1,143.3636022,text,0,42.7450691,Kinesthetic
11,Junior Secondary School 1,Female,65.85937145,1,2,3,1,159.238442,text,0,31.53217226,Visual
9,Primary 5,Male,47.44597343,6,0,3,2,143.593527,audio,1,24.90440303,Auditory
5,Primary 1,Male,34.90353261,4,3,5,2,164.76209,audio,1,20.87295751,Auditory
6,Primary 2,Male,40.34514854,2,7,7,1,106.8857337,text,1,28.11371694,Kinesthetic
10,Junior Secondary School 1,Male,25.57045445,2,9,5,1,108.1982778,text,1,37.65432918,Kinesthetic
12,Junior Secondary School 3,Male,31.15834068,4,0,5,1,141.4828005,audio,0,26.4539245,Auditory
10,Primary 5,Female,90.42474196,1,3,2,1,168.9013405,animation,1,33.88764331,Visual
8,Primary 3,Male,96.66884998,2,4,3,0,155.195242,animation,1,28.7067034,Visual
11,Junior Secondary School 1,Female,44.92776968,1,11,7,1,135.246077,animation,0,42.34817897,Kinesthetic
8,Primary 4,Female,86.79942616,1,2,2,0,153.4821906,animation,0,31.00062032,Visual
5,Nursery,Female,16.92275314,5,1,4,1,150.1443605,audio,0,31.19339446,Auditory
10,Primary 5,Female,69.18657128,2,2,3,0,126.3373565,animation,1,28.89211286,Visual
7,Primary 3,Female,65.90583122,0,14,6,1,97.26262776,animation,0,42.72830433,Kinesthetic
9,Primary 5,Male,76.4026077,1,1,3,1,171.517827,text,1,25.56655835,Visual
6,Primary 2,Female,37.32688924,4,11,5,1,119.5354075,animation,1,36.61688658,Kinesthetic
12,Junior Secondary School 3,Male,28.71401899,1,4,5,1,180.4992852,audio,1,24.77499279,Auditory
8,Primary 3,Female,63.44220912,0,5,1,0,219.4999555,text,0,19.67790053,Logical
7,Primary 3,Male,58.58741074,3,9,2,0,147.9903243,text,0,16.27376244,Logical
12,Junior Secondary School 3,Male,59.96611804,1,0,2,0,176.9087825,text,0,18.52972259,Logical
9,Primary 5,Male,49.05113186,1,4,2,0,211.7796371,text,0,11.97610236,Logical
5,Nursery,Female,76.85957177,1,12,4,1,123.0017911,animation,0,39.36393294,Kinesthetic
12,Junior Secondary School 3,Female,45.66774807,1,5,2,0,202.7982575,text,0,17.42839596,Logical
9,Primary 5,Male,78.3860139,1,2,4,0,180.1681681,animation,0,24.42936819,Visual
11,Junior Secondary School 1,Male,64.177854,0,8,1,0,162.3281113,text,0,20.75997535,Logical
11,Junior Secondary School 1,Male,45.97506487,2,0,3,1,135.6778735,audio,0,23.53510357,Auditory
6,Primary 2,Male,49.00617122,7,1,3,2,177.433142,audio,0,31.83058362,Auditory
11,Junior Secondary School 1,Female,55.68119467,1,5,1,0,200.2672529,text,0,17.63291737,Logical
6,Primary 2,Male,61.99820322,0,1,4,1,149.948238,animation,0,27.75133602,Visual
10,Primary 5,Female,68.33648443,2,12,5,0,97.30318536,text,1,37.84955175,Kinesthetic
8,Primary 3,Female,74.07713043,0,5,2,0,155.5754827,text,0,21.63264646,Logical
4,Nursery,Female,18.98982515,0,12,4,1,152.6571557,text,0,33.38221316,Kinesthetic
10,Primary 5,Female,77.82392057,2,5,2,0,139.4983724,text,1,28.45673172,Visual
5,Primary 1,Female,59.68493553,1,15,4,0,135.6588629,animation,0,36.72517956,Kinesthetic
5,Primary 1,Female,35.99234446,7,2,5,1,181.5276515,audio,1,24.88037195,Auditory
10,Primary 5,Male,93.55320324,0,1,2,0,154.4393595,text,1,22.5066529,Visual
11,Junior Secondary School 2,Male,100.0025699,3,3,2,0,140.4929047,text,1,31.79560607,Visual
5,Primary 1,Female,35.33728588,4,5,5,2,78.02179553,audio,0,24.99607492,Auditory
8,Primary 4,Male,83.73868259,2,16,7,1,113.0984229,animation,1,29.92284616,Kinesthetic
12,Junior Secondary School 3,Female,71.26464514,3,2,2,1,160.3938987,text,0,25.76196802,Visual
5,Nursery,Male,41.97023361,6,6,5,1,128.283023,audio,1,27.25750869,Auditory
12,Junior Secondary School 3,Male,48.07381669,0,5,1,0,214.2240093,text,0,20.02433916,Logical
11,Junior Secondary School 1,Female,47.6301558,1,8,2,0,203.4078842,text,0,18.72349887,Logical
11,Junior Secondary School 2,Male,97.34483104,0,2,4,0,163.2015964,text,0,36.56157067,Visual
9,Primary 5,Female,40.77066789,5,2,3,2,184.4087045,audio,0,24.82598749,Auditory
8,Primary 4,Male,43.65648545,7,1,3,1,130.9765674,audio,1,28.27306554,Auditory
9,Primary 4,Female,53.55205367,1,3,1,0,200.1991276,text,0,19.54338485,Logical
8,Primary 4,Female,55.0584572,3,14,7,1,142.2417629,text,0,35.59516992,Kinesthetic
12,Junior Secondary School 3,Male,54.47837876,4,14,4,0,138.0310319,animation,1,46.32546093,Kinesthetic
12,Junior Secondary School 3,Female,89.20246196,0,2,4,0,138.8968725,animation,1,27.00699093,Visual
4,Nursery,Female,55.01124347,0,6,1,0,162.8503633,text,0,17.59366048,Logical
5,Nursery,Male,35.86688501,0,16,7,0,114.0226376,animation,0,31.3632282,Kinesthetic
9,Primary 4,Male,40.29133534,1,10,4,0,129.474816,animation,0,37.72280594,Kinesthetic
8,Primary 3,Female,41.72227132,2,2,5,2,171.1570782,audio,0,26.43705081,Auditory
7,Primary 3,Female,39.5079229,5,3,3,1,184.6014426,audio,1,29.92192387,Auditory
7,Primary 3,Female,53.47472291,0,15,7,0,131.8388019,animation,0,34.71953405,Kinesthetic
11,Junior Secondary School 2,Male,37.72651703,3,2,3,2,142.3055041,audio,1,25.90002915,Auditory
5,Nursery,Male,80.63237119,0,2,2,0,133.7975879,animation,0,26.16197483,Visual
9,Primary 4,Female,48.7006806,3,1,5,1,197.9735822,audio,0,23.9730484,Auditory
12,Junior Secondary School 3,Male,89.07330144,0,5,3,1,170.6760364,text,0,24.95069636,Visual
9,Primary 5,Female,73.94084125,1,14,6,0,142.0971095,text,0,50.00664196,Kinesthetic
5,Nursery,Male,40.42231437,7,2,3,2,112.21004,audio,0,26.83647063,Auditory
5,Nursery,Female,49.0908838,1,1,2,0,121.1222449,text,0,20.9700339,Logical
10,Primary 5,Female,65.15804388,0,5,1,0,238.8154864,text,0,17.60555626,Logical
10,Junior Secondary School 1,Female,85.15578297,0,2,2,1,160.0048705,animation,1,30.29265866,Visual
5,Primary 1,Female,104.8453511,1,3,3,1,129.0436584,animation,0,26.61458657,Visual
10,Junior Secondary School 1,Male,75.18255234,0,2,3,0,160.3890217,animation,0,31.85194893,Visual
11,Junior Secondary School 1,Male,41.9966442,1,9,4,0,131.3588282,animation,0,38.59696471,Kinesthetic
5,Primary 1,Male,48.70999166,2,14,5,0,117.027807,text,1,44.66178016,Kinesthetic
9,Primary 5,Male,16.34624313,0,8,5,1,157.4031137,text,0,37.04591451,Kinesthetic
8,Primary 3,Male,58.79188895,0,0,2,0,148.3796573,animation,1,33.4650686,Visual
12,Junior Secondary School 2,Male,34.97056163,7,2,3,2,108.234712,audio,1,23.75159163,Auditory
8,Primary 3,Female,80.57355354,1,1,3,1,109.1965084,text,0,36.69236428,Visual
10,Junior Secondary School 1,Male,36.57012118,5,1,3,1,138.3400338,audio,0,8.36906449,Auditory
7,Primary 3,Male,61.56897636,0,4,1,0,134.2613626,text,0,20.02845583,Logical
9,Primary 4,Female,36.38462643,3,3,5,1,167.8765594,audio,1,23.2886595,Auditory
9,Primary 5,Female,53.2276283,5,3,4,2,119.4769259,audio,0,26.16601252,Auditory
8,Primary 4,Female,87.42298438,1,3,3,0,155.5006594,animation,0,35.11392606,Visual
5,Primary 1,Female,80.82253283,1,11,6,1,95.57059042,text,0,40.71120165,Kinesthetic
6,Primary 1,Female,34.85592655,8,2,4,2,192.0623711,audio,0,27.25800182,Auditory
4,Nursery,Female,36.6890201,5,1,5,1,188.8666881,audio,0,22.99186263,Auditory
6,Primary 1,Male,55.35153186,1,6,7,1,146.4537596,animation,0,44.43419232,Kinesthetic
5,Primary 1,Male,23.88347373,5,2,3,1,198.1642405,audio,1,21.31484432,Auditory
7,Primary 3,Female,39.35532196,3,3,5,1,203.3456328,audio,0,26.38852994,Auditory
12,Junior Secondary School 2,Male,54.31916221,1,4,2,0,142.3055133,text,0,19.00905379,Logical
11,Junior Secondary School 1,Male,38.59469472,8,1,5,2,165.4005742,audio,1,23.75896114,Auditory
12,Junior Secondary School 3,Female,41.86699724,1,4,5,1,155.9187211,audio,0,29.71087214,Auditory
8,Primary 3,Female,72.79759885,0,3,4,1,155.5202531,animation,0,30.99360494,Visual
7,Primary 3,Female,41.59902221,2,3,2,0,237.113863,text,0,12.25903694,Logical
11,Junior Secondary School 2,Female,83.83443105,0,2,2,1,146.8533476,animation,0,38.08746621,Visual
4,Nursery,Female,90.49570969,0,3,4,0,135.6982001,animation,0,23.93113703,Visual
11,Junior Secondary School 1,Male,75.46951786,2,1,3,1,128.5157441,animation,1,33.29657558,Visual
6,Primary 1,Male,82.42431978,1,1,3,0,108.1687128,animation,1,33.27728035,Visual
7,Primary 3,Female,86.35339589,0,1,3,0,157.8567386,text,0,20.06920036,Visual
10,Junior Secondary School 1,Male,63.14283121,4,4,1,0,230.0692992,text,0,21.39359641,Logical
6,Primary 1,Female,92.70842463,0,0,4,1,129.9705898,animation,0,34.17986646,Visual
12,Junior Secondary School 3,Male,36.37763815,3,2,5,2,165.5013094,audio,1,31.13895497,Auditory
4,Nursery,Male,76.79288983,0,1,3,1,111.3767029,text,1,26.82967621,Visual
12,Junior Secondary School 3,Female,42.20409215,7,3,5,1,122.9657369,audio,1,27.66068847,Auditory
10,Primary 5,Female,43.64487456,2,8,4,1,113.2459816,animation,0,45.20456615,Kinesthetic
9,Primary 4,Male,38.74768004,1,3,2,0,188.1628789,text,0,18.67259953,Logical
6,Primary 2,Male,73.99803979,3,5,2,0,202.6288776,text,0,17.54864371,Logical
12,Junior Secondary School 3,Female,81.64864618,2,1,4,0,134.5422752,animation,1,30.75914539,Visual
8,Primary 4,Female,55.15095918,0,5,1,0,173.1826691,text,0,16.22205115,Logical
11,Junior Secondary School 2,Male,54.91537673,0,2,2,0,151.407935,text,0,15.50771255,Logical
5,Nursery,Male,35.83651769,1,13,7,0,128.0336051,text,1,52.13922161,Kinesthetic
11,Junior Secondary School 1,Male,60.99061565,1,12,4,1,164.5440099,text,0,36.98782252,Kinesthetic
8,Primary 4,Male,44.7220257,3,13,4,0,111.8105654,animation,0,36.3390148,Kinesthetic
5,Primary 1,Female,52.66605377,8,2,3,1,168.8994413,audio,1,27.99285748,Auditory
11,Junior Secondary School 2,Female,32.48745344,0,5,1,0,207.7322185,text,0,18.00670949,Logical
9,Primary 5,Male,89.33208264,3,2,2,0,139.7943786,animation,0,25.91041966,Visual
12,Junior Secondary School 3,Male,62.69566527,1,5,2,0,171.3706043,text,0,16.81422166,Logical
8,Primary 3,Male,47.89007953,0,3,2,0,211.5584633,text,0,19.20135124,Logical
10,Primary 5,Female,87.16458665,0,2,2,0,214.7011979,text,0,19.7913367,Logical
11,Junior Secondary School 1,Male,58.91993337,2,7,6,1,86.7088407,animation,1,49.93059449,Kinesthetic
7,Primary 2,Male,55.82551294,5,0,3,2,158.8478629,audio,0,23.79121951,Auditory
6,Primary 2,Male,75.64362569,1,8,1,0,161.8379518,text,0,16.80213214,Logical
6,Primary 1,Male,54.24506104,0,4,2,0,189.4101346,text,0,17.36142509,Logical
12,Junior Secondary School 3,Female,38.58929028,6,6,4,1,139.2334909,audio,1,23.54518819,Auditory
5,Primary 1,Female,79.83956362,2,1,2,1,126.0859803,animation,0,18.15164172,Visual
5,Nursery,Male,85.19282945,3,6,4,0,152.1056295,animation,0,25.05712825,Visual
9,Primary 5,Male,35.4549005,7,2,3,1,169.75715,audio,1,23.42979908,Auditory
10,Junior Secondary School 1,Male,55.76499053,2,9,5,1,129.0797616,animation,0,32.58292884,Kinesthetic
10,Junior Secondary School 1,Male,73.17163828,4,9,6,1,150.8699065,animation,0,48.18890629,Kinesthetic
5,Nursery,Female,35.16027977,4,14,7,0,117.9534379,text,1,43.79716861,Kinesthetic
8,Primary 3,Male,33.7144377,3,1,3,2,176.4235981,audio,1,24.67166472,Auditory
7,Primary 3,Female,64.8018224,1,4,4,1,142.1761732,animation,1,32.79851423,Visual
5,Primary 1,Female,35.15807691,0,8,5,1,129.7976595,animation,0,39.8558189,Kinesthetic
7,Primary 3,Female,40.93839189,8,4,5,1,186.0533766,audio,0,25.94148264,Auditory
11,Junior Secondary School 2,Female,60.78693112,1,4,1,0,164.9406126,text,0,18.18076298,Logical
5,Nursery,Male,32.88293219,7,2,3,2,194.074146,audio,0,21.33417763,Auditory
8,Primary 3,Female,52.3967241,0,4,2,0,230.1878867,text,0,23.1701438,Logical
7,Primary 3,Female,71.0360957,0,4,1,0,159.3067382,text,0,19.40961671,Logical
11,Junior Secondary School 1,Female,48.36706033,1,4,1,0,188.6153201,text,0,19.50317689,Logical
6,Primary 1,Male,99.65360143,3,2,2,1,152.9986265,animation,0,35.40064771,Visual
10,Junior Secondary School 1,Female,52.27328508,2,6,2,0,162.5798421,text,0,20.49522129,Logical
10,Junior Secondary School 1,Female,46.68193099,5,2,5,2,117.9051566,audio,0,23.34541493,Auditory
10,Primary 5,Female,73.81843351,3,2,3,0,115.6018787,animation,1,26.44336184,Visual
12,Junior Secondary School 2,Female,37.35724397,2,0,4,2,119.6735962,audio,1,26.70914608,Auditory
8,Primary 4,Female,95.80683852,1,3,4,1,168.5070424,text,0,26.99150849,Visual
11,Junior Secondary School 2,Male,57.42081481,0,5,4,0,82.49755069,animation,0,35.84915684,Kinesthetic
12,Junior Secondary School 3,Male,95.31986318,2,3,2,1,150.9101196,animation,0,31.45107796,Visual
11,Junior Secondary School 2,Male,79.26013937,1,4,1,0,179.0225418,text,0,18.10004713,Logical
6,Primary 2,Female,47.19683817,8,3,3,2,111.6377585,audio,0,25.81501282,Auditory
5,Nursery,Male,51.01415234,6,4,5,1,120.7831265,audio,1,26.46366066,Auditory
6,Primary 1,Male,66.56768773,1,3,2,0,144.5088472,text,0,13.87493828,Logical
10,Junior Secondary School 1,Female,78.93635055,1,4,3,1,165.2908819,text,1,27.18048049,Visual
11,Junior Secondary School 2,Male,52.03952954,1,2,1,0,157.0659514,text,0,24.06368361,Logical
12,Junior Secondary School 2,Male,70.59332789,0,9,5,1,158.8138317,text,0,37.79837497,Kinesthetic
10,Primary 5,Female,64.62379115,1,8,4,0,136.8059592,animation,0,49.97944898,Kinesthetic
8,Primary 3,Female,44.11111802,3,1,4,1,165.4709765,audio,1,18.68871864,Auditory
10,Junior Secondary School 1,Female,51.07699083,7,1,3,2,138.8840616,audio,0,27.50148549,Auditory
5,Nursery,Male,31.5926514,1,11,6,1,154.4982093,animation,1,49.32227119,Kinesthetic
7,Primary 3,Female,16.71963557,2,2,5,1,187.0242554,audio,1,30.72723348,Auditory
6,Primary 1,Female,85.24483524,2,4,3,1,148.3870696,animation,0,39.81083889,Visual
9,Primary 4,Male,45.02440902,3,2,3,2,118.2371859,audio,1,20.66333519,Auditory
8,Primary 3,Female,75.83968367,1,3,3,1,153.4964404,text,0,24.67732509,Visual
7,Primary 3,Male,86.37594048,2,6,3,1,150.7480617,text,0,30.00395269,Visual
9,Primary 4,Male,67.28489088,1,6,1,0,170.1628541,text,0,18.2155827,Logical
10,Primary 5,Female,43.49634258,5,1,5,1,147.8651387,audio,0,27.59122449,Auditory
7,Primary 2,Male,21.22575547,6,1,5,1,157.7206982,audio,0,25.68001439,Auditory
6,Primary 1,Female,36.9670966,4,1,5,1,155.435843,audio,1,22.03164469,Auditory
11,Junior Secondary School 1,Male,69.67209647,0,6,1,0,163.5208353,text,0,18.60635623,Logical
8,Primary 3,Female,71.81856407,1,3,4,1,123.4727576,text,0,24.25819087,Visual
5,Nursery,Female,35.27307426,4,13,6,1,131.4607271,text,0,39.88974112,Kinesthetic
8,Primary 4,Male,67.39661091,5,4,1,0,150.4887143,text,0,23.69839741,Logical
11,Junior Secondary School 1,Female,89.73104921,1,4,3,1,159.1266672,text,1,37.87505547,Visual
10,Primary 5,Female,76.97178464,3,1,2,0,147.8141597,text,0,29.49876205,Visual
10,Primary 5,Female,92.56003202,0,2,3,1,151.3615257,animation,1,32.44417757,Visual
12,Junior Secondary School 2,Female,33.48998662,2,13,4,0,113.4357573,text,1,37.07340901,Kinesthetic
11,Junior Secondary School 2,Female,48.63007325,4,8,5,1,92.9490107,animation,0,29.56670479,Kinesthetic
12,Junior Secondary School 2,Female,72.89190794,3,16,4,0,114.0664657,animation,0,41.8647431,Kinesthetic
10,Junior Secondary School 1,Male,42.67065285,2,8,1,0,183.2208989,text,0,17.59500884,Logical
7,Primary 2,Female,33.51772755,8,1,5,1,199.2058155,audio,0,19.86513104,Auditory
4,Nursery,Male,32.83988272,6,2,5,1,191.9841712,audio,0,31.02739878,Auditory
12,Junior Secondary School 3,Male,80.5866945,6,7,4,1,133.7551186,animation,1,47.55675381,Kinesthetic
5,Nursery,Female,56.91311662,9,2,3,2,144.8968671,audio,1,29.60394611,Auditory
5,Nursery,Female,97.10716409,2,2,3,1,157.1634086,text,1,35.24017893,Visual
6,Primary 2,Male,72.06922605,3,11,6,0,96.21516338,text,0,46.46439404,Kinesthetic
10,Primary 5,Male,70.60436393,1,1,2,0,185.1472535,animation,0,27.78543772,Visual
9,Primary 4,Female,47.30615195,2,10,5,1,111.8765937,animation,0,45.04423046,Kinesthetic
9,Primary 5,Male,10.89686557,3,6,3,1,152.2567619,audio,1,33.04107678,Auditory
12,Junior Secondary School 3,Female,38.86281714,4,1,3,2,175.9318652,audio,0,17.07055704,Auditory
12,Junior Secondary School 2,Male,74.23704763,1,6,1,0,160.9418296,text,0,15.63838124,Logical
10,Primary 5,Female,49.80358828,2,1,3,2,154.6489122,audio,0,24.36929766,Auditory
5,Nursery,Male,38.83679171,6,3,5,1,140.2804941,audio,1,23.2785119,Auditory
4,Nursery,Female,84.33227796,1,1,4,0,171.2418987,animation,1,33.19634616,Visual
6,Primary 2,Male,64.25747215,1,13,6,1,144.8183483,text,1,40.86013436,Kinesthetic
5,Primary 1,Male,61.44452779,2,4,2,0,147.1727445,text,0,19.06996884,Logical
8,Primary 3,Female,35.65699861,2,11,4,1,164.0403789,animation,1,40.03430763,Kinesthetic
12,Junior Secondary School 3,Female,67.59190442,1,3,2,0,157.2530591,text,0,21.79356461,Logical
8,Primary 3,Male,92.92574544,0,8,7,1,156.9589499,text,1,48.55953624,Kinesthetic
12,Junior Secondary School 3,Female,76.68932445,2,1,2,0,175.2267737,animation,0,27.32704116,Visual
6,Primary 2,Female,60.59434759,1,4,2,0,182.7907849,text,0,19.20297195,Logical
7,Primary 2,Female,63.90020956,0,2,2,0,113.6543937,text,0,23.7712693,Logical
7,Primary 3,Female,34.60332837,6,9,4,1,121.9436563,text,1,50.84435449,Kinesthetic
7,Primary 3,Male,40.12578251,2,3,1,0,130.8342398,text,0,24.71367818,Logical
7,Primary 3,Male,39.48849927,7,1,5,2,156.9852364,audio,0,22.08792438,Auditory
6,Primary 2,Male,26.87602943,5,3,3,2,164.6004197,audio,0,24.07188226,Auditory
11,Junior Secondary School 2,Male,55.24899914,1,6,4,0,161.0891163,animation,1,41.56006256,Kinesthetic
5,Primary 1,Male,83.30011128,1,4,3,1,122.1439961,text,0,29.26190405,Visual
7,Primary 2,Female,41.56790346,1,9,1,0,161.3110212,text,0,20.61851336,Logical
8,Primary 3,Male,69.4673866,1,3,2,0,150.7823669,text,0,18.55795431,Logical
11,Junior Secondary School 2,Male,87.98228126,0,6,3,0,133.5128069,animation,0,24.81045267,Visual
6,Primary 1,Female,54.55113367,2,2,2,0,173.4617379,text,0,20.70160448,Logical
7,Primary 3,Female,23.55618267,9,2,5,1,102.6121181,audio,1,24.67046713,Auditory
12,Junior Secondary School 3,Female,39.00734424,1,11,4,1,157.3397969,animation,1,42.7908507,Kinesthetic
7,Primary 3,Female,69.44117475,0,0,4,0,154.199114,animation,0,21.02192431,Visual
8,Primary 3,Female,63.69537517,0,3,1,0,175.9805577,text,0,16.08633066,Logical
11,Junior Secondary School 2,Female,36.87562528,4,1,3,1,221.842952,audio,1,27.1968371,Auditory
4,Nursery,Female,63.2815925,0,2,2,0,198.860949,text,0,17.83456564,Logical
12,Junior Secondary School 3,Female,89.74299345,0,2,2,0,154.6205408,animation,1,29.19984705,Visual
6,Primary 2,Male,34.0432225,4,1,3,2,207.3158541,audio,0,25.23006263,Auditory
10,Junior Secondary School 1,Female,52.78743921,0,3,3,1,129.9501982,animation,0,28.47142668,Visual
12,Junior Secondary School 3,Female,45.91602787,6,1,4,1,137.5433791,audio,1,25.83764424,Auditory
11,Junior Secondary School 1,Male,31.97753155,3,0,5,2,175.3988399,audio,0,24.1926833,Auditory
8,Primary 4,Male,78.07114531,0,2,4,0,146.0542606,animation,0,30.46442275,Visual
12,Junior Secondary School 3,Female,55.73032971,5,3,3,2,156.049405,audio,1,31.42734419,Auditory
12,Junior Secondary School 3,Female,42.80760294,1,14,7,1,149.7090944,animation,1,39.75270155,Kinesthetic
4,Nursery,Female,54.30613573,1,13,4,1,106.0605798,animation,0,36.60648442,Kinesthetic
9,Primary 4,Female,51.74815102,2,9,7,1,154.8220547,text,0,40.34657551,Kinesthetic
4,Nursery,Male,23.74372479,5,2,4,2,142.7129206,audio,0,24.42395373,Auditory
9,Primary 4,Male,43.03942023,7,0,5,2,149.3805081,audio,0,33.0691963,Auditory
9,Primary 4,Male,44.45851228,4,3,5,1,199.6047278,audio,0,25.39415662,Auditory
12,Junior Secondary School 3,Female,65.0293157,3,6,2,0,164.0509762,animation,1,24.99051576,Visual
9,Primary 4,Male,63.9640119,2,0,5,2,169.2625122,audio,0,25.68907565,Auditory
9,Primary 5,Female,30.08078184,8,2,5,2,187.7366978,audio,0,27.32150988,Auditory
11,Junior Secondary School 2,Male,54.41207997,0,3,1,0,106.5341976,text,0,18.56347042,Logical
5,Primary 1,Male,58.33843719,3,3,3,1,164.2717271,audio,1,21.99875979,Auditory
10,Primary 5,Female,39.44951918,4,16,7,1,111.5018672,text,1,35.89652899,Kinesthetic
5,Primary 1,Male,41.9521551,5,1,3,1,213.4070395,audio,0,19.91694467,Auditory
6,Primary 2,Female,66.81590195,4,3,2,0,157.0022618,text,0,19.23667163,Logical
9,Primary 4,Male,103.9856546,1,4,3,1,151.4528101,animation,0,27.58074186,Visual
12,Junior Secondary School 3,Male,36.47316694,2,7,5,1,119.015194,text,0,47.43090809,Kinesthetic
10,Primary 5,Male,38.31994614,1,4,4,1,153.8482371,audio,1,29.75601186,Auditory
9,Primary 5,Male,77.66233649,2,12,6,1,141.3716476,animation,1,37.52188913,Kinesthetic
5,Primary 1,Female,82.14376459,2,4,2,1,141.4659161,animation,1,27.79359234,Visual
5,Nursery,Female,86.43844094,2,5,3,0,140.8180064,text,1,34.03987598,Visual
10,Primary 5,Female,72.83907296,1,2,3,0,157.6318635,text,0,28.78259181,Visual
10,Junior Secondary School 1,Female,65.16142635,0,3,4,0,167.0435142,animation,1,34.22655165,Visual
6,Primary 2,Female,62.54883875,1,4,1,0,167.9216929,text,0,13.49820423,Logical
9,Primary 4,Male,93.70682406,2,2,3,1,143.7743314,animation,1,17.80476705,Visual
7,Primary 2,Female,42.96219515,6,0,4,1,118.1304317,audio,1,25.10538463,Auditory
12,Junior Secondary School 2,Male,46.70553773,6,2,4,2,153.7412787,audio,1,29.52244824,Auditory
4,Nursery,Female,29.31571902,6,0,4,1,159.5602089,audio,1,25.47106628,Auditory
12,Junior Secondary School 2,Male,36.5167432,1,3,1,0,233.9457806,text,0,14.65375409,Logical
12,Junior Secondary School 3,Male,59.44035525,3,5,1,0,217.9439246,text,0,17.1606721,Logical
9,Primary 4,Male,33.20437559,3,8,7,0,161.7847447,text,0,36.51447318,Kinesthetic
6,Primary 2,Male,72.10343173,0,1,2,0,172.427463,animation,0,32.84071518,Visual
4,Nursery,Female,48.39759383,0,9,6,0,132.5235352,text,1,28.61403881,Kinesthetic
10,Junior Secondary School 1,Male,42.85805978,3,7,4,1,164.3313467,text,0,35.70971321,Kinesthetic
7,Primary 3,Male,53.83559313,1,9,4,1,125.3372123,animation,1,46.58618722,Kinesthetic
9,Primary 4,Female,91.76928617,0,2,4,0,131.8768602,animation,1,29.16969094,Visual
6,Primary 2,Male,22.98544531,1,13,6,1,108.4009275,animation,1,41.62323982,Kinesthetic
12,Junior Secondary School 2,Female,51.28265698,2,6,5,2,153.7945413,audio,0,19.93261704,Auditory
11,Junior Secondary School 2,Male,22.75498324,2,3,5,2,164.562741,audio,1,30.79325478,Auditory
12,Junior Secondary School 2,Male,73.90568147,0,2,2,0,163.9967981,text,0,23.94690156,Logical
12,Junior Secondary School 2,Female,66.16371069,3,4,1,0,202.1617811,text,0,20.08008831,Logical
12,Junior Secondary School 3,Male,58.30293929,2,13,6,0,127.396755,text,0,37.46518479,Kinesthetic
7,Primary 3,Female,54.20189584,1,2,1,0,198.9555588,text,0,26.40271252,Logical
4,Nursery,Male,38.17266814,5,12,5,1,156.8456954,animation,1,40.41100932,Kinesthetic
12,Junior Secondary School 2,Male,68.86678019,1,5,1,0,166.9902092,text,0,22.33466695,Logical
7,Primary 2,Female,25.62145789,7,5,5,1,190.2520683,audio,1,22.32261315,Auditory
12,Junior Secondary School 2,Male,47.65184607,4,0,4,1,192.0360931,audio,1,11.34865247,Auditory
7,Primary 3,Male,31.63837353,2,8,7,1,132.9788542,animation,1,32.84679668,Kinesthetic
8,Primary 4,Female,70.35634727,0,3,2,0,152.2125905,text,0,20.72071077,Logical
7,Primary 2,Female,24.67729875,7,0,5,2,158.0638641,audio,1,19.68812372,Auditory
11,Junior Secondary School 2,Female,47.45394759,0,4,2,0,211.3225161,text,0,23.48392384,Logical
6,Primary 1,Female,34.88744471,5,1,4,1,162.9304622,audio,0,21.83071337,Auditory
10,Junior Secondary School 1,Male,40.75351709,1,3,1,0,224.0892168,text,0,25.19516132,Logical
9,Primary 5,Female,60.95409685,2,5,2,0,232.2564905,text,0,23.50045328,Logical
8,Primary 3,Female,59.27056892,1,6,7,0,115.347558,text,1,43.12031867,Kinesthetic
12,Junior Secondary School 3,Female,43.15232416,1,12,5,1,128.4928264,text,1,39.44702858,Kinesthetic
4,Nursery,Female,29.42132337,6,1,3,2,86.242409,audio,0,23.53185603,Auditory
12,Junior Secondary School 3,Female,30.44105054,6,1,4,2,179.6492001,audio,0,28.73971161,Auditory
9,Primary 5,Male,77.03811408,0,1,1,0,164.6949904,text,0,16.52649023,Logical
12,Junior Secondary School 2,Female,67.87225679,0,3,2,0,152.8414493,text,0,13.68186843,Logical
11,Junior Secondary School 2,Female,40.0175938,3,13,7,1,137.7500285,animation,0,38.61477813,Kinesthetic
11,Junior Secondary School 1,Female,43.21452138,3,2,2,0,216.2807919,text,0,20.18874833,Logical
6,Primary 1,Female,46.02406994,1,10,4,1,164.6937008,text,0,27.3319306,Kinesthetic
8,Primary 3,Female,92.7766744,2,2,2,0,158.4327502,animation,0,34.6893277,Visual
6,Primary 2,Female,47.38974579,8,4,3,1,174.1483295,audio,1,21.50792197,Auditory
5,Primary 1,Male,61.43804826,1,3,3,1,124.1114687,animation,0,31.47449816,Visual
12,Junior Secondary School 3,Female,45.33833246,7,2,4,2,167.6972538,audio,0,30.21446052,Auditory
6,Primary 2,Male,31.4703764,4,8,6,0,176.8906556,animation,1,44.13761427,Kinesthetic
11,Junior Secondary School 1,Male,34.66204049,3,1,5,2,174.6279101,audio,0,27.03840286,Auditory
7,Primary 2,Male,59.74907943,7,1,5,2,145.3030389,audio,0,20.24179759,Auditory
7,Primary 2,Male,100.8997385,1,1,3,0,122.1273782,animation,0,28.56918285,Visual
12,Junior Secondary School 2,Female,39.05509387,1,3,6,0,78.9729616,animation,0,32.14473962,Kinesthetic
9,Primary 5,Male,31.21845133,2,8,6,0,142.8688874,text,1,27.82735912,Kinesthetic
12,Junior Secondary School 3,Female,55.76987393,3,12,7,0,148.6789541,animation,0,27.94589876,Kinesthetic
6,Primary 2,Male,13.22164632,8,1,4,1,160.1708714,audio,0,23.18129316,Auditory
7,Primary 3,Male,73.73720962,1,6,1,0,116.8809466,text,0,24.50997229,Logical
8,Primary 3,Male,41.99420569,3,1,1,0,181.1683175,text,0,22.84223319,Logical
11,Junior Secondary School 1,Male,68.39484062,3,10,5,1,88.50086111,text,1,31.22308091,Kinesthetic
8,Primary 3,Male,75.95442831,1,12,5,1,190.0756135,animation,1,37.43193836,Kinesthetic
11,Junior Secondary School 2,Male,79.52574933,1,1,3,1,116.8032587,animation,1,30.42879593,Visual
6,Primary 2,Female,38.65397762,3,8,6,0,144.4886298,text,0,40.88259564,Kinesthetic
7,Primary 3,Female,88.3963649,0,3,2,0,128.6303732,text,0,34.23709212,Visual
11,Junior Secondary School 2,Female,45.46020518,3,1,4,1,155.0368752,audio,1,30.70415022,Auditory
6,Primary 1,Male,92.87830969,1,3,3,0,126.8699218,animation,0,27.58120464,Visual
4,Nursery,Female,54.91810433,9,1,5,1,99.2884348,audio,0,19.75267023,Auditory
6,Primary 2,Male,91.53671745,1,8,7,1,187.0649013,text,1,33.4346544,Kinesthetic
11,Junior Secondary School 2,Female,72.07005587,0,2,1,0,159.1633556,text,0,19.28609417,Logical
4,Nursery,Female,82.5369946,1,3,4,1,170.9782167,text,1,34.74205899,Visual
6,Primary 1,Female,27.40621089,4,9,7,0,163.7414447,text,0,42.9796925,Kinesthetic
4,Nursery,Female,77.17332079,1,9,5,0,125.6622039,text,0,32.42441321,Kinesthetic
12,Junior Secondary School 2,Male,85.34740502,2,4,2,0,139.8506291,text,0,35.77478532,Visual
12,Junior Secondary School 2,Male,20.46114071,4,14,6,1,115.1119938,text,1,36.25300117,Kinesthetic
5,Nursery,Female,67.86192062,5,17,5,0,136.9638945,animation,1,38.43510487,Kinesthetic
12,Junior Secondary School 3,Female,41.53810665,1,18,7,0,117.8640831,text,0,41.29934527,Kinesthetic
12,Junior Secondary School 3,Male,30.36150045,1,10,4,0,146.5323097,text,1,39.06024507,Kinesthetic
8,Primary 3,Male,77.75120108,1,9,2,0,209.6155379,animation,1,35.91532689,Visual
8,Primary 3,Male,60.00150055,1,3,3,0,109.7146819,animation,0,29.10198121,Visual
5,Nursery,Male,69.30221567,1,6,4,0,148.1056232,animation,0,30.96965568,Visual
11,Junior Secondary School 1,Male,25.63969348,8,3,5,1,146.2884109,audio,0,18.16820699,Auditory
5,Nursery,Female,44.8396232,1,8,6,1,131.4614623,animation,0,47.89812341,Kinesthetic
6,Primary 2,Female,45.26193556,1,3,2,0,137.3070408,text,0,16.94195857,Logical
8,Primary 3,Female,44.65895225,0,5,1,0,201.6473612,text,0,24.63244473,Logical
10,Primary 5,Female,83.4198694,0,2,3,0,145.7847822,animation,0,15.32854961,Visual
8,Primary 3,Male,95.18908942,0,2,2,0,134.8645784,text,0,35.82486889,Visual
11,Junior Secondary School 2,Male,49.66558399,3,10,5,0,133.328143,text,0,45.63136559,Kinesthetic
5,Primary 1,Female,62.84045437,1,4,2,0,225.6877229,text,0,24.22987345,Logical
10,Junior Secondary School 1,Male,34.28634841,7,1,3,1,148.5365131,audio,1,29.28542252,Auditory
4,Nursery,Male,51.74554237,1,6,2,0,204.329147,text,0,18.09626822,Logical
12,Junior Secondary School 3,Male,81.30130757,1,1,2,1,175.2292206,animation,0,33.94678858,Visual
10,Junior Secondary School 1,Female,47.26973303,5,0,5,2,183.4424196,audio,0,24.761693,Auditory
5,Nursery,Male,38.08714549,3,4,4,1,201.6979795,audio,1,19.2758485,Auditory
7,Primary 2,Male,56.06708459,3,8,4,0,145.915936,text,1,37.36851708,Kinesthetic
12,Junior Secondary School 3,Male,63.02360015,0,12,5,1,128.9923134,text,1,42.917439,Kinesthetic
12,Junior Secondary School 2,Male,80.86121879,0,1,3,0,135.2869133,animation,0,37.69836543,Visual
8,Primary 4,Male,50.54004266,7,2,5,2,186.0965207,audio,1,31.67568651,Auditory
4,Nursery,Male,89.02203064,0,0,4,1,172.0425142,animation,0,25.81416429,Visual
11,Junior Secondary School 1,Female,68.6769872,0,4,2,0,160.4950278,text,0,25.07525068,Logical
12,Junior Secondary School 3,Male,84.33419099,0,1,3,0,185.0581918,animation,1,31.08058415,Visual
6,Primary 2,Female,30.72153789,1,3,3,1,141.7401748,audio,1,25.00917421,Auditory
10,Junior Secondary School 1,Male,44.32515366,3,12,7,0,192.5872683,animation,0,42.64156824,Kinesthetic
10,Junior Secondary School 1,Male,28.19196918,5,2,3,2,161.6751933,audio,1,25.40171576,Auditory
11,Junior Secondary School 2,Male,93.22412669,1,1,4,1,156.3692155,animation,0,17.29329009,Visual
10,Primary 5,Female,33.76675282,6,1,5,1,166.0291494,audio,0,31.56288036,Auditory
6,Primary 2,Female,32.99384597,4,14,7,1,112.8241388,text,1,27.40363339,Kinesthetic
10,Junior Secondary School 1,Male,86.21857274,1,5,2,0,169.0014904,text,1,30.44565861,Visual
6,Primary 2,Female,54.22419082,1,9,7,1,151.4292077,animation,1,31.72584605,Kinesthetic
9,Primary 4,Male,85.39798843,0,0,2,0,176.3916408,text,0,29.90997748,Visual
11,Junior Secondary School 1,Female,45.9138825,0,8,1,0,173.4702148,text,0,17.09555223,Logical
4,Nursery,Male,60.21743783,0,10,7,0,124.1488253,animation,1,46.96569037,Kinesthetic
4,Nursery,Female,43.02041416,3,2,4,1,189.9064882,audio,1,21.9045875,Auditory
9,Primary 4,Male,58.93782801,1,15,6,0,109.8657602,animation,1,36.54392782,Kinesthetic
6,Primary 2,Female,31.53864616,3,0,5,1,163.4873679,audio,0,21.93179523,Auditory
12,Junior Secondary School 2,Male,39.609449,1,10,5,0,142.7199356,text,1,42.47977236,Kinesthetic
7,Primary 2,Male,42.01799947,5,6,4,0,121.2490168,animation,1,40.93415993,Kinesthetic
7,Primary 3,Male,93.37417509,0,3,3,1,158.1651541,text,1,29.73450927,Visual
11,Junior Secondary School 2,Female,84.81386646,5,0,2,1,141.3075285,animation,0,36.23141222,Visual
11,Junior Secondary School 1,Male,111.4010919,1,1,4,1,146.6809904,animation,0,29.84853757,Visual
8,Primary 4,Male,49.96215943,1,1,2,0,161.0123041,text,0,19.72084812,Logical
12,Junior Secondary School 2,Female,44.96659092,4,3,3,2,168.4431533,audio,0,26.3146093,Auditory
8,Primary 3,Female,12.24780859,3,12,7,1,122.3904389,text,1,52.01023884,Kinesthetic
7,Primary 2,Female,61.25821252,3,2,2,0,216.5204957,text,0,16.12016017,Logical
5,Primary 1,Female,71.08588806,2,1,2,0,202.2724037,text,0,21.59704161,Logical
9,Primary 4,Female,49.12895795,0,13,4,0,155.5248118,animation,1,40.15880876,Kinesthetic
5,Nursery,Female,37.85132463,1,8,7,1,92.03555831,text,0,42.46536746,Kinesthetic
4,Nursery,Female,25.16633852,4,0,3,1,110.7127447,audio,1,31.57757646,Auditory
7,Primary 3,Female,54.04992045,1,6,4,1,141.7832054,animation,1,33.55481098,Kinesthetic
12,Junior Secondary School 3,Female,86.58349478,0,5,1,0,156.5769693,text,0,21.98779398,Logical
7,Primary 2,Female,68.45365229,2,3,2,0,207.5043034,text,0,20.02244456,Logical
11,Junior Secondary School 1,Female,24.8303678,3,7,4,1,182.8581769,audio,0,24.259318,Auditory
12,Junior Secondary School 2,Female,56.55984106,0,13,4,1,135.7376974,animation,1,40.61092607,Kinesthetic
10,Primary 5,Female,76.77012684,0,3,2,0,190.9045901,text,0,19.0999851,Logical
5,Nursery,Female,26.51798307,7,2,5,1,224.495302,audio,1,22.41484717,Auditory
7,Primary 3,Male,89.04762433,0,4,4,1,158.7851898,animation,1,29.43079342,Visual
9,Primary 5,Male,41.12893537,4,6,5,2,143.0873844,audio,1,19.31247361,Auditory
5,Nursery,Female,48.2612272,0,3,2,0,170.314095,text,0,19.52159661,Logical
11,Junior Secondary School 2,Female,46.81417015,2,2,1,0,187.711583,text,0,21.9396222,Logical
12,Junior Secondary School 2,Male,80.3744666,2,3,2,0,181.1087999,animation,1,20.28489143,Visual
6,Primary 2,Male,83.93220437,0,3,2,1,133.0223371,animation,0,33.78774548,Visual
10,Junior Secondary School 1,Female,92.87985453,0,1,3,0,170.9352869,animation,1,30.57685109,Visual
4,Nursery,Female,44.01068663,5,1,5,2,143.5796009,audio,0,23.81248757,Auditory
10,Junior Secondary School 1,Female,39.95988493,1,10,6,0,152.2052033,text,0,42.05648668,Kinesthetic
12,Junior Secondary School 2,Female,84.56040825,2,2,3,0,166.8550932,text,0,19.75616901,Visual
9,Primary 4,Male,31.79981036,1,1,5,2,174.0981124,audio,1,25.45629667,Auditory
6,Primary 2,Female,49.37909115,7,3,4,1,146.7613297,audio,1,25.91058801,Auditory
9,Primary 4,Male,79.97935189,2,3,3,1,159.9472456,animation,0,30.6195572,Visual
8,Primary 3,Female,56.70791056,1,5,2,0,208.823319,text,0,13.38059556,Logical
11,Junior Secondary School 2,Male,63.32132592,3,3,1,0,277.4889102,text,0,19.6750496,Logical
11,Junior Secondary School 2,Female,33.97336178,6,4,4,2,181.1092779,audio,0,21.35272052,Auditory
12,Junior Secondary School 3,Male,80.63776118,2,6,2,1,146.805635,text,1,28.07899498,Visual
11,Junior Secondary School 1,Female,75.84585096,1,3,3,1,148.1608535,animation,0,27.30912515,Visual
12,Junior Secondary School 2,Female,64.48729631,1,1,2,0,146.9121153,text,0,15.92476598,Logical
5,Primary 1,Female,63.49626306,0,7,5,0,137.5869821,animation,0,46.10021771,Kinesthetic
12,Junior Secondary School 3,Female,44.61900225,1,6,1,0,201.857239,text,0,22.88340852,Logical
6,Primary 1,Male,102.6979361,1,1,4,0,157.6506803,text,0,36.14438747,Visual
10,Primary 5,Male,45.6065022,6,1,3,1,135.516375,audio,0,20.47945473,Auditory
5,Primary 1,Female,40.01743863,3,2,4,2,175.9405083,audio,1,29.04777163,Auditory
9,Primary 5,Male,98.48046244,2,2,3,1,138.3628949,animation,1,34.14416709,Visual
5,Primary 1,Female,76.32108225,1,0,2,1,179.2564193,animation,0,27.24860078,Visual
5,Nursery,Male,38.69355348,2,5,6,0,129.1690172,text,0,52.14908021,Kinesthetic
6,Primary 1,Female,38.38067324,1,11,5,1,61.14352043,animation,0,46.34831669,Kinesthetic
11,Junior Secondary School 2,Female,29.60656585,7,0,5,2,232.3615788,audio,1,25.53206878,Auditory
7,Primary 2,Male,31.82454331,7,2,5,1,181.0966709,audio,1,18.52637061,Auditory
5,Nursery,Male,39.52467705,3,1,5,2,156.3865371,audio,0,15.58346325,Auditory
7,Primary 2,Male,22.23692945,7,2,4,2,223.8141863,audio,1,27.76632074,Auditory
12,Junior Secondary School 2,Female,73.93796691,1,4,4,0,159.0671946,text,0,33.11481638,Visual
7,Primary 2,Male,32.24455961,8,4,3,1,146.65286,audio,1,31.84401529,Auditory
8,Primary 3,Female,58.9608692,5,7,7,1,147.5195633,text,1,30.40266507,Kinesthetic
5,Nursery,Female,75.76668567,0,4,2,0,176.3534614,text,0,19.01587482,Logical
12,Junior Secondary School 3,Male,85.60372901,2,7,2,1,147.3733468,animation,0,30.47058292,Visual
8,Primary 4,Male,40.60195066,0,16,4,0,160.6918043,animation,1,37.81891561,Kinesthetic
9,Primary 4,Female,46.81881141,3,4,2,0,230.5586138,text,0,17.55153308,Logical
11,Junior Secondary School 1,Female,24.79306441,5,6,3,2,162.6611075,audio,1,32.54763714,Auditory
10,Junior Secondary School 1,Male,77.24630988,3,3,4,1,137.1848787,animation,0,30.01252599,Visual
6,Primary 2,Female,86.81494295,2,2,4,1,172.706919,animation,1,25.73258307,Visual
12,Junior Secondary School 3,Female,97.00751281,1,5,4,0,173.1949237,text,1,32.64191745,Visual
8,Primary 4,Male,68.622906,3,15,7,0,88.62686398,animation,1,46.35781434,Kinesthetic
5,Nursery,Male,43.74134443,0,4,2,0,157.5454193,text,0,16.93836163,Logical
10,Junior Secondary School 1,Male,50.37145622,2,9,4,1,148.7881974,text,0,49.72903446,Kinesthetic
7,Primary 2,Female,72.55825018,1,7,4,1,105.613113,animation,1,51.89700781,Kinesthetic
9,Primary 4,Male,71.30890136,2,9,2,0,171.4658851,text,0,22.17713341,Logical
11,Junior Secondary School 2,Male,62.46261993,1,3,2,0,193.1553201,text,0,15.93457405,Logical
11,Junior Secondary School 1,Male,46.23683718,6,5,4,2,175.0391222,audio,1,31.0364279,Auditory
11,Junior Secondary School 2,Female,76.75999682,3,2,2,1,148.6667297,text,0,37.63674114,Visual
6,Primary 1,Male,36.32304627,4,2,3,2,193.6303891,audio,0,21.78509349,Auditory
8,Primary 3,Male,47.79253684,0,11,4,1,133.9176059,text,0,32.0433208,Kinesthetic
12,Junior Secondary School 2,Male,26.13980734,3,9,4,0,127.3096779,animation,1,41.26852737,Kinesthetic
5,Primary 1,Female,79.90363608,4,6,2,1,158.6828155,animation,1,21.64184304,Visual
5,Nursery,Male,54.10107953,3,10,5,0,110.3608476,text,1,40.66816159,Kinesthetic
6,Primary 1,Male,40.83229841,2,8,5,0,161.6476865,animation,1,35.07837855,Kinesthetic
12,Junior Secondary School 3,Female,31.12938707,2,2,5,1,198.2478884,audio,1,24.52939615,Auditory
11,Junior Secondary School 1,Female,90.81768413,2,1,4,1,169.0709559,animation,0,34.07489512,Visual
12,Junior Secondary School 2,Male,75.41181235,0,4,2,0,246.9922087,text,0,18.49896367,Logical
6,Primary 1,Male,23.50266357,3,6,4,1,122.9599978,animation,1,31.87732162,Kinesthetic
7,Primary 3,Male,83.9313679,0,2,3,0,131.2189015,text,0,30.9987413,Visual
12,Junior Secondary School 2,Male,58.17165035,5,8,7,0,157.8072054,animation,1,38.01180383,Kinesthetic
6,Primary 1,Male,49.32573517,3,3,5,2,138.8885955,audio,1,20.36216918,Auditory
4,Nursery,Male,44.9789871,3,0,4,2,177.3844147,audio,0,28.73934372,Auditory
9,Primary 5,Male,91.06443611,1,2,3,0,122.7958767,animation,0,33.43738765,Visual
11,Junior Secondary School 2,Female,66.98727334,0,6,2,0,193.3806464,text,0,16.72280982,Logical
11,Junior Secondary School 2,Male,58.78102972,1,2,2,0,191.3131798,text,0,17.17247055,Logical
10,Junior Secondary School 1,Male,49.10237026,4,6,7,1,94.97001075,text,1,34.22639928,Kinesthetic
5,Primary 1,Female,33.82160466,3,1,4,2,145.346188,audio,0,20.89709548,Auditory
11,Junior Secondary School 1,Female,54.8865462,2,5,2,0,160.9932803,text,0,18.611202,Logical
11,Junior Secondary School 1,Male,37.25647073,2,0,5,1,157.217347,audio,1,24.47346487,Auditory
4,Nursery,Female,64.4068886,1,4,2,0,148.6011624,text,0,17.22192122,Logical
6,Primary 2,Female,25.65269028,1,10,5,0,110.0127058,animation,1,27.66852468,Kinesthetic
6,Primary 1,Female,101.5581807,0,2,3,1,124.6809566,animation,1,24.1774142,Visual
5,Nursery,Male,66.89627874,1,1,3,0,166.2440215,text,0,30.60666338,Visual
12,Junior Secondary School 3,Male,86.94389839,1,3,4,0,168.4194983,animation,1,36.80813174,Visual
7,Primary 2,Female,47.73113109,1,7,5,0,138.3083929,text,1,42.56610054,Kinesthetic
12,Junior Secondary School 3,Male,43.49134287,8,5,3,2,164.6666683,audio,0,22.91217096,Auditory
9,Primary 5,Male,31.68127731,7,5,3,2,150.5919215,audio,1,23.05343651,Auditory
10,Junior Secondary School 1,Male,102.6461302,2,0,3,1,161.2607936,animation,1,40.31691508,Visual
5,Nursery,Female,38.24351657,9,4,4,2,144.229333,audio,1,31.23488044,Auditory
10,Junior Secondary School 1,Male,63.34058132,1,7,7,0,160.816755,animation,0,44.01580781,Kinesthetic
10,Junior Secondary School 1,Male,28.76864807,1,0,4,2,134.6138055,audio,1,21.00690824,Auditory
9,Primary 5,Male,78.83747206,0,3,3,0,128.9032878,animation,0,30.91101915,Visual
9,Primary 5,Female,62.53917073,5,4,4,1,184.4842748,audio,0,24.70554757,Auditory
7,Primary 3,Female,64.64593659,4,3,1,0,182.1612008,text,0,16.79503553,Logical
5,Primary 1,Female,46.81390584,0,2,3,2,99.31244988,audio,1,27.56523663,Auditory
7,Primary 3,Female,47.94931145,7,5,4,1,159.7214947,audio,0,29.0000364,Auditory
12,Junior Secondary School 3,Female,44.65954071,4,1,5,2,167.0200919,audio,0,26.64772407,Auditory
6,Primary 1,Female,60.81143367,2,11,5,1,74.13650968,animation,1,32.88213425,Kinesthetic
9,Primary 5,Male,60.71718229,2,15,7,1,113.6024855,animation,1,32.26727241,Kinesthetic
12,Junior Secondary School 3,Female,59.87286452,2,8,2,0,216.7832704,text,0,21.80189446,Logical
7,Primary 3,Female,35.51456615,3,12,7,1,117.2521639,animation,0,43.88992128,Kinesthetic
12,Junior Secondary School 3,Female,85.3582877,1,2,1,0,200.3957059,text,0,17.57205795,Logical
12,Junior Secondary School 3,Female,51.63273333,3,5,2,0,197.1439283,text,0,20.70798929,Logical
4,Nursery,Male,89.4395373,0,4,4,0,158.8183369,animation,1,27.44510361,Visual
8,Primary 3,Female,20.12564695,5,3,5,1,139.2864307,audio,1,23.58440522,Auditory
11,Junior Secondary School 1,Female,65.62642002,1,2,2,0,158.6502242,text,0,21.99381578,Logical
6,Primary 1,Male,64.83966405,2,3,2,0,172.2954499,text,0,17.51776883,Logical
12,Junior Secondary School 3,Female,42.32620092,8,3,4,2,159.3685162,audio,1,23.85618508,Auditory
7,Primary 3,Female,52.42174466,1,10,5,0,149.4950385,animation,1,34.02609767,Kinesthetic
8,Primary 4,Female,39.08098,3,0,3,2,133.3401735,audio,1,21.53803997,Auditory
7,Primary 3,Female,98.51620262,1,3,3,1,164.3784446,text,0,42.07123946,Visual
5,Nursery,Male,90.6008858,0,7,3,1,107.8952683,animation,0,23.31229386,Visual
6,Primary 1,Female,95.87341759,1,1,3,1,171.2936222,animation,0,24.38985179,Visual
5,Nursery,Female,89.39014636,2,5,4,1,161.5565441,animation,1,25.47981616,Visual
12,Junior Secondary School 3,Female,62.12288043,3,12,5,1,126.2378841,text,0,47.49469597,Kinesthetic
10,Primary 5,Male,60.24714364,1,3,1,0,177.7798812,text,0,19.91921827,Logical
5,Primary 1,Female,34.02754247,2,1,3,1,119.6682148,audio,1,23.56632556,Auditory
12,Junior Secondary School 2,Male,25.27784467,4,0,4,1,156.2129367,audio,1,30.27245897,Auditory
9,Primary 5,Female,32.71591328,5,7,6,1,189.0461422,text,0,56.06236319,Kinesthetic
9,Primary 5,Male,67.81955609,0,7,1,0,221.6544023,text,0,22.5180862,Logical
4,Nursery,Male,53.07413677,3,6,5,1,102.258628,text,1,27.94484332,Kinesthetic
8,Primary 3,Male,22.97943361,4,2,5,1,184.2265904,audio,0,28.73011794,Auditory
6,Primary 2,Female,53.51082326,4,9,5,0,110.1723744,text,1,34.09988986,Kinesthetic
9,Primary 4,Female,49.36535297,0,4,2,0,186.4466376,text,0,20.34535931,Logical
12,Junior Secondary School 3,Male,46.70847475,3,13,4,0,104.469136,text,1,43.32359103,Kinesthetic
6,Primary 1,Female,87.60377859,2,6,3,1,144.7452195,text,0,30.30864871,Visual
10,Primary 5,Female,97.62805292,1,8,4,1,132.1798394,animation,1,38.40141343,Kinesthetic
12,Junior Secondary School 3,Female,39.00283624,1,6,2,0,192.2904051,text,0,21.32299531,Logical
5,Primary 1,Male,106.9183314,1,5,4,0,143.3431614,animation,1,34.48263338,Visual
11,Junior Secondary School 2,Male,45.24817607,1,16,6,0,93.59890423,animation,1,36.37975186,Kinesthetic
8,Primary 3,Female,44.59208575,7,1,4,2,161.5616659,audio,1,32.26707281,Auditory
6,Primary 1,Female,67.15791875,1,9,4,1,115.1626888,animation,0,39.18294895,Kinesthetic
5,Nursery,Male,66.65244061,1,4,1,0,179.6572136,text,0,18.29786152,Logical
12,Junior Secondary School 3,Female,65.29640404,2,1,3,0,150.1365256,animation,0,31.95757878,Visual
6,Primary 1,Female,74.95663261,2,1,2,0,144.5392501,animation,0,30.9467696,Visual
12,Junior Secondary School 3,Female,84.28120152,2,0,2,0,159.9045961,text,1,40.53842704,Visual
7,Primary 2,Female,91.45481594,2,2,4,1,131.0679996,animation,1,34.21411875,Visual
7,Primary 3,Female,67.0134867,2,10,7,1,112.0423236,animation,1,44.86459678,Kinesthetic
10,Junior Secondary School 1,Female,91.55652747,1,1,2,0,167.0264416,text,0,31.498021,Visual
12,Junior Secondary School 3,Male,64.6006578,1,9,4,0,130.0961506,animation,0,38.97656097,Kinesthetic
9,Primary 4,Male,89.11465908,1,3,2,1,183.3818961,animation,1,37.86718086,Visual
7,Primary 2,Male,37.18470946,5,5,4,1,176.0474509,audio,0,24.54170675,Auditory
11,Junior Secondary School 1,Female,54.02984406,0,2,2,0,150.1081709,text,0,21.95648082,Logical
7,Primary 2,Female,53.62907975,1,0,3,2,181.7663446,audio,1,19.38363213,Auditory
6,Primary 1,Male,62.06826318,3,3,4,1,158.9760537,audio,1,25.94316935,Auditory
7,Primary 3,Female,43.88894703,2,16,7,0,109.4254518,text,0,42.1417031,Kinesthetic
7,Primary 3,Male,52.39315371,1,13,6,0,162.7032148,text,1,37.76407092,Kinesthetic
12,Junior Secondary School 2,Male,32.4934334,5,2,3,1,111.5742322,audio,1,24.27812835,Auditory
6,Primary 2,Male,65.31179313,1,2,3,1,159.7445356,animation,1,35.62633799,Visual
9,Primary 5,Female,47.96940293,4,5,3,2,155.9119843,audio,1,25.33697772,Auditory
10,Junior Secondary School 1,Female,32.36109408,7,2,3,1,176.4067951,audio,1,22.67126449,Auditory
12,Junior Secondary School 2,Female,48.91799306,1,10,4,0,131.1199796,text,0,47.51000888,Kinesthetic
10,Primary 5,Female,38.57696027,1,3,2,0,215.0619681,text,0,18.00808902,Logical
9,Primary 4,Male,54.67827894,1,4,1,0,224.1555429,text,0,14.9225799,Logical
9,Primary 5,Male,53.76453373,7,1,3,2,189.402136,audio,0,18.29363913,Auditory
11,Junior Secondary School 1,Male,31.70269609,7,4,5,1,96.1972566,audio,1,32.91916167,Auditory
10,Junior Secondary School 1,Male,43.37466387,10,1,4,2,133.0411997,audio,1,21.06675307,Auditory
6,Primary 2,Female,60.26955558,9,1,5,2,154.5366896,audio,0,35.81777141,Auditory
7,Primary 3,Female,50.51609656,1,2,1,0,172.9984896,text,0,20.01923571,Logical
7,Primary 3,Male,53.72240724,4,7,6,1,89.4696072,text,1,42.24250424,Kinesthetic
5,Nursery,Male,38.6333851,6,2,3,1,132.7535829,audio,1,20.88147441,Auditory
12,Junior Secondary School 3,Female,81.51909472,0,2,4,1,169.8471168,animation,0,27.1305973,Visual
12,Junior Secondary School 2,Female,71.35359334,0,2,1,0,191.231738,text,0,22.58476773,Logical
11,Junior Secondary School 1,Female,83.63735598,0,2,2,1,169.6525639,text,0,28.07832603,Visual
12,Junior Secondary School 2,Male,48.55603422,11,3,5,2,127.3608379,audio,1,27.14404342,Auditory
11,Junior Secondary School 2,Female,27.74693811,1,5,1,0,193.5443414,text,0,21.90360993,Logical
7,Primary 2,Female,65.65689885,0,2,1,0,175.845888,text,0,16.76659402,Logical
7,Primary 2,Male,42.18905714,3,1,5,2,198.9788613,audio,0,20.89489041,Auditory
7,Primary 3,Female,84.18496115,1,1,4,0,168.5626076,text,0,31.36465108,Visual
10,Primary 5,Male,29.33303567,7,4,4,2,188.9325483,audio,1,15.37251384,Auditory
8,Primary 4,Female,52.46666802,0,10,5,1,141.0241297,text,1,24.38286032,Kinesthetic
12,Junior Secondary School 3,Male,57.64757763,1,3,1,0,181.0664769,text,0,16.36334358,Logical
11,Junior Secondary School 1,Male,37.35153903,10,2,4,2,145.8770992,audio,0,23.50913123,Auditory
12,Junior Secondary School 2,Female,94.11388258,0,4,2,1,124.408711,animation,0,34.7721755,Visual
12,Junior Secondary School 3,Female,52.39710235,3,4,4,0,137.4169493,animation,0,35.96321206,Kinesthetic
7,Primary 3,Male,45.88992874,6,1,3,1,141.5008407,audio,0,19.5850546,Auditory
9,Primary 5,Male,94.01921041,1,5,4,1,178.0160951,animation,0,25.67182964,Visual
8,Primary 3,Male,59.84858041,4,0,3,1,176.2760487,audio,1,23.14541878,Auditory
5,Nursery,Male,68.29405792,1,4,2,0,195.2680476,animation,0,25.6317506,Visual
9,Primary 5,Female,34.25113038,5,0,4,1,170.9228959,audio,1,23.6905027,Auditory
12,Junior Secondary School 3,Male,59.03388452,2,2,2,0,173.0224377,text,0,17.34408633,Logical
4,Nursery,Male,67.67720165,4,10,4,0,81.93641556,animation,1,39.4248172,Kinesthetic
9,Primary 5,Male,71.91004948,0,3,1,0,205.1881474,text,0,19.67057295,Logical
7,Primary 3,Male,68.39379254,4,5,2,0,223.6554872,text,0,20.7859326,Logical
11,Junior Secondary School 2,Female,77.40332333,0,2,2,0,167.7988171,text,0,28.20363881,Visual
5,Nursery,Male,57.51693402,2,0,2,0,200.1670062,text,0,16.57673742,Logical
8,Primary 3,Male,44.64318142,2,7,2,0,191.4621677,text,0,26.33451294,Logical
11,Junior Secondary School 1,Male,39.11198597,3,1,3,2,132.0633507,audio,0,21.41505125,Auditory
10,Primary 5,Female,35.25150732,5,1,3,1,188.6966239,audio,1,24.71629672,Auditory
10,Primary 5,Female,43.03949667,6,1,3,1,183.0476151,audio,1,17.15417775,Auditory
10,Primary 5,Male,54.24475506,2,10,6,0,139.8471864,text,1,43.92054949,Kinesthetic
7,Primary 3,Male,43.54705898,1,2,2,0,153.7046337,text,0,16.63107325,Logical
11,Junior Secondary School 2,Female,53.35010579,0,6,1,0,193.2304036,text,0,22.43900245,Logical
12,Junior Secondary School 2,Female,45.86624576,0,3,1,0,217.450418,text,0,23.77597466,Logical
12,Junior Secondary School 3,Female,64.66114475,5,3,5,1,145.6360335,audio,0,19.46803938,Auditory
9,Primary 5,Female,50.58471549,1,7,1,0,153.0119773,text,0,17.37789875,Logical
6,Primary 2,Male,62.40047314,1,6,2,0,177.4561572,text,0,19.84905246,Logical
6,Primary 1,Male,48.89877228,2,2,4,2,128.7102579,audio,1,24.14467042,Auditory
11,Junior Secondary School 2,Male,26.6318326,3,9,4,1,106.2194995,text,1,33.73145479,Kinesthetic
6,Primary 2,Female,33.71596131,3,3,4,2,136.3459801,audio,0,21.85159518,Auditory
7,Primary 3,Male,77.25733047,0,3,4,1,120.3690765,text,1,26.72120398,Visual
12,Junior Secondary School 2,Male,49.41036038,2,4,1,0,158.4415667,text,0,23.27901561,Logical
9,Primary 5,Female,49.60713321,5,2,4,2,206.3814087,audio,0,22.00893394,Auditory
9,Primary 5,Female,91.74385295,1,0,3,1,136.3947304,animation,0,24.70352958,Visual
8,Primary 4,Male,60.4758273,2,7,1,0,210.0595066,text,0,19.38500127,Logical
6,Primary 2,Male,32.93396321,4,13,4,1,200.7763583,text,1,34.37334566,Kinesthetic
11,Junior Secondary School 1,Female,55.51038672,0,4,2,0,199.0019413,text,0,20.3432929,Logical
6,Primary 2,Female,91.17154548,1,3,2,1,166.3548832,animation,1,40.28651626,Visual
7,Primary 3,Female,81.12482941,1,7,4,1,135.2351484,animation,1,29.29981724,Visual
6,Primary 2,Female,53.47289357,0,5,2,0,163.2294612,text,0,21.17073681,Logical
6,Primary 1,Female,48.04664328,4,11,4,0,134.0691133,animation,1,38.60098535,Kinesthetic
11,Junior Secondary School 1,Female,89.03218917,0,2,3,1,159.5684875,animation,0,40.23921063,Visual
8,Primary 4,Male,83.13826389,6,8,4,1,117.9982832,animation,0,28.32054817,Kinesthetic
9,Primary 4,Male,91.87881612,3,7,2,1,143.3859794,animation,0,24.6112025,Visual
10,Primary 5,Male,56.53416334,2,2,1,0,144.4676929,text,0,22.57721275,Logical
5,Nursery,Male,89.91105163,0,3,4,1,177.1780907,text,0,26.48297894,Visual
9,Primary 5,Female,44.29401016,3,9,5,0,139.9386847,text,0,40.57038404,Kinesthetic
6,Primary 2,Male,38.85050655,6,2,5,1,155.2184583,audio,1,31.04783009,Auditory
7,Primary 3,Male,47.88853634,0,6,2,0,218.3178638,text,0,16.87488999,Logical
12,Junior Secondary School 3,Female,49.83679326,4,4,1,0,210.5589313,text,0,26.13628808,Logical
10,Junior Secondary School 1,Male,68.4288714,1,8,4,1,205.5388242,text,0,41.69684291,Kinesthetic
11,Junior Secondary School 1,Male,61.66381143,2,13,5,1,79.8858072,animation,1,42.33201225,Kinesthetic
11,Junior Secondary School 1,Male,85.69670041,1,4,2,0,146.166856,animation,1,29.7580072,Visual
10,Primary 5,Male,50.23481245,1,0,5,2,153.2637972,audio,1,18.74477647,Auditory
4,Nursery,Female,40.04865275,1,3,2,0,219.5495914,text,0,20.38766138,Logical
6,Primary 2,Male,82.26859896,0,2,3,1,161.8414025,animation,0,33.00612613,Visual
12,Junior Secondary School 3,Male,54.63900855,0,3,1,0,209.0293337,text,0,15.98392029,Logical
10,Junior Secondary School 1,Female,57.47847666,0,4,1,0,188.2591985,text,0,22.54153024,Logical
7,Primary 3,Female,41.21534071,0,2,5,1,198.6717216,audio,0,24.45104725,Auditory
5,Nursery,Male,32.95492786,5,1,3,1,125.815469,audio,0,26.38316482,Auditory
6,Primary 2,Male,37.83492205,5,2,4,2,178.1431528,audio,0,18.33974238,Auditory
6,Primary 2,Male,78.51367595,0,4,2,1,138.9664223,animation,1,19.8968178,Visual
5,Primary 1,Female,79.72626102,2,4,2,0,182.2595497,text,0,16.624535,Logical
4,Nursery,Female,80.11876844,0,3,4,1,152.6759574,animation,0,28.63024992,Visual
11,Junior Secondary School 1,Male,88.2919888,0,0,3,0,143.519729,text,1,25.22203948,Visual
11,Junior Secondary School 1,Female,39.09845677,5,4,7,1,147.5950379,text,0,37.84311517,Kinesthetic
12,Junior Secondary School 3,Female,46.41072361,0,4,1,0,159.994829,text,0,21.33797303,Logical
11,Junior Secondary School 2,Male,68.80529984,0,5,2,0,175.7197282,text,0,23.47382742,Logical
12,Junior Secondary School 2,Female,60.03328516,1,10,1,0,217.4267486,text,0,21.14666965,Logical
4,Nursery,Female,87.91638708,1,5,2,0,166.4389109,animation,0,26.8978654,Visual
10,Junior Secondary School 1,Male,55.0628929,8,2,3,2,124.7312268,audio,1,21.60481846,Auditory
10,Primary 5,Female,48.03400611,0,8,2,0,193.2745798,text,0,21.54472803,Logical
10,Primary 5,Female,46.28006964,6,0,3,1,164.6378392,audio,0,27.46658333,Auditory
8,Primary 3,Male,74.22709684,1,5,2,0,166.7483022,text,0,20.02394942,Logical
6,Primary 1,Female,62.11567528,0,2,2,0,196.5936234,text,0,23.5947792,Logical
12,Junior Secondary School 3,Male,55.07362538,6,8,6,0,123.0769612,animation,1,49.31538874,Kinesthetic
12,Junior Secondary School 3,Male,78.03985907,1,1,3,1,119.4812823,text,0,35.40840186,Visual
7,Primary 2,Female,98.47622752,1,2,4,1,132.7264229,text,1,28.20403663,Visual
7,Primary 3,Female,109.8267083,2,1,2,0,150.8439069,animation,1,34.38132527,Visual
12,Junior Secondary School 2,Female,87.31784072,1,1,3,1,174.2284012,animation,1,26.70581898,Visual
7,Primary 2,Male,76.26850535,2,12,6,1,114.208471,animation,0,42.81359786,Kinesthetic
12,Junior Secondary School 3,Female,39.52850591,8,1,5,2,115.1297234,audio,1,26.94953293,Auditory
11,Junior Secondary School 1,Male,39.53299623,2,8,4,1,97.56759524,animation,0,44.50754348,Kinesthetic
12,Junior Secondary School 3,Female,60.83146025,1,11,4,0,82.97617372,animation,1,35.50220346,Kinesthetic
8,Primary 4,Male,53.24709327,5,1,4,1,160.956283,audio,1,24.2846953,Auditory
9,Primary 4,Female,56.32344354,1,12,6,0,159.3661092,text,0,50.33856068,Kinesthetic
11,Junior Secondary School 1,Male,74.95895321,3,10,4,1,123.8851309,text,1,48.70858638,Kinesthetic
10,Primary 5,Male,30.69828469,6,2,3,2,147.5050411,audio,1,28.30775152,Auditory
11,Junior Secondary School 1,Male,47.79279828,2,3,2,0,153.6387788,text,0,19.89825612,Logical
8,Primary 4,Male,38.02960434,7,0,5,1,157.4145305,audio,1,26.42472708,Auditory
9,Primary 4,Male,59.50091832,0,4,1,0,182.5136251,text,0,22.6224976,Logical
4,Nursery,Male,82.24206302,1,3,2,0,145.0129967,animation,0,31.93637692,Visual
5,Nursery,Male,59.62520546,1,2,1,0,161.5635233,text,0,23.42482805,Logical
5,Nursery,Female,61.60544388,0,4,2,0,230.9223937,text,0,19.27495677,Logical
5,Nursery,Male,52.28051748,3,8,5,0,128.9249748,text,0,33.56348669,Kinesthetic
9,Primary 4,Female,53.89848352,2,7,4,1,107.0974195,text,0,34.89167815,Kinesthetic
11,Junior Secondary School 2,Female,63.36456689,0,4,2,0,165.0083207,text,0,17.86191291,Logical
11,Junior Secondary School 1,Female,26.3647176,1,9,4,1,122.6057181,animation,1,34.79643329,Kinesthetic
11,Junior Secondary School 2,Male,81.03426986,1,1,2,0,146.0728175,text,0,31.35987155,Visual
7,Primary 3,Female,69.35346093,2,1,2,1,120.7712516,animation,1,23.27382528,Visual
10,Primary 5,Female,39.03342876,3,3,4,2,180.1242078,audio,0,19.89448996,Auditory
4,Nursery,Male,65.09902358,0,0,2,0,190.420352,text,0,21.66720744,Logical
9,Primary 4,Female,47.49782805,10,3,5,1,170.9208576,audio,1,17.74745853,Auditory
9,Primary 5,Female,68.9420506,4,12,4,1,125.3729096,animation,1,45.16439424,Kinesthetic
12,Junior Secondary School 3,Female,38.65369366,9,4,4,2,140.9553519,audio,1,23.21298519,Auditory
11,Junior Secondary School 2,Male,51.02646818,0,2,2,0,188.1972167,text,0,26.45396794,Logical
12,Junior Secondary School 3,Male,49.12150884,1,2,2,0,168.5243467,text,0,24.60358836,Logical
6,Primary 2,Female,55.86113254,0,3,2,0,182.8848268,text,0,15.16543588,Logical
7,Primary 2,Female,61.1948884,2,2,3,1,134.6409136,text,0,29.99937788,Visual
10,Primary 5,Male,60.48251902,1,16,5,0,120.4784066,animation,0,48.97270458,Kinesthetic
5,Nursery,Male,50.96130747,4,16,5,0,96.2528158,text,1,39.3582853,Kinesthetic
8,Primary 3,Male,62.20173787,1,3,2,0,155.8147918,text,0,20.81494771,Logical
9,Primary 4,Male,66.22056,2,6,5,1,109.7236019,text,0,42.07304947,Kinesthetic
11,Junior Secondary School 1,Male,46.52586573,7,1,4,2,195.2216337,audio,1,25.11093922,Auditory
7,Primary 2,Female,52.23760628,1,5,5,1,122.6813343,animation,0,42.47107085,Kinesthetic
5,Primary 1,Female,45.37818552,2,7,1,0,178.4592221,text,0,22.44205936,Logical
7,Primary 2,Male,89.76971236,1,3,4,1,94.23438085,animation,0,33.34661182,Visual
5,Primary 1,Female,13.97399046,3,10,7,0,121.7863052,animation,0,34.88095663,Kinesthetic
10,Primary 5,Female,58.87237911,1,12,7,1,175.2307225,animation,0,51.74195559,Kinesthetic
10,Primary 5,Male,86.11803753,2,8,4,1,92.03322897,animation,1,44.52224068,Kinesthetic
9,Primary 4,Female,41.96631739,1,3,2,0,155.7447662,text,0,20.41041102,Logical
10,Primary 5,Female,100.5595357,1,4,4,1,120.3678391,animation,1,29.96957027,Visual
11,Junior Secondary School 1,Male,78.47200791,1,5,2,1,164.8389552,animation,1,24.05510263,Visual
6,Primary 2,Male,86.9610679,2,2,2,1,164.2259827,animation,0,33.24904941,Visual
10,Primary 5,Male,67.74334216,0,5,1,0,175.1070673,text,0,18.93114574,Logical
11,Junior Secondary School 1,Male,73.99858943,1,6,1,0,179.169337,text,0,20.74511928,Logical
12,Junior Secondary School 3,Male,39.71030446,0,2,1,0,218.7681167,text,0,20.3407618,Logical
6,Primary 1,Female,75.04147565,0,3,1,0,184.2482275,text,0,17.39992187,Logical
7,Primary 2,Male,76.26844785,2,4,3,1,162.5225172,text,0,26.07887893,Visual
7,Primary 3,Male,50.30831692,5,2,5,2,157.6213135,audio,1,24.55149718,Auditory
10,Junior Secondary School 1,Female,62.80031347,1,4,2,0,171.9612713,text,0,19.45156014,Logical
12,Junior Secondary School 3,Male,57.76617788,1,5,2,0,155.3433088,text,0,18.41778747,Logical
12,Junior Secondary School 3,Female,32.698155,1,0,3,1,192.794717,audio,0,22.54658302,Auditory
6,Primary 2,Male,50.39981168,3,6,1,0,184.7291566,text,0,11.46604064,Logical
5,Nursery,Female,53.94629841,5,2,5,1,191.1836498,audio,0,19.71488766,Auditory
12,Junior Secondary School 3,Female,36.00109523,4,1,5,2,161.3095558,audio,0,26.51446878,Auditory
5,Primary 1,Male,70.1535124,2,1,1,0,153.9257352,text,0,17.79863053,Logical
11,Junior Secondary School 1,Female,64.42940641,2,16,6,0,76.74138044,animation,0,40.02223778,Kinesthetic
9,Primary 5,Female,86.31659261,0,2,4,0,150.7706056,animation,1,23.57256946,Visual
6,Primary 1,Male,46.96159203,11,2,5,1,145.9879461,audio,0,22.76402471,Auditory
8,Primary 3,Female,75.75749352,1,2,1,0,124.6955754,text,0,23.73334088,Logical
11,Junior Secondary School 1,Female,62.81557073,3,9,4,0,169.9685729,animation,0,34.99333528,Kinesthetic
12,Junior Secondary School 3,Male,95.41132096,1,7,3,1,161.4493845,animation,0,27.09888601,Visual
8,Primary 4,Female,84.5928991,1,3,4,1,116.2147061,text,1,20.20961656,Visual
12,Junior Secondary School 3,Male,12.69012026,10,5,3,2,142.6475129,audio,0,25.81796817,Auditory
11,Junior Secondary School 2,Male,71.80396932,1,5,4,1,148.1727896,animation,0,33.81170782,Visual
12,Junior Secondary School 2,Male,51.69261917,1,2,2,0,149.3842091,text,0,20.72324476,Logical
11,Junior Secondary School 2,Male,34.08450015,8,2,3,1,150.583523,audio,0,23.60928938,Auditory
10,Junior Secondary School 1,Female,50.16311561,8,2,4,1,126.2325478,audio,1,22.8574746,Auditory
10,Junior Secondary School 1,Female,89.75586036,1,2,4,1,148.428764,animation,1,29.91489842,Visual
4,Nursery,Male,62.15492469,1,2,1,0,181.7745134,text,0,15.25401518,Logical
7,Primary 3,Female,58.30727203,1,10,5,0,74.96246127,animation,0,41.63858767,Kinesthetic
9,Primary 4,Female,61.16525543,0,1,1,0,162.0822764,text,0,16.4352641,Logical
10,Junior Secondary School 1,Male,60.61696771,0,9,6,0,77.97957733,animation,1,36.78052178,Kinesthetic
12,Junior Secondary School 2,Male,34.33231095,8,3,3,1,134.6128177,audio,0,22.59511396,Auditory
12,Junior Secondary School 3,Male,57.81616873,1,3,2,0,145.9997162,text,0,24.86310122,Logical
8,Primary 4,Female,42.97105249,0,4,6,1,137.2347618,animation,1,32.29131921,Kinesthetic
9,Primary 5,Male,68.67527647,2,11,7,1,131.6287498,animation,0,34.75675169,Kinesthetic
9,Primary 5,Male,46.938896,1,0,1,0,160.8769734,text,0,22.59970378,Logical
7,Primary 2,Male,36.4377848,4,2,5,1,171.2611552,audio,0,24.19909447,Auditory
8,Primary 4,Female,58.26819642,0,3,2,0,187.4612067,text,0,17.17677183,Logical
7,Primary 2,Female,89.22490235,0,4,4,0,143.5109072,animation,0,27.54095109,Visual
9,Primary 4,Female,84.83338278,1,5,3,0,163.47785,animation,0,33.81379518,Visual
12,Junior Secondary School 2,Male,81.5647823,1,1,4,1,157.8293624,animation,1,26.86878489,Visual
4,Nursery,Male,40.40510824,8,1,4,1,144.0702719,audio,0,21.717664,Auditory
12,Junior Secondary School 3,Female,99.51972533,0,3,2,0,117.43414,animation,1,34.52864312,Visual
11,Junior Secondary School 2,Female,48.5113553,4,9,5,0,145.4709524,animation,1,28.54225423,Kinesthetic
11,Junior Secondary School 1,Female,49.55740998,3,7,1,0,187.6009809,text,0,17.6219009,Logical
11,Junior Secondary School 1,Male,77.56784259,2,10,5,0,116.9012362,text,0,41.87460068,Kinesthetic
8,Primary 4,Female,49.36385808,1,6,2,0,192.7103697,text,0,24.23319399,Logical
11,Junior Secondary School 1,Female,36.04461079,7,1,5,2,177.6035392,audio,0,23.84706835,Auditory
12,Junior Secondary School 3,Male,53.42861872,0,5,2,0,163.0486876,text,0,23.25875722,Logical
11,Junior Secondary School 1,Female,68.04262324,0,3,2,0,179.3183584,text,1,39.0141886,Visual
5,Primary 1,Female,44.4132893,0,5,2,0,156.4349013,text,0,23.76542498,Logical
9,Primary 5,Female,72.46024386,0,2,3,1,159.6037749,animation,1,25.63761766,Visual
12,Junior Secondary School 2,Male,65.3552352,3,18,7,0,133.4150778,animation,0,41.35635062,Kinesthetic
10,Junior Secondary School 1,Female,73.09566549,0,3,4,1,148.3459438,text,1,30.8589127,Visual
5,Nursery,Female,74.70599111,6,8,7,0,131.1286904,text,0,33.9114377,Kinesthetic
8,Primary 4,Female,62.36116958,0,3,2,0,149.0837295,text,0,19.19612845,Logical
8,Primary 3,Male,76.17758717,1,7,4,0,158.5680077,animation,1,29.90125396,Visual
10,Primary 5,Male,87.66321016,1,3,1,0,159.1396443,text,0,23.13870813,Logical
12,Junior Secondary School 3,Male,114.8772707,1,2,4,0,150.2362788,animation,0,28.04037259,Visual
8,Primary 3,Male,72.20747349,0,4,1,0,167.7305011,text,0,22.07938259,Logical
12,Junior Secondary School 3,Female,52.22345551,4,4,5,1,160.0529533,audio,1,28.70687343,Auditory
10,Junior Secondary School 1,Female,78.43155299,0,1,4,1,153.1800731,animation,1,26.52684665,Visual
4,Nursery,Female,36.7636463,4,3,4,2,165.1961866,audio,1,28.67267975,Auditory
10,Primary 5,Male,50.9330422,3,12,7,0,126.5027653,text,1,39.92556307,Kinesthetic
5,Primary 1,Male,80.55759733,2,4,3,1,159.7531743,text,0,28.65528406,Visual
12,Junior Secondary School 3,Female,82.23433871,2,2,4,1,140.476577,animation,1,24.60464654,Visual
6,Primary 2,Male,52.89208506,1,1,1,0,205.1444197,text,0,20.34931438,Logical
5,Nursery,Male,81.97843742,2,4,2,1,173.580552,text,0,27.40077828,Visual
9,Primary 4,Female,100.7212634,1,8,3,0,142.530896,animation,1,30.68049936,Visual
10,Junior Secondary School 1,Male,52.59387341,1,4,1,0,154.5480268,text,0,21.88821848,Logical
11,Junior Secondary School 1,Female,34.1623567,4,7,7,0,129.283565,text,0,38.44519701,Kinesthetic
9,Primary 4,Male,87.04099479,1,5,2,1,175.8734589,text,1,33.06609544,Visual
5,Primary 1,Male,93.61887676,1,2,2,0,176.6296365,text,1,12.75978543,Visual
5,Nursery,Male,44.41495663,8,4,3,1,134.0328637,audio,0,35.40474229,Auditory
5,Primary 1,Male,50.46134309,2,4,1,0,131.2525197,text,0,17.07341418,Logical
5,Nursery,Female,32.86574496,2,6,7,1,153.8761687,animation,1,41.96475143,Kinesthetic
4,Nursery,Male,66.29654443,0,6,1,0,198.6414463,text,0,21.12747091,Logical
10,Primary 5,Male,81.16663446,0,2,4,0,105.9331342,animation,1,36.46292108,Visual
8,Primary 3,Male,53.31184305,0,4,1,0,251.6751041,text,0,21.17873972,Logical
9,Primary 5,Male,64.90662471,0,8,4,1,97.85268655,text,0,27.21367422,Kinesthetic
7,Primary 3,Female,81.86121631,0,12,6,0,123.1299754,text,1,36.37833586,Kinesthetic
10,Junior Secondary School 1,Female,68.9243098,0,2,2,0,204.991263,text,0,18.80473429,Logical
5,Primary 1,Female,73.5506279,0,2,1,0,170.1606113,text,0,21.57419268,Logical
9,Primary 5,Female,71.89911783,3,2,1,0,196.7069933,text,0,21.71948067,Logical
5,Nursery,Male,83.5738626,3,2,2,1,136.2291924,text,0,30.95085202,Visual
6,Primary 1,Female,51.33398257,1,7,4,0,107.8595095,text,0,42.16872237,Kinesthetic
11,Junior Secondary School 2,Female,38.02143571,3,0,5,1,145.899584,audio,1,30.19202724,Auditory
9,Primary 4,Male,62.72506262,1,10,7,1,96.68338645,text,0,40.93110482,Kinesthetic
11,Junior Secondary School 1,Male,58.39318268,1,4,1,0,178.9011746,text,0,22.74737041,Logical
6,Primary 2,Male,59.0378082,1,9,2,0,236.5560588,text,0,25.17542683,Logical
9,Primary 5,Male,51.84865364,4,7,6,1,131.0944421,animation,0,50.72104635,Kinesthetic
8,Primary 3,Female,58.91900025,3,2,4,1,168.3280129,audio,0,28.75279681,Auditory
7,Primary 3,Female,38.48726355,4,4,4,1,147.1621332,audio,1,28.4834207,Auditory
9,Primary 5,Female,45.93475381,3,15,5,1,122.5758505,animation,0,42.20180598,Kinesthetic
4,Nursery,Male,57.8350322,2,3,1,0,218.7949975,text,0,15.00179754,Logical
10,Junior Secondary School 1,Male,32.13006692,7,2,4,1,112.5315314,audio,1,26.38436668,Auditory
7,Primary 2,Male,50.97305958,1,8,4,0,131.4917891,animation,0,38.15313565,Kinesthetic
9,Primary 4,Female,46.27090703,7,3,3,2,110.4238843,audio,1,23.84225042,Auditory
6,Primary 1,Female,73.02138807,2,1,2,0,149.980639,animation,1,25.79744098,Visual
11,Junior Secondary School 2,Male,35.19808781,3,7,6,1,133.3219365,animation,0,45.06778489,Kinesthetic
12,Junior Secondary School 2,Male,40.78664661,1,13,5,1,172.093083,animation,0,44.87245194,Kinesthetic
9,Primary 4,Male,58.66688799,1,5,3,1,145.2793598,text,0,28.52489924,Visual
8,Primary 3,Male,77.744769,0,0,1,0,141.7588636,text,0,17.25502738,Logical
9,Primary 4,Female,43.49726764,6,1,4,2,218.8246949,audio,1,27.33220928,Auditory
6,Primary 2,Female,66.55590347,0,2,1,0,207.322623,text,0,23.4002192,Logical
6,Primary 2,Male,57.4689707,0,5,1,0,206.1425896,text,0,19.77721111,Logical
10,Junior Secondary School 1,Male,51.51857749,1,8,7,0,168.5437185,animation,1,36.04708761,Kinesthetic
4,Nursery,Male,51.48985631,0,7,2,0,175.2243273,text,0,21.47738279,Logical
12,Junior Secondary School 3,Male,51.4394179,9,1,3,1,184.8595778,audio,1,29.21543187,Auditory
7,Primary 3,Male,36.6988969,5,2,5,1,161.3092745,audio,0,23.95582822,Auditory
12,Junior Secondary School 3,Female,87.91989519,0,5,2,0,145.1368986,animation,0,30.93178097,Visual
12,Junior Secondary School 2,Female,41.71353588,3,3,3,1,186.7694523,audio,1,26.66931376,Auditory
4,Nursery,Male,61.48280372,2,6,6,0,82.3440543,text,0,37.40923856,Kinesthetic
6,Primary 1,Male,35.25741228,3,3,5,1,148.3400304,audio,0,23.45437469,Auditory
10,Primary 5,Female,49.52506946,4,0,4,1,163.6250092,audio,1,20.05775809,Auditory
10,Primary 5,Male,53.76551401,1,5,1,0,229.739868,text,0,17.94910653,Logical
12,Junior Secondary School 2,Male,32.35279937,1,7,6,1,134.1862653,text,0,43.18309927,Kinesthetic
12,Junior Secondary School 3,Male,87.82098674,0,3,4,0,145.6836176,animation,1,21.97162468,Visual
9,Primary 5,Male,47.1960567,8,1,4,1,198.2015546,audio,1,28.65255279,Auditory
6,Primary 2,Male,99.14602528,0,2,4,0,152.2804438,animation,0,26.04034217,Visual
12,Junior Secondary School 3,Female,31.54727993,3,1,4,2,210.4231039,audio,0,17.87676712,Auditory
11,Junior Secondary School 2,Male,38.19111291,9,0,4,2,153.3478546,audio,0,27.50385951,Auditory
9,Primary 5,Female,90.25210724,1,2,3,0,194.816479,animation,0,33.30676022,Visual
12,Junior Secondary School 3,Female,39.8800656,4,7,6,1,162.3074433,text,1,39.81468167,Kinesthetic
12,Junior Secondary School 3,Male,44.64338258,6,2,3,2,167.6642739,audio,1,31.98035683,Auditory
12,Junior Secondary School 3,Female,22.78010645,6,0,5,2,121.440456,audio,0,22.85168137,Auditory
10,Junior Secondary School 1,Female,82.52862315,3,4,2,0,162.9481937,text,0,18.82231512,Logical
5,Nursery,Male,65.65937463,0,4,1,0,180.5981995,text,0,22.4281383,Logical
8,Primary 4,Male,27.01567058,6,0,3,2,175.3733851,audio,1,22.14576048,Auditory
10,Primary 5,Female,54.23550889,0,7,1,0,220.3744413,text,0,17.81712899,Logical
10,Primary 5,Female,45.4916928,4,3,4,1,144.1089429,audio,0,27.77646247,Auditory
10,Junior Secondary School 1,Male,40.28068276,1,3,3,2,146.5661256,audio,0,26.47479203,Auditory
12,Junior Secondary School 3,Female,42.27181308,4,2,3,1,136.1152206,audio,0,22.96563302,Auditory
10,Primary 5,Male,82.71606679,2,6,3,1,162.0768808,animation,0,28.74512434,Visual
7,Primary 2,Female,28.3536408,3,2,3,1,226.5032325,audio,0,30.0062487,Auditory
8,Primary 4,Male,60.6666271,2,4,2,0,156.3452699,text,0,17.94765796,Logical
9,Primary 5,Female,54.0634391,1,4,2,0,206.672816,text,0,17.6086178,Logical
8,Primary 3,Female,51.59569912,5,7,4,0,124.3318147,animation,1,38.15011862,Kinesthetic
12,Junior Secondary School 2,Male,36.62736384,1,8,6,0,118.2433176,text,1,44.78105293,Kinesthetic
6,Primary 1,Male,42.86360739,6,2,5,1,232.6666218,audio,1,29.04080892,Auditory
7,Primary 2,Male,86.61260787,0,5,2,1,161.0503543,text,1,36.79446324,Visual
10,Junior Secondary School 1,Male,52.56180661,7,1,4,1,136.2365747,audio,0,25.41414326,Auditory
9,Primary 5,Male,55.16076757,0,15,6,1,127.9739363,animation,1,45.60786552,Kinesthetic
9,Primary 5,Male,19.29809914,1,15,6,1,125.6441924,animation,0,35.0591272,Kinesthetic
6,Primary 1,Female,57.62522663,1,4,1,0,166.9227975,text,0,14.2907264,Logical
9,Primary 5,Male,37.83620981,0,6,2,0,184.2493424,text,0,27.28135091,Logical
10,Junior Secondary School 1,Male,69.09830977,1,2,3,1,152.5498455,text,0,23.42787238,Visual
7,Primary 3,Male,98.41376326,1,1,3,1,133.9310488,animation,1,33.7528116,Visual
4,Nursery,Female,73.56201761,0,3,3,0,179.2588153,animation,0,25.20220761,Visual
8,Primary 3,Male,94.02083438,1,1,3,1,149.6366473,animation,0,35.18193617,Visual
12,Junior Secondary School 3,Male,75.67091108,2,2,3,0,171.9617282,animation,1,24.59122833,Visual
12,Junior Secondary School 3,Female,35.50662124,3,8,7,1,118.8825884,text,0,43.98296744,Kinesthetic
6,Primary 2,Female,52.14211127,1,7,2,0,178.23616,text,0,20.9635491,Logical
4,Nursery,Male,68.81913223,1,7,1,0,196.4049372,text,0,18.62826983,Logical
9,Primary 4,Female,77.38629411,1,11,4,1,82.73707998,text,1,41.34279535,Kinesthetic
9,Primary 4,Female,65.954377,0,1,1,0,187.6015118,text,0,18.02633412,Logical
9,Primary 4,Female,68.5531679,0,1,2,0,178.6367142,text,0,17.72861365,Logical
10,Primary 5,Male,47.32319262,2,11,7,0,142.0401918,text,0,41.81408678,Kinesthetic
10,Junior Secondary School 1,Male,34.97179918,8,0,5,2,159.4159663,audio,1,27.47068484,Auditory
6,Primary 1,Male,37.88178551,1,10,7,1,101.4990951,text,0,32.9812414,Kinesthetic
11,Junior Secondary School 1,Female,47.06228907,8,1,3,2,216.5980191,audio,1,28.81111603,Auditory
8,Primary 4,Male,34.80719328,5,2,3,2,149.0069552,audio,0,23.78907931,Auditory
4,Nursery,Male,39.88449703,2,1,3,1,134.4146183,audio,0,22.83008618,Auditory
12,Junior Secondary School 3,Female,61.75641601,0,6,2,0,154.7258467,text,0,26.02636171,Logical
5,Nursery,Male,63.47872924,0,4,2,0,187.9184413,text,0,22.48637419,Logical
11,Junior Secondary School 1,Female,41.2273736,8,5,4,1,138.5171558,audio,0,22.89995001,Auditory
6,Primary 2,Male,33.70749343,5,5,3,2,172.5431961,audio,0,23.85980974,Auditory
12,Junior Secondary School 3,Female,51.99971466,1,7,1,0,151.2809015,text,0,17.03107355,Logical
10,Junior Secondary School 1,Male,96.30592059,0,2,2,1,107.2899876,animation,0,42.38048612,Visual
7,Primary 3,Male,77.88338353,2,5,1,0,181.4919507,text,0,16.7538537,Logical
4,Nursery,Male,71.03764564,1,6,1,0,107.4099783,text,0,19.66949064,Logical
8,Primary 4,Female,59.99102854,6,2,5,2,89.29189912,audio,0,26.91086392,Auditory
7,Primary 3,Male,44.02555187,6,2,3,1,156.9943215,audio,0,19.62717515,Auditory
10,Junior Secondary School 1,Male,61.60768936,1,6,2,0,138.9627542,text,0,17.15480919,Logical
5,Nursery,Male,38.95601589,4,2,4,1,166.116501,audio,0,26.16254248,Auditory
12,Junior Secondary School 3,Female,72.95463822,1,1,3,1,153.8396948,animation,1,25.76306351,Visual
11,Junior Secondary School 1,Male,63.34868332,1,4,2,0,216.6956846,text,0,19.84032507,Logical
12,Junior Secondary School 3,Male,81.20343041,1,1,1,0,213.6703538,text,0,15.2363577,Logical
7,Primary 3,Female,27.24174105,2,10,7,1,136.4658177,animation,0,45.42273485,Kinesthetic
5,Nursery,Female,64.76125479,0,10,5,1,137.6473298,animation,0,42.01210016,Kinesthetic
6,Primary 2,Female,56.9167068,1,9,4,0,133.1253855,animation,0,34.82531848,Kinesthetic
8,Primary 3,Female,51.24311396,1,8,5,0,138.2095065,text,1,33.13312519,Kinesthetic
6,Primary 1,Female,41.28654144,2,10,6,0,105.9808777,text,1,41.68419474,Kinesthetic
6,Primary 1,Male,41.64256359,6,2,3,2,167.9627815,audio,0,27.18024141,Auditory
4,Nursery,Male,40.81656431,2,9,4,0,108.0750324,text,0,48.88730618,Kinesthetic
4,Nursery,Female,61.34814402,2,5,2,0,201.4684517,text,0,18.17576918,Logical
12,Junior Secondary School 2,Female,30.0617008,1,5,6,0,169.6433901,animation,1,39.42340456,Kinesthetic
7,Primary 2,Female,36.19460702,3,11,5,0,143.1008996,text,1,44.27832992,Kinesthetic
5,Nursery,Female,66.61590407,1,3,2,0,192.5056733,text,0,17.80732962,Logical
4,Nursery,Female,54.69332055,0,4,7,1,112.885503,text,1,41.29891214,Kinesthetic
8,Primary 4,Female,59.97876996,0,2,1,0,184.9178243,text,0,18.74036526,Logical
6,Primary 1,Male,48.95055427,5,14,4,0,84.89076548,animation,1,37.16410977,Kinesthetic
4,Nursery,Male,34.06136383,7,0,3,2,163.5173759,audio,0,27.5577901,Auditory
12,Junior Secondary School 3,Female,38.79512101,5,2,5,1,136.5932639,audio,1,22.78269685,Auditory
4,Nursery,Female,50.47211163,5,2,3,1,154.5641223,audio,1,33.17063105,Auditory
12,Junior Secondary School 3,Male,48.66662558,3,2,5,1,146.6277213,audio,0,26.41829141,Auditory
12,Junior Secondary School 3,Male,46.97986008,6,2,3,2,99.42844533,audio,1,22.29199809,Auditory
9,Primary 5,Female,96.19088873,1,8,2,1,150.7227695,text,0,36.03976738,Visual
10,Junior Secondary School 1,Female,45.41547737,4,3,4,2,128.3257397,audio,1,28.73909437,Auditory
11,Junior Secondary School 1,Female,50.91131984,1,8,4,1,121.05491,text,1,34.71508252,Kinesthetic
8,Primary 3,Male,43.00331453,0,12,7,0,133.1359044,animation,0,34.70528756,Kinesthetic
12,Junior Secondary School 3,Female,46.69497557,4,2,3,1,162.037913,audio,1,20.33167148,Auditory
11,Junior Secondary School 1,Male,54.21686957,0,1,1,0,167.2981104,text,0,15.76583724,Logical
5,Nursery,Male,98.58700024,1,4,4,1,173.2985447,animation,0,38.96532508,Visual
8,Primary 4,Male,77.53928874,1,2,2,1,134.1819374,animation,1,35.68478176,Visual
11,Junior Secondary School 2,Male,24.53648791,3,9,7,1,118.4213768,animation,1,34.26257012,Kinesthetic
11,Junior Secondary School 2,Female,75.77615371,0,9,4,0,149.3460473,text,1,33.09234684,Visual
12,Junior Secondary School 2,Female,92.05457314,1,9,2,1,158.0352969,text,1,31.44947793,Visual
5,Primary 1,Female,57.5036399,1,5,1,0,139.3210211,text,0,25.94851482,Logical
10,Junior Secondary School 1,Male,34.40479557,1,16,4,0,134.4296945,text,1,47.26767494,Kinesthetic
9,Primary 5,Female,58.2107375,4,6,1,0,137.4946587,text,0,23.37715918,Logical
6,Primary 2,Female,50.23263922,0,3,2,0,200.1851799,text,0,18.72955748,Logical
6,Primary 2,Male,53.77526259,1,6,6,1,133.1843114,text,0,49.06105418,Kinesthetic
12,Junior Secondary School 3,Male,99.55618674,0,3,3,1,159.6057783,animation,0,28.40636288,Visual
12,Junior Secondary School 2,Female,82.66978801,3,3,2,0,159.6300639,text,0,19.53332324,Visual
8,Primary 4,Male,99.36900824,1,3,3,0,151.1100595,animation,0,45.3415109,Visual
9,Primary 5,Female,85.72301385,2,2,3,0,118.132303,text,0,38.49061067,Visual
12,Junior Secondary School 3,Male,34.93585188,0,13,5,1,141.9498655,text,1,34.61813447,Kinesthetic
5,Primary 1,Female,43.75682033,3,12,4,1,110.8614414,animation,0,36.90873748,Kinesthetic
12,Junior Secondary School 3,Female,41.26479586,0,11,4,1,160.8026918,text,1,43.60178188,Kinesthetic
5,Primary 1,Male,53.01749589,3,15,4,0,136.0448875,text,0,34.67697043,Kinesthetic
7,Primary 2,Female,42.72715884,1,6,5,0,138.2714065,text,0,36.01744336,Kinesthetic
11,Junior Secondary School 2,Male,83.57664162,1,2,4,1,169.6348668,animation,1,27.89231513,Visual
11,Junior Secondary School 2,Female,29.86038374,1,7,5,0,119.9262231,text,1,27.95651066,Kinesthetic
7,Primary 2,Male,74.26636915,0,2,2,0,129.7341299,animation,1,35.17582727,Visual
12,Junior Secondary School 3,Male,79.56854495,1,3,2,1,137.7122667,animation,1,30.47206409,Visual
9,Primary 5,Male,95.49392079,1,1,2,1,160.0616448,animation,0,21.81488795,Visual
10,Primary 5,Male,44.6225922,7,4,4,1,208.7333384,audio,1,17.28273911,Auditory
12,Junior Secondary School 3,Female,54.6437967,2,4,2,0,188.5611632,text,0,15.87259159,Logical
12,Junior Secondary School 3,Male,72.05720821,0,3,1,0,217.765701,text,0,19.89950525,Logical
8,Primary 4,Female,86.01400429,1,2,4,0,122.7413359,text,1,29.985732,Visual
4,Nursery,Male,49.96583239,2,7,6,1,117.0313868,animation,1,40.23311099,Kinesthetic
9,Primary 5,Male,78.22253502,3,4,3,0,137.5152275,animation,1,31.59093432,Visual
10,Junior Secondary School 1,Female,75.34231056,1,11,5,0,133.0989602,animation,1,48.56393371,Kinesthetic
12,Junior Secondary School 3,Male,53.80285669,4,1,4,2,147.7717201,audio,0,29.64319593,Auditory
11,Junior Secondary School 1,Male,36.2085635,5,1,5,2,170.0989633,audio,0,20.86333038,Auditory
9,Primary 4,Female,22.73909301,2,6,5,0,106.8547437,animation,1,36.17511675,Kinesthetic
6,Primary 2,Female,64.51393616,0,7,1,0,221.9887853,text,0,24.26229914,Logical
12,Junior Secondary School 2,Male,32.74874646,5,4,5,2,124.6284432,audio,0,18.2285307,Auditory
12,Junior Secondary School 2,Female,44.54722528,1,4,5,1,91.45622613,animation,0,48.27549656,Kinesthetic
7,Primary 3,Male,42.76274593,5,13,4,0,133.9439723,text,1,28.67811161,Kinesthetic
5,Nursery,Female,82.57413378,1,1,2,0,126.7359543,animation,1,24.64892606,Visual
6,Primary 2,Male,84.3532595,4,10,2,0,148.2309251,animation,1,41.79792933,Visual
12,Junior Secondary School 2,Male,62.78968419,1,3,2,0,157.1136535,text,0,18.49808871,Logical
6,Primary 1,Male,70.77341037,2,6,1,0,136.8044397,text,0,19.85565837,Logical
10,Primary 5,Female,53.63061896,0,5,2,0,149.8984594,text,0,23.19877686,Logical
6,Primary 1,Male,72.2047918,0,2,2,0,144.0144883,animation,1,28.41947765,Visual
10,Junior Secondary School 1,Male,84.54710832,1,10,7,1,120.6235191,text,1,38.92620844,Kinesthetic
10,Junior Secondary School 1,Female,52.7788985,2,14,7,1,140.2771675,animation,0,28.57092019,Kinesthetic
10,Primary 5,Female,35.88911662,2,6,7,1,89.23201346,text,1,40.9721866,Kinesthetic
12,Junior Secondary School 3,Male,28.47710608,4,1,3,1,161.2925917,audio,1,25.83468145,Auditory
12,Junior Secondary School 3,Female,43.82988711,0,13,7,1,135.3932177,animation,0,38.27203271,Kinesthetic
4,Nursery,Female,69.02313344,1,8,1,0,122.4531873,text,0,20.98296136,Logical
7,Primary 2,Male,52.06009532,3,1,3,1,190.4209035,audio,0,24.40981827,Auditory
12,Junior Secondary School 3,Female,66.09229888,1,5,2,1,133.4528897,animation,1,30.2980806,Visual
10,Junior Secondary School 1,Male,37.55003378,6,0,3,1,157.5625612,audio,0,24.74490857,Auditory
10,Primary 5,Male,32.56929676,4,2,3,2,140.2484236,audio,1,26.7021816,Auditory
10,Junior Secondary School 1,Female,32.50042954,3,3,3,2,168.1028901,audio,1,27.45804785,Auditory
9,Primary 5,Male,72.0794557,0,6,1,0,185.0094462,text,0,19.42476276,Logical
5,Primary 1,Female,66.45147511,2,10,4,0,118.3939452,text,0,38.7813942,Kinesthetic
12,Junior Secondary School 3,Female,71.34714778,2,5,2,0,211.0060584,text,0,25.56029215,Logical
10,Junior Secondary School 1,Male,63.78742936,2,5,2,0,149.8271859,animation,1,29.39706743,Visual
11,Junior Secondary School 2,Female,72.10153714,3,3,2,0,211.6657482,text,0,23.36628684,Logical
6,Primary 1,Female,69.07362418,2,4,2,0,195.4933197,text,0,21.39736035,Logical
5,Primary 1,Male,52.14235964,3,8,6,1,126.7077781,animation,1,45.81845725,Kinesthetic
7,Primary 2,Male,51.83143274,4,0,4,1,114.4111866,audio,1,22.70799049,Auditory
10,Primary 5,Female,39.44772497,2,1,5,1,132.7945687,audio,0,25.49994372,Auditory
12,Junior Secondary School 2,Female,24.66097688,3,10,6,0,116.1019453,animation,0,40.73267683,Kinesthetic
12,Junior Secondary School 3,Female,54.09171198,4,0,5,1,219.4136853,audio,1,28.70745709,Auditory
8,Primary 4,Male,39.34985328,3,2,4,2,216.0484541,audio,0,20.96779537,Auditory
11,Junior Secondary School 2,Male,34.86427005,5,5,3,1,172.0896675,audio,1,23.83967328,Auditory
9,Primary 4,Female,77.42463219,0,2,1,0,197.9262087,text,0,18.05342563,Logical
5,Primary 1,Female,46.63145458,4,11,6,0,168.338317,animation,1,36.76098201,Kinesthetic
12,Junior Secondary School 2,Male,71.23195899,2,4,2,1,157.7399923,animation,0,38.49276888,Visual
5,Nursery,Female,91.45957084,0,3,3,1,112.5730274,animation,1,25.61229005,Visual
5,Primary 1,Female,78.51269341,1,4,2,1,151.6575464,animation,1,31.92867427,Visual
4,Nursery,Female,84.39485468,0,2,4,0,153.9201855,text,0,29.83741579,Visual
12,Junior Secondary School 3,Male,38.02320193,3,11,4,1,155.2435974,animation,1,47.10101214,Kinesthetic
8,Primary 4,Male,57.00500223,2,9,4,1,165.4487967,text,1,40.78960228,Kinesthetic
10,Primary 5,Female,39.14486964,1,1,3,1,109.7957513,audio,1,29.40787354,Auditory
12,Junior Secondary School 3,Female,92.6299819,2,3,3,0,157.2702899,text,0,29.97982965,Visual
7,Primary 3,Female,68.21895108,2,8,1,0,201.8579581,text,0,19.64037953,Logical
8,Primary 4,Female,77.06586781,6,12,4,0,116.6871788,text,0,36.94373393,Kinesthetic
10,Primary 5,Female,62.65951778,1,7,6,1,133.0822821,animation,1,31.23756327,Kinesthetic
6,Primary 1,Female,63.90398004,2,2,2,0,117.6908183,text,0,18.38516345,Logical
8,Primary 4,Male,72.49609838,3,1,4,1,153.2408674,text,0,28.97454084,Visual
10,Junior Secondary School 1,Female,73.07787963,0,6,2,0,173.7112426,text,0,17.57174436,Logical
12,Junior Secondary School 2,Female,33.51037639,11,3,4,2,173.0900895,audio,1,21.18106982,Auditory
12,Junior Secondary School 3,Female,62.63334389,2,2,1,0,236.850708,text,0,22.81982242,Logical
6,Primary 1,Female,78.82650836,1,2,2,1,165.8162717,animation,1,29.1702202,Visual
5,Primary 1,Female,75.07424706,1,4,2,1,125.7196754,text,1,24.96831909,Visual
5,Primary 1,Male,51.09588798,3,11,7,1,96.68632762,animation,0,43.10573672,Kinesthetic
9,Primary 5,Male,41.17488394,3,5,4,0,82.90954904,animation,0,48.31657491,Kinesthetic
11,Junior Secondary School 1,Female,57.865745,5,12,5,0,106.3793614,text,1,36.39959151,Kinesthetic
7,Primary 3,Female,105.12702,2,6,3,1,144.7862208,animation,0,16.85061308,Visual
11,Junior Secondary School 1,Female,75.20819685,0,3,1,0,166.7554531,text,0,20.99604643,Logical
4,Nursery,Male,33.59914698,3,11,7,0,117.0382228,text,0,31.37063412,Kinesthetic
12,Junior Secondary School 3,Female,78.51753221,1,2,4,1,122.4560151,animation,0,29.63197339,Visual
11,Junior Secondary School 2,Female,50.02797426,0,2,1,0,164.8450393,text,0,18.90895238,Logical
10,Primary 5,Male,54.85887549,5,1,5,2,158.9045886,audio,1,25.22821676,Auditory
10,Junior Secondary School 1,Female,48.87021578,1,0,4,2,137.8027684,audio,1,26.84145898,Auditory
12,Junior Secondary School 3,Male,43.60637719,1,2,3,2,161.0935211,audio,0,27.26931321,Auditory
8,Primary 4,Male,95.16634761,2,5,4,1,145.8364096,animation,0,31.85532325,Visual
5,Primary 1,Male,58.16069924,2,2,2,0,239.9475532,text,0,22.21343068,Logical
11,Junior Secondary School 1,Male,57.17123779,1,1,2,0,230.6932657,text,0,22.4197023,Logical
6,Primary 2,Female,66.53632502,0,1,1,0,150.522366,text,0,25.05922721,Logical
10,Junior Secondary School 1,Male,79.39916112,0,4,4,0,183.9211551,animation,0,27.37548273,Visual
12,Junior Secondary School 3,Female,15.0096611,1,14,5,0,127.9191405,text,0,41.19911135,Kinesthetic
4,Nursery,Male,92.64741785,0,1,2,0,133.7705776,text,0,30.15410461,Visual
12,Junior Secondary School 3,Male,45.23048017,0,11,5,1,123.6776416,text,0,46.35257173,Kinesthetic
5,Nursery,Female,85.45239839,0,3,4,0,136.7362234,animation,1,35.77079574,Visual
7,Primary 3,Female,67.74655244,0,5,3,0,170.1212866,text,0,32.35512995,Visual
4,Nursery,Female,49.29935449,2,10,7,0,119.4052022,text,1,39.63681716,Kinesthetic
7,Primary 3,Female,47.15244282,2,2,1,0,151.6998619,text,0,15.89322576,Logical
12,Junior Secondary School 3,Male,32.59179994,7,3,3,2,157.3095538,audio,0,26.28645144,Auditory
10,Primary 5,Male,58.42562791,0,2,1,0,157.4410265,text,0,19.47208171,Logical
7,Primary 3,Female,60.82294837,2,6,2,0,135.4865695,text,0,18.09389797,Logical
8,Primary 4,Male,35.10897767,3,1,3,1,134.6006761,audio,0,22.1965209,Auditory
9,Primary 4,Male,72.13568505,2,3,1,0,195.4112166,text,0,20.84163981,Logical
11,Junior Secondary School 1,Female,63.53513518,0,4,1,0,159.2370627,text,0,21.03015249,Logical
9,Primary 5,Female,33.41652504,3,8,6,1,121.0811306,animation,0,27.36373897,Kinesthetic
5,Primary 1,Male,62.52584764,6,6,4,0,110.9126422,animation,1,35.92127647,Kinesthetic
6,Primary 2,Male,64.7748884,1,3,2,0,143.4491473,text,0,20.33367878,Logical
6,Primary 2,Female,53.02732523,2,6,1,0,201.7366351,text,0,23.1178596,Logical
10,Primary 5,Male,27.08157886,6,1,3,2,113.7946488,audio,1,21.51321228,Auditory
11,Junior Secondary School 1,Female,52.8348276,5,2,4,1,126.5377014,audio,0,25.06793899,Auditory
12,Junior Secondary School 2,Male,78.18575936,2,11,5,0,106.8567069,text,0,45.38607029,Kinesthetic
12,Junior Secondary School 3,Male,68.94780949,1,6,2,0,163.669583,animation,0,25.32516812,Visual
9,Primary 4,Female,37.81610834,5,1,4,1,175.2585318,audio,0,18.21901084,Auditory
5,Primary 1,Male,63.15502794,0,2,1,0,154.6199701,text,0,18.59539408,Logical
10,Junior Secondary School 1,Male,83.05278602,1,0,2,0,146.5915623,animation,0,24.70686907,Visual
12,Junior Secondary School 3,Male,55.30034076,3,16,6,0,147.5441312,animation,0,41.50386809,Kinesthetic
10,Junior Secondary School 1,Male,81.05656071,2,3,3,0,142.7296695,text,0,33.11070762,Visual
11,Junior Secondary School 2,Female,72.62752481,0,7,3,1,137.3788377,text,1,26.41415477,Visual
9,Primary 4,Female,39.40088088,5,1,5,2,175.1678843,audio,1,28.26520077,Auditory
10,Junior Secondary School 1,Male,51.16086598,1,10,7,0,165.0975606,animation,0,44.0922491,Kinesthetic
10,Primary 5,Female,72.05440135,4,15,6,1,120.7992082,animation,1,38.29402866,Kinesthetic
9,Primary 4,Male,77.41449239,1,3,2,0,162.1196622,animation,1,31.9035648,Visual
12,Junior Secondary School 3,Female,45.65299947,0,6,2,0,184.0998973,text,0,23.49708168,Logical
12,Junior Secondary School 2,Male,77.9701741,1,3,2,0,219.8251339,text,0,13.69014588,Logical
10,Junior Secondary School 1,Female,56.32010432,1,8,7,1,146.1268953,text,0,36.82600612,Kinesthetic
7,Primary 3,Female,89.52014366,0,2,2,0,154.3482464,text,0,29.67271047,Visual
5,Nursery,Female,47.56301869,6,2,3,1,160.7042251,audio,1,25.55883874,Auditory
7,Primary 2,Female,80.64436562,1,4,4,1,107.5507391,animation,1,21.52612968,Visual
12,Junior Secondary School 2,Male,76.05642654,1,7,4,1,169.5873122,animation,0,26.09720731,Visual
7,Primary 2,Female,54.68148006,0,6,2,0,163.5227324,text,0,18.99147393,Logical
12,Junior Secondary School 2,Female,54.03888167,2,4,4,1,134.1579746,audio,0,28.41553663,Auditory
11,Junior Secondary School 2,Female,64.05758409,2,5,5,1,137.0922094,animation,0,29.27825401,Kinesthetic
6,Primary 2,Female,84.01979051,2,2,2,1,187.4269582,animation,1,32.23389092,Visual
7,Primary 2,Male,37.50561727,8,0,3,1,151.9197522,audio,1,29.45860199,Auditory
8,Primary 3,Female,44.19875215,7,2,4,1,110.4800499,audio,0,18.20974825,Auditory
8,Primary 4,Female,62.57441188,0,4,2,0,154.6272268,text,0,37.2118487,Visual
5,Primary 1,Female,54.63092491,0,12,5,1,129.3402762,animation,1,32.06347462,Kinesthetic
5,Nursery,Female,54.16416984,4,10,7,1,145.3139959,text,0,40.3495905,Kinesthetic
7,Primary 3,Female,50.4309824,1,2,2,0,123.8605957,text,0,14.81096814,Logical
12,Junior Secondary School 3,Male,40.94076669,3,9,6,1,137.6930371,animation,0,45.40112504,Kinesthetic
9,Primary 4,Female,56.05003156,0,7,1,0,207.2820256,text,0,19.31602246,Logical
7,Primary 3,Male,58.17443568,0,13,4,1,141.8756003,animation,1,40.45078,Kinesthetic
6,Primary 1,Female,60.33828083,1,5,1,0,163.2537472,text,0,17.49002316,Logical
8,Primary 4,Male,37.6978541,3,2,5,2,159.2049513,audio,1,24.22182256,Auditory
8,Primary 3,Male,56.9464896,1,9,4,1,111.7380247,text,0,56.40811033,Kinesthetic
10,Primary 5,Female,48.85875028,4,2,3,1,252.3036055,audio,1,21.94832238,Auditory
4,Nursery,Male,27.29508397,6,2,5,1,137.7864399,audio,1,26.80313324,Auditory
12,Junior Secondary School 2,Male,82.91629107,0,4,4,0,139.7423286,text,1,36.02114503,Visual
4,Nursery,Male,43.83836394,2,5,3,2,156.2744236,audio,1,21.26455961,Auditory
7,Primary 3,Male,37.32531576,0,4,7,0,133.8314742,text,0,32.36344998,Kinesthetic
5,Nursery,Male,78.17231865,3,7,4,0,192.4695204,animation,0,45.77612703,Kinesthetic
10,Primary 5,Male,60.62179377,0,5,1,0,153.3166369,text,0,14.09920687,Logical
5,Nursery,Female,57.27722785,1,3,1,0,177.0010697,text,0,18.62636384,Logical
7,Primary 3,Female,43.75689642,0,7,2,0,126.8569038,text,0,21.40564798,Logical
6,Primary 1,Male,80.1226426,1,2,3,0,169.87589,text,0,29.06077889,Visual
7,Primary 3,Male,22.75907111,5,2,4,2,168.5467997,audio,0,22.27764411,Auditory
12,Junior Secondary School 2,Female,40.16304494,7,3,5,1,156.2285553,audio,1,25.5808206,Auditory
8,Primary 3,Female,36.74953457,4,1,3,2,158.2298394,audio,1,22.59807313,Auditory
12,Junior Secondary School 3,Male,83.04973518,1,1,4,0,123.516544,text,0,16.63340521,Visual
11,Junior Secondary School 2,Male,61.48193983,2,7,1,0,131.6681866,text,0,14.93371407,Logical
12,Junior Secondary School 3,Female,59.62480641,0,6,3,1,163.6033361,text,0,32.8187868,Visual
12,Junior Secondary School 3,Male,73.46248929,2,5,1,0,180.9899895,text,0,20.23845242,Logical
10,Junior Secondary School 1,Female,32.88202804,2,7,6,0,171.9718281,animation,1,48.56026053,Kinesthetic
11,Junior Secondary School 1,Male,86.88077795,1,1,2,0,166.9255928,animation,1,33.79670415,Visual
11,Junior Secondary School 1,Female,66.61613981,1,1,2,0,227.8536126,text,0,13.41662925,Logical
8,Primary 4,Female,64.81683933,0,4,1,0,213.9944861,text,0,20.19746804,Logical
6,Primary 1,Female,52.37366485,0,1,1,0,141.087112,text,0,16.61140968,Logical
8,Primary 4,Female,64.4106493,0,11,5,0,113.7664954,animation,1,55.71704918,Kinesthetic
7,Primary 2,Male,47.36469386,2,3,2,0,195.4355653,text,0,22.26817221,Logical
8,Primary 3,Female,78.19611802,0,8,2,0,186.0943287,text,0,19.72195868,Logical
5,Primary 1,Female,34.03802698,4,1,5,1,158.1835443,audio,1,20.57015469,Auditory
12,Junior Secondary School 3,Female,88.52145635,1,3,3,0,148.4570437,text,1,34.01946167,Visual
11,Junior Secondary School 1,Female,81.86670252,1,2,4,1,176.4910497,animation,1,29.81926009,Visual
12,Junior Secondary School 3,Male,43.16150197,4,5,1,0,148.8963425,text,0,21.3149119,Logical
7,Primary 3,Female,50.00121059,3,7,1,0,133.9756149,text,0,19.34025178,Logical
11,Junior Secondary School 2,Male,42.47838779,2,3,2,0,170.6207038,text,0,23.85533309,Logical
6,Primary 1,Male,26.52435505,1,12,4,1,117.6680426,text,1,33.10914307,Kinesthetic
6,Primary 2,Female,49.4636907,2,1,2,0,153.1999527,text,0,17.31750606,Logical
11,Junior Secondary School 1,Female,50.91368403,5,1,4,1,135.4792254,audio,1,24.03401541,Auditory
8,Primary 3,Female,36.45391042,1,14,5,0,132.6733416,text,1,54.09687753,Kinesthetic
12,Junior Secondary School 3,Male,43.05980735,3,7,5,0,148.3812246,text,0,33.00802917,Kinesthetic
6,Primary 2,Female,56.15214293,1,8,2,0,214.522245,text,0,15.88375869,Logical
7,Primary 2,Female,17.45901041,9,3,4,1,133.1107706,audio,1,28.33954391,Auditory
12,Junior Secondary School 3,Male,57.73955985,2,13,7,0,184.410746,text,1,36.0545687,Kinesthetic
12,Junior Secondary School 3,Female,67.52679214,0,5,2,0,152.0365846,text,0,17.14271229,Logical
9,Primary 5,Male,62.48600351,0,7,2,0,177.3601726,text,0,13.25974717,Logical
9,Primary 4,Male,79.09600871,0,4,4,0,129.6795408,text,1,23.53196797,Visual
8,Primary 3,Female,65.65867158,0,3,1,0,154.4474249,text,0,25.40887837,Logical
7,Primary 2,Female,28.01785574,6,3,3,1,155.9151005,audio,0,25.19396722,Auditory
6,Primary 1,Female,57.78315292,3,6,5,0,127.6741979,text,1,43.63850593,Kinesthetic
8,Primary 3,Female,37.20133657,2,9,7,0,108.182389,text,1,39.61167176,Kinesthetic
9,Primary 5,Male,46.85642274,3,15,5,1,141.4987025,text,1,38.58173643,Kinesthetic
7,Primary 3,Male,80.07347091,2,3,4,1,122.8212891,animation,0,32.34003235,Visual
11,Junior Secondary School 2,Female,67.09492321,1,6,2,0,138.9906716,animation,1,35.00923354,Visual
4,Nursery,Male,71.2622701,1,0,2,0,184.2792898,text,0,15.27117318,Logical
12,Junior Secondary School 2,Male,71.94448667,2,4,2,0,142.7423025,text,0,22.21657247,Logical
8,Primary 3,Female,67.04281099,1,4,1,0,160.434564,text,0,21.21656782,Logical
8,Primary 4,Female,51.78094468,3,2,3,2,204.1492811,audio,1,28.96702608,Auditory
8,Primary 3,Male,74.01132236,0,7,2,0,229.9615966,text,0,20.91172218,Logical
6,Primary 1,Female,74.82295487,0,3,3,0,144.2300054,text,1,35.8742631,Visual
7,Primary 2,Male,34.76375494,5,2,4,2,135.4659036,audio,1,23.63303679,Auditory
12,Junior Secondary School 3,Male,34.57225692,4,2,3,1,168.7359521,audio,1,23.77154913,Auditory
8,Primary 4,Female,47.59590181,1,13,4,0,157.2961045,text,1,40.75598446,Kinesthetic
5,Nursery,Male,63.35484223,3,11,7,1,142.7836597,animation,1,49.99797259,Kinesthetic
8,Primary 4,Male,36.07601635,4,1,5,1,172.2252326,audio,0,29.48238893,Auditory
12,Junior Secondary School 3,Male,33.92003294,7,1,4,1,110.9249851,audio,0,20.37999453,Auditory
12,Junior Secondary School 3,Male,54.99719335,0,1,2,0,216.6802939,text,0,20.43298825,Logical
7,Primary 3,Male,79.62171929,2,4,4,1,160.3198681,animation,1,21.56016033,Visual
11,Junior Secondary School 2,Female,63.68837721,2,2,4,1,159.6487382,animation,0,26.06400065,Visual
5,Nursery,Male,29.62897596,4,2,5,1,200.1157852,audio,1,27.17504517,Auditory
10,Junior Secondary School 1,Female,68.77004179,0,4,3,1,129.6989827,animation,1,27.39160165,Visual
5,Nursery,Female,69.50678385,0,4,1,0,90.68806011,text,0,18.78009947,Logical
8,Primary 4,Male,47.7463219,3,6,4,1,149.4395541,animation,0,38.6241361,Kinesthetic
5,Nursery,Male,52.0207803,0,2,2,0,176.6275499,text,0,18.13053396,Logical
9,Primary 4,Male,74.86302738,2,15,6,0,122.5701467,text,0,38.38628694,Kinesthetic
7,Primary 2,Male,24.99393442,4,1,3,2,147.9677975,audio,0,30.62066646,Auditory
7,Primary 2,Female,54.31757558,5,4,5,1,146.4017457,audio,0,20.36997269,Auditory
10,Junior Secondary School 1,Female,89.89441666,1,13,7,1,141.5092647,text,0,39.49649416,Kinesthetic
12,Junior Secondary School 2,Male,96.33847399,1,0,2,1,153.589695,animation,1,34.63256003,Visual
6,Primary 1,Female,44.72221475,5,1,3,1,152.9277073,audio,0,36.17484918,Auditory
6,Primary 2,Male,87.3226488,4,4,4,0,168.9159556,animation,0,34.94114792,Visual
8,Primary 4,Female,52.18073265,2,10,4,0,140.2135326,animation,1,34.84834241,Kinesthetic
6,Primary 1,Female,66.2812078,2,6,1,0,205.5569205,text,0,16.07631394,Logical
5,Nursery,Male,55.19654834,4,1,4,1,160.098572,audio,1,23.99101025,Auditory
11,Junior Secondary School 2,Female,38.04451452,6,17,4,1,132.2010442,text,1,46.51823178,Kinesthetic
10,Junior Secondary School 1,Female,58.16476043,2,13,7,1,157.2043777,text,1,34.65589469,Kinesthetic
12,Junior Secondary School 3,Male,88.40444177,1,2,2,1,144.7491158,text,0,29.07020399,Visual
7,Primary 3,Male,36.34936218,3,8,5,0,134.0208365,text,0,42.86808843,Kinesthetic
7,Primary 3,Female,31.08998415,7,1,4,2,116.6395555,audio,0,27.11385198,Auditory
12,Junior Secondary School 2,Male,63.12208142,2,10,7,1,146.9966656,text,0,39.66708922,Kinesthetic
10,Primary 5,Female,49.61503021,3,0,4,1,177.6542493,audio,0,15.96991549,Auditory
6,Primary 1,Female,87.72671623,0,4,4,0,118.1200094,text,1,37.99884113,Visual
5,Primary 1,Male,73.03477757,1,5,1,0,139.4539702,text,0,19.16891681,Logical
9,Primary 4,Male,55.99029018,3,13,4,0,132.3034602,text,1,42.68903499,Kinesthetic
7,Primary 2,Male,58.31494769,2,4,1,0,190.6142934,text,0,21.10184422,Logical
4,Nursery,Female,82.8890079,0,4,4,0,143.6118047,animation,1,22.81600309,Visual
6,Primary 2,Male,36.02671026,1,2,4,2,168.9701309,audio,1,29.71187731,Auditory
8,Primary 3,Male,25.08494984,2,4,4,2,136.5229942,audio,1,21.79986238,Auditory
8,Primary 3,Female,56.32167379,1,5,1,0,152.7677016,text,0,19.91040068,Logical
9,Primary 5,Female,43.83334863,0,4,2,0,158.7198443,text,0,27.31776501,Logical
10,Junior Secondary School 1,Female,85.66405847,0,3,2,1,113.9621761,animation,1,29.17794075,Visual
9,Primary 4,Female,38.38852705,1,11,5,0,160.4189942,animation,1,53.90439101,Kinesthetic
6,Primary 2,Female,68.80479601,0,6,2,0,161.3111854,text,0,20.84318089,Logical
9,Primary 4,Female,97.77287069,2,0,4,1,139.9505222,animation,0,29.49144848,Visual
12,Junior Secondary School 3,Male,90.80394002,1,1,4,1,184.9723125,animation,0,28.42177042,Visual
10,Primary 5,Male,100.6448597,1,4,2,1,139.5404529,animation,0,29.32606483,Visual
8,Primary 4,Female,62.45288979,2,7,5,0,130.1883512,text,1,39.7894715,Kinesthetic
11,Junior Secondary School 2,Male,32.468158,8,1,4,1,151.3618635,audio,1,23.10512426,Auditory
10,Primary 5,Female,54.65793735,3,13,4,1,107.8148309,animation,1,40.13222195,Kinesthetic
4,Nursery,Male,68.39723306,1,5,2,0,212.9811836,text,0,20.77161172,Logical
12,Junior Secondary School 3,Female,50.08895923,4,1,4,1,193.8976174,audio,0,27.11181735,Auditory
9,Primary 4,Female,38.59450316,2,2,5,1,168.2124764,audio,1,20.58114786,Auditory
12,Junior Secondary School 2,Male,103.5884591,0,3,2,0,144.4409542,text,1,25.9896992,Visual
8,Primary 4,Female,70.2658156,1,2,3,0,159.2634248,animation,1,27.99553963,Visual
10,Junior Secondary School 1,Male,48.65275655,2,9,4,1,97.54184316,text,0,43.61920205,Kinesthetic
12,Junior Secondary School 2,Female,88.8935284,1,2,2,0,145.8182234,animation,0,22.37807971,Visual
12,Junior Secondary School 3,Female,74.55005141,0,7,3,0,120.3178004,animation,0,28.55347896,Visual
10,Primary 5,Male,38.77183223,13,0,4,1,142.914082,audio,0,20.91640948,Auditory
9,Primary 4,Female,77.16020114,1,2,3,0,141.9775799,animation,0,26.62130862,Visual
7,Primary 2,Male,96.43976298,2,3,3,0,159.1576136,animation,1,27.62951352,Visual
9,Primary 4,Female,37.08264271,7,2,4,2,178.668443,audio,0,28.1489537,Auditory
9,Primary 5,Male,52.34241208,2,2,1,0,197.3157892,text,0,15.7188773,Logical
6,Primary 1,Female,77.40058407,0,3,3,0,113.8182852,animation,0,31.99165494,Visual
11,Junior Secondary School 1,Male,55.15899896,1,5,1,0,159.0467693,text,0,19.05154675,Logical
12,Junior Secondary School 2,Female,21.28446762,1,1,4,2,198.5173095,audio,0,27.24603974,Auditory
6,Primary 2,Male,67.03216754,1,5,3,0,182.71259,animation,1,22.55397271,Visual
12,Junior Secondary School 3,Male,40.72834957,3,3,3,2,183.2019549,audio,1,21.02059168,Auditory
12,Junior Secondary School 2,Male,51.76291565,3,4,1,0,227.1730137,text,0,19.86609888,Logical
8,Primary 4,Female,88.87513555,0,4,4,1,139.0513185,animation,1,30.03467811,Visual
8,Primary 3,Male,62.45325199,0,2,2,0,205.541583,text,0,21.80034927,Logical
9,Primary 5,Female,96.69742463,0,2,3,1,149.0811491,animation,1,38.52053886,Visual
11,Junior Secondary School 1,Female,36.33029375,5,1,3,2,183.4349158,audio,0,26.37648785,Auditory
10,Primary 5,Female,35.17119862,6,2,4,1,171.3951474,audio,1,25.45567956,Auditory
9,Primary 4,Male,65.32643033,2,10,7,1,103.733321,text,0,39.30195001,Kinesthetic
11,Junior Secondary School 2,Female,71.86037556,1,3,2,0,134.1898064,text,0,19.42487057,Logical
10,Junior Secondary School 1,Male,32.93305559,4,2,5,2,217.3769818,audio,1,27.08842643,Auditory
5,Nursery,Female,73.81200357,1,3,4,1,122.6023199,animation,0,28.18034765,Visual
8,Primary 4,Male,37.92986521,4,2,3,1,177.7864117,audio,0,21.55169237,Auditory
12,Junior Secondary School 2,Male,41.96995135,5,0,4,2,181.1045564,audio,0,21.70342172,Auditory
6,Primary 1,Female,59.43591424,2,2,5,1,173.2114817,audio,0,32.29485504,Auditory
11,Junior Secondary School 2,Female,66.73542871,1,5,2,0,200.9063917,text,0,18.99868547,Logical
6,Primary 2,Male,82.9009016,0,2,2,1,117.0463419,text,1,30.30432555,Visual
9,Primary 4,Female,30.3817457,2,17,7,1,133.0104226,text,1,35.02433081,Kinesthetic
6,Primary 1,Female,43.42721511,2,6,4,2,193.7868511,audio,1,24.21685768,Auditory
5,Primary 1,Male,31.89087993,1,2,4,1,180.0314324,audio,1,29.1233616,Auditory
7,Primary 2,Male,84.03443416,1,3,2,0,160.5185088,animation,0,30.50227288,Visual
4,Nursery,Male,41.5883883,2,2,5,1,125.4712599,audio,1,25.69863019,Auditory
10,Primary 5,Female,89.42823647,2,1,3,1,146.8777002,animation,0,33.05522545,Visual
11,Junior Secondary School 1,Male,25.8324336,6,5,3,1,173.5960875,audio,1,27.79019014,Auditory
7,Primary 2,Female,51.67238533,2,1,2,0,184.9946127,text,0,17.92316354,Logical
12,Junior Secondary School 3,Male,60.22970058,6,3,4,2,148.9117782,audio,0,21.43766953,Auditory
12,Junior Secondary School 2,Male,32.44030175,1,14,5,0,103.9072732,animation,1,42.76307363,Kinesthetic
5,Nursery,Female,37.17492218,5,2,5,1,157.4748935,audio,1,22.8433041,Auditory
10,Primary 5,Male,82.25731279,0,6,4,0,122.263671,animation,1,33.91254271,Visual
6,Primary 2,Female,77.8388733,5,2,2,0,128.4182761,text,0,17.26382908,Logical
11,Junior Secondary School 1,Female,31.80481394,2,13,7,1,108.0251313,text,1,39.82386232,Kinesthetic
9,Primary 5,Male,74.51198232,1,6,4,1,114.4713793,animation,0,44.979651,Kinesthetic
12,Junior Secondary School 3,Female,65.4645038,2,4,1,0,230.0287971,text,0,20.69118234,Logical
12,Junior Secondary School 2,Male,111.1446632,1,3,4,0,134.3803495,text,0,24.85468406,Visual
12,Junior Secondary School 3,Female,50.05970761,6,1,5,1,127.862223,audio,0,24.21656037,Auditory
7,Primary 2,Female,44.33878916,0,2,1,0,142.5560436,text,0,17.84754273,Logical
7,Primary 2,Female,70.64424431,3,5,3,0,140.8238174,animation,1,29.22904966,Visual
10,Primary 5,Male,32.8234053,6,1,5,2,164.692308,audio,1,26.40134987,Auditory
8,Primary 3,Female,50.67494736,3,2,5,2,141.4761575,audio,1,21.40801334,Auditory
10,Primary 5,Male,36.22616832,1,3,2,0,220.7534283,text,0,21.59100836,Logical
12,Junior Secondary School 3,Female,86.10648823,0,1,2,1,126.9037436,text,1,37.23368795,Visual
12,Junior Secondary School 2,Male,34.65107477,1,2,4,2,173.4854864,audio,0,25.26260282,Auditory
10,Primary 5,Female,79.5974504,2,4,4,0,150.3322585,text,0,32.03096844,Visual
10,Primary 5,Male,43.47117222,5,0,5,2,113.4358717,audio,1,23.69864547,Auditory
7,Primary 2,Male,52.74346415,5,8,6,1,161.2538065,animation,0,42.56714866,Kinesthetic
8,Primary 3,Male,92.50638584,0,7,4,1,140.9399909,text,0,32.49229812,Visual
11,Junior Secondary School 2,Male,68.02148519,1,5,2,0,156.1517284,text,0,16.60882997,Logical
11,Junior Secondary School 1,Female,74.13010713,1,2,3,0,170.8759238,animation,0,28.42283965,Visual
7,Primary 2,Male,57.20603753,1,7,7,0,105.0538093,animation,0,43.48181331,Kinesthetic
9,Primary 5,Male,39.24927147,5,3,3,1,217.8062223,audio,0,27.66043119,Auditory
7,Primary 3,Male,23.76381368,3,15,4,1,119.8894081,animation,1,42.04375087,Kinesthetic
10,Primary 5,Male,56.81689873,3,12,4,0,140.4653621,animation,1,47.97679816,Kinesthetic
12,Junior Secondary School 2,Male,47.03397691,3,1,5,2,178.4140869,audio,0,30.42645572,Auditory
12,Junior Secondary School 2,Male,40.23488459,5,4,4,1,167.5825166,audio,1,22.13604533,Auditory
7,Primary 2,Female,63.32671416,1,6,2,0,208.532558,text,0,18.94393645,Logical
12,Junior Secondary School 3,Female,80.22770319,0,1,2,0,156.6515009,animation,0,26.45610049,Visual
11,Junior Secondary School 1,Female,94.96440975,1,4,4,1,126.0819408,text,1,30.28979135,Visual
12,Junior Secondary School 3,Female,61.24439584,5,14,4,1,143.964177,animation,0,45.04169566,Kinesthetic
12,Junior Secondary School 2,Female,21.31345576,2,9,5,0,158.7604396,text,0,40.07943872,Kinesthetic
7,Primary 2,Female,69.59390527,0,3,1,0,155.4317264,text,0,19.15546997,Logical
7,Primary 2,Female,60.1971465,12,1,4,1,146.4341661,audio,0,30.71826077,Auditory
5,Nursery,Male,54.05553179,1,5,1,0,240.2349497,text,0,21.55615857,Logical
7,Primary 3,Male,61.27368739,0,3,2,0,195.3354048,text,0,21.1597941,Logical
11,Junior Secondary School 1,Male,61.08321369,2,3,2,0,187.808618,text,0,16.19810569,Logical
12,Junior Secondary School 3,Female,29.84087536,5,1,3,1,184.2905056,audio,0,23.75243621,Auditory
12,Junior Secondary School 2,Male,55.21101329,3,16,6,0,130.8601222,text,1,47.28881766,Kinesthetic
12,Junior Secondary School 2,Female,42.43714289,4,2,4,1,109.8379658,audio,1,22.75621318,Auditory
10,Junior Secondary School 1,Female,57.68909919,1,6,2,0,200.6903231,text,0,19.59883923,Logical
7,Primary 3,Male,72.32505849,1,3,2,0,202.2740311,text,0,20.47582042,Logical
11,Junior Secondary School 1,Male,59.20656253,0,4,1,0,216.9596895,text,0,17.52964792,Logical
6,Primary 1,Female,94.83757294,0,1,3,0,137.0580694,text,0,24.57379033,Visual
4,Nursery,Male,80.32938593,0,7,1,0,195.0365248,text,0,23.89993803,Logical
12,Junior Secondary School 2,Female,90.31995011,1,2,3,1,130.3298697,animation,1,27.72359655,Visual
8,Primary 4,Male,39.22565619,1,8,6,0,160.8231403,animation,1,33.12865798,Kinesthetic
12,Junior Secondary School 3,Female,46.23699179,1,11,4,1,149.8651023,text,0,32.29729065,Kinesthetic
11,Junior Secondary School 1,Male,68.92882493,1,5,2,0,201.0293739,text,0,22.63012888,Logical
11,Junior Secondary School 2,Female,35.33102482,6,0,3,2,168.4197515,audio,1,21.21982654,Auditory
5,Nursery,Male,51.56355486,2,4,3,1,118.077765,audio,0,24.73031699,Auditory
7,Primary 3,Female,66.76805843,2,5,2,0,193.4045744,text,0,13.68500122,Logical
9,Primary 4,Female,88.46430254,0,3,3,1,159.0033076,animation,0,27.8217575,Visual
9,Primary 4,Male,54.84212593,1,6,2,0,184.9512712,text,0,18.32929285,Logical
9,Primary 5,Female,36.31348348,4,2,5,2,126.3121007,audio,1,24.35752858,Auditory
5,Nursery,Female,64.26880719,1,3,2,0,165.4296188,text,0,21.19469597,Logical
7,Primary 2,Female,79.26821324,2,6,3,0,134.1691157,animation,1,30.77057973,Visual
12,Junior Secondary School 3,Female,65.00917233,2,7,2,0,113.3608941,animation,1,18.89943788,Visual
9,Primary 4,Male,53.75061631,4,3,4,1,177.4672566,audio,1,26.1007791,Auditory
4,Nursery,Female,41.91640289,5,2,4,2,198.2012242,audio,0,22.36022084,Auditory
4,Nursery,Female,51.17892707,1,4,1,0,179.643558,text,0,15.12657154,Logical
7,Primary 3,Male,47.6849012,2,8,5,0,132.4970844,text,0,43.69933822,Kinesthetic
7,Primary 3,Male,99.88728518,0,1,4,1,155.8694278,animation,1,24.45434066,Visual
5,Primary 1,Male,91.02873479,2,2,3,1,149.3514862,animation,1,24.82750305,Visual
8,Primary 3,Male,24.93503043,8,2,5,1,138.5655549,audio,1,22.28910451,Auditory
5,Primary 1,Male,94.72854344,2,3,4,0,140.7712212,text,1,21.33453074,Visual
4,Nursery,Male,18.81183415,9,3,4,2,139.1256468,audio,0,19.53358579,Auditory
8,Primary 4,Male,63.01563852,1,3,1,0,159.6521094,text,0,17.32108179,Logical
11,Junior Secondary School 2,Male,68.28340766,3,12,7,0,99.2026048,text,0,36.46237238,Kinesthetic
10,Junior Secondary School 1,Male,38.78921246,6,1,4,2,120.7396267,audio,1,26.4612123,Auditory
5,Primary 1,Female,28.56787915,4,3,4,2,143.7869809,audio,0,25.88529745,Auditory
7,Primary 2,Female,40.14313821,7,3,3,1,154.3581794,audio,1,26.09335058,Auditory
11,Junior Secondary School 1,Male,94.98634764,1,1,3,0,139.6624908,animation,0,24.31489157,Visual
7,Primary 3,Female,57.226785,0,3,1,0,158.1286431,text,0,13.96515308,Logical
5,Nursery,Male,81.75109287,2,1,2,0,154.3142512,text,0,29.38408311,Visual
4,Nursery,Female,39.01293237,2,11,7,0,143.4954627,text,0,43.78363721,Kinesthetic
5,Primary 1,Male,63.96224718,2,5,7,0,148.7768335,text,1,47.17389297,Kinesthetic
10,Junior Secondary School 1,Female,77.29787194,1,2,2,0,220.3804147,text,0,21.21375642,Logical
10,Primary 5,Male,76.79849739,0,4,4,1,129.1384027,text,0,38.58800879,Visual
6,Primary 2,Male,34.53349931,2,11,7,0,178.8188439,text,1,25.5038664,Kinesthetic
9,Primary 4,Female,35.49905229,4,6,5,1,137.8473752,audio,0,22.98069384,Auditory
12,Junior Secondary School 3,Female,50.09894003,2,20,6,1,121.4064176,animation,0,44.0051344,Kinesthetic
5,Nursery,Male,71.1623148,2,7,1,0,154.1584279,text,0,19.83843204,Logical
11,Junior Secondary School 2,Male,31.34018996,2,11,7,1,128.675911,animation,1,32.60625779,Kinesthetic
6,Primary 2,Female,52.44450609,4,0,5,1,148.8973725,audio,0,25.99202215,Auditory
9,Primary 4,Female,22.88813292,5,3,3,1,148.8843703,audio,0,26.60647485,Auditory
7,Primary 3,Female,23.50658192,7,3,4,1,179.149065,audio,1,25.04961605,Auditory
10,Junior Secondary School 1,Male,69.91613661,3,6,2,0,157.7146271,text,0,22.9177489,Logical
9,Primary 5,Female,72.00949012,3,3,1,0,125.1974383,text,0,20.00669359,Logical
5,Primary 1,Female,63.31270778,3,13,4,1,201.1746362,animation,1,44.81345652,Kinesthetic
10,Junior Secondary School 1,Female,42.32433842,6,1,4,1,186.1686057,audio,1,23.5003538,Auditory
9,Primary 5,Male,58.3286959,2,8,5,1,147.31687,text,0,35.12193893,Kinesthetic
9,Primary 4,Male,75.92842104,0,8,2,0,202.3122169,text,0,21.46004801,Logical
5,Nursery,Female,46.32317964,6,1,4,1,168.0979687,audio,1,33.46164496,Auditory
12,Junior Secondary School 3,Male,91.45997036,0,2,4,0,153.4139973,animation,0,34.19778015,Visual
12,Junior Secondary School 2,Male,40.8109562,2,0,4,1,127.9525957,audio,1,18.35196068,Auditory
11,Junior Secondary School 2,Male,69.20769913,0,1,4,0,119.3119586,animation,1,24.31901419,Visual
12,Junior Secondary School 2,Female,41.96223122,2,8,7,0,139.8618989,text,0,34.30686617,Kinesthetic
12,Junior Secondary School 3,Female,52.40011643,0,4,1,0,196.3920186,text,0,16.75847542,Logical
12,Junior Secondary School 3,Female,37.84904345,6,2,5,2,191.7987479,audio,0,22.88973438,Auditory
8,Primary 3,Male,19.73784864,9,2,3,2,161.004217,audio,1,28.46642505,Auditory
9,Primary 4,Female,33.15169609,1,6,6,0,110.6500816,animation,0,44.49278775,Kinesthetic
9,Primary 5,Female,34.15762298,5,12,4,0,149.0941616,animation,0,38.8457047,Kinesthetic
12,Junior Secondary School 2,Male,70.50710786,1,6,2,0,143.9785506,text,0,19.71117062,Logical
5,Nursery,Male,58.10637731,2,11,6,0,107.1494176,animation,1,29.02667574,Kinesthetic
7,Primary 2,Male,79.29230749,2,4,2,1,183.3875512,text,0,38.8762247,Visual
11,Junior Secondary School 1,Female,27.9178821,4,0,3,1,146.7106878,audio,0,25.0880978,Auditory
7,Primary 3,Female,74.62198914,1,3,1,0,235.1672906,text,0,21.71917726,Logical
11,Junior Secondary School 1,Female,61.49981395,3,12,6,0,129.9499634,animation,0,45.77706038,Kinesthetic
5,Nursery,Female,49.14223046,5,3,3,2,116.242429,audio,0,25.48714921,Auditory
12,Junior Secondary School 3,Male,57.44674395,0,3,2,0,183.2200037,text,0,17.09645753,Logical
5,Primary 1,Female,49.64312316,1,6,1,0,130.1434867,text,0,18.45042716,Logical
8,Primary 4,Male,100.7887051,3,4,2,1,164.0962003,animation,0,30.0315022,Visual
12,Junior Secondary School 3,Female,39.53552142,4,12,6,1,128.6776919,animation,0,36.06883884,Kinesthetic
8,Primary 4,Female,67.31656427,2,3,1,0,177.4054411,text,0,24.90303607,Logical
11,Junior Secondary School 1,Female,81.50187053,0,13,6,0,153.1712679,text,1,43.7290495,Kinesthetic
7,Primary 2,Male,26.23418152,1,11,5,0,134.4345242,animation,1,34.12735858,Kinesthetic
7,Primary 2,Male,96.6291241,4,15,6,1,105.3387661,text,0,52.43795768,Kinesthetic
5,Nursery,Male,50.62530705,2,2,2,0,242.2194,text,0,22.99830018,Logical
5,Primary 1,Male,51.53401457,0,4,1,0,155.8504837,text,0,22.77006285,Logical
11,Junior Secondary School 1,Male,88.30847812,0,3,4,1,144.8401515,animation,0,33.26163701,Visual
7,Primary 2,Female,35.66392011,8,1,5,1,149.6112029,audio,0,18.57600495,Auditory
5,Nursery,Female,74.28015382,0,12,6,1,96.21634208,text,1,32.3278489,Kinesthetic
6,Primary 1,Male,46.96151938,4,5,5,1,188.1878505,audio,1,17.20178239,Auditory
5,Primary 1,Male,64.48217833,2,4,4,1,148.1873867,text,0,25.30641793,Visual
6,Primary 2,Male,56.82701273,1,10,6,0,114.2820506,text,0,34.84345947,Kinesthetic
7,Primary 3,Male,61.21557573,2,6,1,0,236.8587013,text,0,22.13692557,Logical
10,Junior Secondary School 1,Male,88.40672021,0,4,3,1,164.7290658,animation,1,28.07385122,Visual
9,Primary 4,Male,52.25785366,1,8,5,1,160.8900095,animation,0,43.4266715,Kinesthetic
10,Primary 5,Female,66.34313207,2,9,7,0,153.3983524,animation,1,37.19616232,Kinesthetic
4,Nursery,Male,49.84329217,2,14,7,1,165.2792854,animation,1,44.63111668,Kinesthetic
5,Nursery,Male,53.35362968,1,2,2,0,112.5391832,text,0,23.35329546,Logical
5,Nursery,Male,66.57512021,1,14,4,0,131.5383846,animation,0,41.57655464,Kinesthetic
5,Nursery,Male,66.26454609,0,2,1,0,193.1098775,text,0,23.05634923,Logical
10,Junior Secondary School 1,Male,54.58740426,2,4,2,0,188.3741775,text,0,21.90422572,Logical
4,Nursery,Female,53.81585675,6,4,3,1,172.2775227,audio,0,27.95785094,Auditory
4,Nursery,Female,52.93361961,2,14,6,0,157.4405018,text,1,41.08329746,Kinesthetic
5,Primary 1,Male,50.15833306,2,1,1,0,194.8438037,text,0,20.87858725,Logical
5,Primary 1,Female,92.5313536,1,3,4,1,166.9045573,animation,0,33.61454525,Visual
8,Primary 3,Female,60.09396913,0,2,1,0,171.9694469,text,0,19.46399189,Logical
4,Nursery,Male,55.31864088,3,14,5,1,169.820013,text,0,32.79610594,Kinesthetic
9,Primary 5,Male,84.67406018,1,1,4,1,140.8518461,animation,0,35.30386288,Visual
7,Primary 2,Male,95.77401616,0,2,3,0,133.9723895,animation,0,35.14434157,Visual
4,Nursery,Male,86.23847786,1,4,3,1,176.9554179,text,1,31.74594079,Visual
12,Junior Secondary School 3,Female,43.06461208,2,10,6,0,90.55053661,text,1,37.81756715,Kinesthetic
11,Junior Secondary School 1,Male,79.45628306,1,3,3,1,150.7646865,animation,1,26.04047717,Visual
12,Junior Secondary School 3,Male,87.40813186,3,3,2,1,148.9373053,text,1,28.82396909,Visual
6,Primary 1,Female,85.31496435,0,4,3,1,126.6481022,text,1,35.13104737,Visual
8,Primary 3,Male,16.04346593,3,2,5,1,132.2744503,audio,1,20.98255785,Auditory
9,Primary 4,Female,74.82706105,0,2,1,0,207.0712309,text,0,23.68242822,Logical
4,Nursery,Male,77.6109898,0,6,2,1,159.1240068,animation,1,34.0438989,Visual
7,Primary 3,Male,66.3532118,6,1,4,2,134.8610773,audio,0,30.59010138,Auditory
11,Junior Secondary School 2,Female,79.37999526,2,4,2,0,193.5607275,text,0,23.29925677,Logical
12,Junior Secondary School 3,Female,79.88944837,0,3,2,1,159.2859964,text,0,37.51102976,Visual
8,Primary 3,Male,52.29214954,0,2,2,0,190.0609653,text,0,21.98356501,Logical
6,Primary 2,Female,59.21922763,2,7,5,0,83.50100548,text,0,37.72488037,Kinesthetic
5,Primary 1,Female,66.19733762,1,5,2,0,218.948147,text,0,15.80206258,Logical
8,Primary 4,Female,66.12795181,0,1,1,0,149.8371538,text,0,17.2241637,Logical
8,Primary 4,Male,88.06161879,1,5,4,0,118.2695986,animation,1,26.42809274,Visual
12,Junior Secondary School 3,Female,35.05534015,1,8,1,0,190.7133528,text,0,16.98779839,Logical
5,Primary 1,Female,41.7163793,1,2,1,0,111.6351685,text,0,25.98660632,Logical
9,Primary 5,Male,73.19790984,1,3,4,1,160.2516044,animation,1,32.288349,Visual
5,Primary 1,Male,69.59649968,2,3,2,1,146.0869184,animation,0,28.29092132,Visual
9,Primary 4,Female,37.41657125,1,14,6,1,161.9131152,text,1,45.43210388,Kinesthetic
12,Junior Secondary School 2,Female,35.49712587,3,3,4,2,197.107289,audio,0,24.51417054,Auditory
11,Junior Secondary School 1,Female,48.57973908,4,9,7,1,144.8397122,text,0,41.0218753,Kinesthetic
4,Nursery,Female,33.30018061,4,3,3,1,151.3619503,audio,0,25.06880237,Auditory
7,Primary 3,Female,101.0470982,2,4,3,1,137.7371583,animation,1,40.1306726,Visual
11,Junior Secondary School 1,Female,42.3046472,2,9,7,1,159.6527915,text,0,39.58685549,Kinesthetic
9,Primary 5,Female,79.44930378,0,4,2,0,193.0497316,text,1,35.90904973,Visual
5,Nursery,Female,97.3697308,2,2,4,0,144.4817774,animation,1,28.43963148,Visual
11,Junior Secondary School 2,Female,50.64820451,2,10,7,1,102.7797339,animation,0,43.48154238,Kinesthetic
5,Nursery,Female,63.91008385,1,3,2,0,156.0432006,text,0,22.60420414,Logical
8,Primary 3,Male,82.3124887,0,7,2,0,159.3900572,animation,1,33.03411219,Visual
9,Primary 5,Male,61.08450436,0,2,2,0,188.2057188,text,0,17.29112378,Logical
9,Primary 5,Male,65.26325963,2,8,2,0,200.766713,text,0,22.58367958,Logical
11,Junior Secondary School 2,Female,49.72478078,0,5,2,0,140.7451234,text,0,18.76886264,Logical
6,Primary 2,Male,46.04656517,2,12,7,1,147.0857698,text,1,40.26582065,Kinesthetic
10,Primary 5,Male,58.55887484,3,6,1,0,140.1471235,text,0,16.94486674,Logical
5,Primary 1,Female,73.92954388,2,8,4,1,109.478876,text,0,51.29300629,Kinesthetic
7,Primary 3,Female,73.50234596,0,3,2,0,138.3972493,animation,0,40.12477361,Visual
9,Primary 5,Female,26.42159961,2,3,3,1,119.0944262,audio,1,26.98320104,Auditory
8,Primary 3,Female,69.07409652,0,4,2,0,147.7982847,text,0,20.78917934,Logical
