age,time_on_visuals,audio_replay_count,drag_and_drop_actions,puzzle_attempts,help_button_clicks,time_to_completion,task_skips,interaction_rate,grade_level_Junior Secondary School 2,grade_level_Junior Secondary School 3,grade_level_Nursery,grade_level_Primary 1,grade_level_Primary 2,grade_level_Primary 3,grade_level_Primary 4,grade_level_Primary 5,sex_Male,preferred_instruction_type_audio,preferred_instruction_type_text,learning_style_Kinesthetic,learning_style_Logical,learning_style_Visual
12,45.23978032,5,12,7,0,104.7203262,1,45.03043781,False,True,False,False,False,False,False,False,True,False,True,True,False,False
12,55.25100622,2,1,1,0,190.0162794,0,16.03043017,False,True,False,False,False,False,False,False,True,False,True,False,True,False
11,60.27954241,0,6,1,0,251.9587095,0,17.93801823,False,False,False,False,False,False,False,False,True,False,True,False,True,False
4,73.22165923,1,5,2,1,157.6090886,0,25.29595887,False,False,True,False,False,False,False,False,False,False,False,False,False,True
8,85.61794579,2,1,3,1,96.83292861,0,29.29968161,False,False,False,False,False,True,False,False,False,False,False,False,False,True
10,47.02492723,1,6,2,0,232.4175243,0,12.70830163,False,False,False,False,False,False,False,True,False,False,True,False,True,False
7,42.18645073,3,13,6,0,165.2668879,1,44.32336248,False,False,False,False,True,False,False,False,False,False,False,True,False,False
12,76.69210618,1,3,2,0,135.4766693,0,43.83614755,False,True,False,False,False,False,False,False,False,False,False,False,False,True
10,65.84431837,2,5,2,0,185.8868281,0,20.94592319,False,False,False,False,False,False,False,True,True,False,True,False,True,False
11,51.84608164,2,11,7,0,102.3013344,1,42.6603489,True,False,False,False,False,False,False,False,True,False,True,True,False,False
8,58.75051386,2,2,2,0,166.1135661,0,17.78731432,False,False,False,False,False,False,True,False,False,False,True,False,True,False
12,29.78382045,6,4,5,2,160.6059802,0,25.40944645,False,True,False,False,False,False,False,False,False,True,False,False,False,False
5,52.36683775,2,10,5,0,176.6665379,0,39.3547365,False,False,False,True,False,False,False,False,False,False,False,True,False,False
12,86.64193591,0,5,4,1,151.7502763,1,29.26629811,True,False,False,False,False,False,False,False,True,False,True,False,False,True
4,65.58847329,0,6,1,0,120.4098134,0,20.45087104,False,False,True,False,False,False,False,False,True,False,True,False,True,False
8,44.18846642,0,9,4,1,118.1325841,1,47.78921291,False,False,False,False,False,True,False,False,True,False,False,True,False,False
9,66.82278271,1,10,6,0,130.6184819,0,44.72336398,False,False,False,False,False,False,True,False,True,False,True,True,False,False
6,58.52569177,0,6,2,0,209.6538704,0,21.82273251,False,False,False,False,True,False,False,False,False,False,True,False,True,False
12,94.4450201,2,1,4,1,153.8736766,1,35.75737767,True,False,False,False,False,False,False,False,False,False,True,False,False,True
9,61.36185784,1,6,1,0,226.6160672,0,19.58651294,False,False,False,False,False,False,False,True,False,False,True,False,True,False
5,36.14586314,6,1,4,1,194.8155631,0,38.1716387,False,False,True,False,False,False,False,False,True,True,False,False,False,False
10,27.52321855,5,4,3,2,137.6003608,0,21.911548,False,False,False,False,False,False,False,True,True,True,False,False,False,False
8,26.16405838,7,4,5,2,170.5164464,1,29.34870143,False,False,False,False,False,False,True,False,True,True,False,False,False,False
10,46.38351979,1,3,5,1,183.1795727,1,22.16443219,False,False,False,False,False,False,False,False,False,True,False,False,False,False
12,51.23535923,3,6,1,0,192.8184336,0,21.75824002,False,True,False,False,False,False,False,False,False,False,True,False,True,False
7,75.20308981,2,2,3,1,158.3078943,1,28.1350577,False,False,False,False,True,False,False,False,False,False,False,False,False,True
5,61.13237856,1,3,1,0,182.9084082,0,19.28504961,False,False,False,True,False,False,False,False,False,False,True,False,True,False
5,69.22128021,0,1,3,1,157.2251368,0,34.20272357,False,False,False,True,False,False,False,False,False,False,False,False,False,True
12,50.87048601,0,5,2,0,146.6287419,0,18.58358897,False,True,False,False,False,False,False,False,True,False,True,False,True,False
7,82.01995704,1,6,2,1,165.029951,0,29.31831606,False,False,False,False,False,True,False,False,True,False,False,False,False,True
12,27.68104324,1,6,7,0,98.18865031,0,37.41851416,False,True,False,False,False,False,False,False,False,False,False,True,False,False
12,79.91369172,1,4,4,1,158.2745587,1,29.45687606,False,True,False,False,False,False,False,False,True,False,False,False,False,True
8,99.79175048,3,3,4,1,145.9723869,0,30.59919915,False,False,False,False,False,False,True,False,False,False,True,False,False,True
5,47.32829077,9,3,5,1,190.9921219,0,24.07617226,False,False,False,True,False,False,False,False,True,True,False,False,False,False
9,50.92737627,6,4,3,1,115.1347867,1,25.85342915,False,False,False,False,False,False,True,False,False,True,False,False,False,False
12,93.14423972,3,3,4,0,135.9934567,1,26.52343995,False,True,False,False,False,False,False,False,True,False,True,False,False,True
4,64.39629228,0,2,2,0,149.8971761,0,16.94970895,False,False,True,False,False,False,False,False,False,False,True,False,True,False
4,95.66322975,1,3,3,1,157.6863253,1,31.91792278,False,False,True,False,False,False,False,False,True,False,False,False,False,True
12,39.45521789,4,16,5,1,98.60154795,0,40.08361088,True,False,False,False,False,False,False,False,False,False,False,True,False,False
10,60.00956602,0,1,1,0,175.7754421,0,24.85836591,False,False,False,False,False,False,False,True,True,False,True,False,True,False
10,31.57319638,2,0,5,1,158.5303926,1,26.85197327,False,False,False,False,False,False,False,True,False,True,False,False,False,False
12,39.69821785,1,2,1,0,205.5980842,0,18.15237509,False,True,False,False,False,False,False,False,True,False,True,False,True,False
9,93.95828175,1,5,2,1,132.4491743,0,33.03917322,False,False,False,False,False,False,False,True,False,False,False,False,False,True
10,21.4060582,8,3,4,2,173.1304545,1,23.13145066,False,False,False,False,False,False,False,True,True,True,False,False,False,False
12,88.86766112,0,1,2,1,111.1874044,0,33.09261986,True,False,False,False,False,False,False,False,True,False,True,False,False,True
8,44.13982152,5,1,3,2,189.7987342,1,29.6384699,False,False,False,False,False,False,True,False,True,True,False,False,False,False
11,87.18668125,0,6,3,0,135.6459539,1,34.64816662,True,False,False,False,False,False,False,False,False,False,False,False,False,True
5,47.96403785,1,6,1,0,159.1582871,0,19.27358339,False,False,True,False,False,False,False,False,True,False,True,False,True,False
4,83.53797491,0,3,3,1,150.4325173,1,25.49700417,False,False,True,False,False,False,False,False,True,False,True,False,False,True
5,69.06182294,0,9,2,0,186.999953,0,19.0191581,False,False,False,True,False,False,False,False,True,False,True,False,True,False
6,50.81041094,1,12,6,1,90.46950137,1,39.16161162,False,False,False,True,False,False,False,False,False,False,True,True,False,False
5,46.83852382,1,0,5,2,152.733257,0,27.81606161,False,False,False,True,False,False,False,False,False,True,False,False,False,False
7,105.4133439,3,5,2,1,144.8077735,0,28.99230936,False,False,False,False,True,False,False,False,False,False,False,False,False,True
10,48.53684875,0,6,1,0,130.1041012,0,19.45586106,False,False,False,False,False,False,False,False,True,False,True,False,True,False
10,73.60760136,1,3,2,0,215.6360108,0,17.44759952,False,False,False,False,False,False,False,True,True,False,True,False,True,False
7,56.27968267,1,8,1,0,171.3571937,0,18.07634214,False,False,False,False,False,True,False,False,False,False,True,False,True,False
12,65.50799425,1,6,1,0,211.5261435,0,19.60836011,True,False,False,False,False,False,False,False,False,False,True,False,True,False
9,84.26600001,2,1,4,0,158.7070306,1,30.70039228,False,False,False,False,False,False,True,False,True,False,True,False,False,True
9,81.52058007,0,3,2,0,149.1144416,1,31.31782762,False,False,False,False,False,False,False,True,True,False,False,False,False,True
7,45.4483034,1,2,5,1,200.6487573,1,25.92422157,False,False,False,False,False,True,False,False,False,True,False,False,False,False
11,89.71179548,1,1,4,0,151.6295509,0,32.21496353,True,False,False,False,False,False,False,False,True,False,False,False,False,True
10,34.65010131,2,8,4,1,130.0765662,1,43.16350332,False,False,False,False,False,False,False,False,False,False,True,True,False,False
12,56.7056656,2,10,6,1,146.6555242,0,50.84427342,False,True,False,False,False,False,False,False,True,False,True,True,False,False
7,53.36984579,6,1,5,2,135.4254859,0,25.77342785,False,False,False,False,False,True,False,False,True,True,False,False,False,False
7,87.19194385,2,4,4,0,130.0130583,1,27.63487767,False,False,False,False,False,True,False,False,False,False,False,False,False,True
10,50.21675945,2,2,5,2,166.6124006,0,29.28643502,False,False,False,False,False,False,False,False,False,True,False,False,False,False
10,41.51066286,4,2,4,1,132.2925911,1,34.66637947,False,False,False,False,False,False,False,True,True,True,False,False,False,False
5,88.92340228,1,5,2,1,159.3151855,0,28.34289772,False,False,False,True,False,False,False,False,True,False,False,False,False,True
9,43.64347257,3,11,7,0,125.6207701,0,44.24697606,False,False,False,False,False,False,True,False,False,False,False,True,False,False
7,78.00333882,1,2,3,1,147.2603257,1,32.58625596,False,False,False,False,True,False,False,False,True,False,False,False,False,True
5,101.9311396,2,4,2,1,153.2008863,0,38.49062478,False,False,True,False,False,False,False,False,False,False,True,False,False,True
9,57.9450724,1,2,1,0,185.1254236,0,22.22631853,False,False,False,False,False,False,False,True,True,False,True,False,True,False
4,44.95754237,5,0,4,1,136.8000537,0,26.06656725,False,False,True,False,False,False,False,False,False,True,False,False,False,False
8,62.41062444,3,10,4,0,144.2421791,0,45.15956621,False,False,False,False,False,False,True,False,False,False,False,True,False,False
8,30.18485453,3,1,5,1,193.6760253,0,22.48430596,False,False,False,False,False,False,True,False,True,True,False,False,False,False
11,72.0582483,2,4,2,0,142.7321526,0,20.85277391,False,False,False,False,False,False,False,False,False,False,True,False,True,False
12,40.0008549,2,8,6,1,95.1902345,0,53.18354805,False,True,False,False,False,False,False,False,False,False,True,True,False,False
7,44.66981202,2,10,5,0,123.1744592,0,42.4550921,False,False,False,False,True,False,False,False,True,False,True,True,False,False
6,86.13627361,1,2,3,1,138.3471376,1,34.67908818,False,False,False,False,True,False,False,False,False,False,True,False,False,True
8,56.60936332,1,5,1,0,142.5342666,0,19.4555171,False,False,False,False,False,False,True,False,False,False,True,False,True,False
11,97.13426155,3,4,2,0,126.3560231,0,31.49573374,False,False,False,False,False,False,False,False,False,False,False,False,False,True
7,69.44088827,1,6,2,0,195.8243017,0,22.11707909,False,False,False,False,False,True,False,False,False,False,True,False,True,False
10,96.86893584,2,1,3,1,157.7918423,0,29.23019233,False,False,False,False,False,False,False,False,True,False,False,False,False,True
9,31.50465683,5,4,4,1,184.9656531,0,30.27609174,False,False,False,False,False,False,False,True,True,True,False,False,False,False
10,66.94288625,2,3,2,0,169.7999708,0,19.60595546,False,False,False,False,False,False,False,False,True,False,True,False,True,False
10,57.5517423,8,2,5,1,143.6841772,1,29.90835004,False,False,False,False,False,False,False,False,False,True,False,False,False,False
5,82.66403504,0,3,4,0,103.9151769,1,34.70906155,False,False,False,True,False,False,False,False,False,False,False,False,False,True
7,59.95140387,1,8,1,0,145.7477583,0,23.62483596,False,False,False,False,True,False,False,False,False,False,True,False,True,False
4,57.22915006,5,5,3,2,123.63184,1,28.72958167,False,False,True,False,False,False,False,False,True,True,False,False,False,False
5,67.80237783,0,3,3,1,146.0848319,0,29.66877756,False,False,True,False,False,False,False,False,False,False,True,False,False,True
12,26.27707916,6,4,3,2,167.0934414,1,30.39028934,False,True,False,False,False,False,False,False,True,True,False,False,False,False
12,54.07406388,1,6,2,0,162.1932864,0,17.88642447,False,True,False,False,False,False,False,False,False,False,True,False,True,False
11,41.0085513,4,1,5,1,192.0164371,0,23.35056615,True,False,False,False,False,False,False,False,False,True,False,False,False,False
5,55.32641657,2,7,5,1,125.5314158,0,49.43172066,False,False,True,False,False,False,False,False,True,False,True,True,False,False
9,43.3034379,7,2,5,1,231.6493754,1,24.08025827,False,False,False,False,False,False,True,False,False,True,False,False,False,False
10,27.08438117,6,1,5,1,126.1868249,1,21.7847047,False,False,False,False,False,False,False,False,True,True,False,False,False,False
8,86.73803107,4,0,2,0,140.8680895,0,23.74039519,False,False,False,False,False,True,False,False,True,False,True,False,True,False
8,56.39455945,2,11,5,0,124.0981866,1,45.15918368,False,False,False,False,False,True,False,False,False,False,True,True,False,False
9,87.4203212,0,3,3,0,142.7966312,0,20.76875723,False,False,False,False,False,False,False,True,False,False,False,False,False,True
7,41.88692099,1,7,7,1,89.90910952,1,42.3834454,False,False,False,False,False,True,False,False,True,False,True,True,False,False
9,62.41171712,0,7,1,0,164.9157384,0,21.15612191,False,False,False,False,False,False,True,False,True,False,True,False,True,False
12,63.97038018,8,1,4,1,199.1951513,0,22.88332593,True,False,False,False,False,False,False,False,False,True,False,False,False,False
11,103.0885422,1,1,2,0,130.093632,0,26.4897593,True,False,False,False,False,False,False,False,False,False,True,False,False,True
10,90.1118689,1,1,2,1,169.4408154,0,31.00430684,False,False,False,False,False,False,False,True,False,False,True,False,False,True
11,53.79218725,2,2,4,2,176.5142034,0,22.56497462,True,False,False,False,False,False,False,False,True,True,False,False,False,False
4,24.31038367,5,1,4,2,133.0544048,0,21.11231489,False,False,True,False,False,False,False,False,False,True,False,False,False,False
9,43.70859352,4,7,6,1,101.9734068,0,40.59131533,False,False,False,False,False,False,False,True,True,False,True,True,False,False
6,98.34163803,0,4,3,1,159.7778464,0,30.99423667,False,False,False,True,False,False,False,False,False,False,False,False,False,True
11,73.74273122,1,3,4,1,138.3291084,1,29.20330743,True,False,False,False,False,False,False,False,False,False,False,False,False,True
5,39.97039119,6,3,3,1,164.521307,0,29.13090549,False,False,False,True,False,False,False,False,True,True,False,False,False,False
6,51.81588754,4,9,4,1,192.4404239,1,50.64394254,False,False,False,True,False,False,False,False,True,False,True,True,False,False
8,64.55009438,3,14,5,1,104.500847,1,45.20670966,False,False,False,False,False,False,True,False,True,False,True,True,False,False
8,27.71869875,5,0,4,2,133.2038731,1,28.1402968,False,False,False,False,False,False,True,False,False,True,False,False,False,False
10,69.70826022,1,6,1,0,150.3582729,0,22.60389106,False,False,False,False,False,False,False,True,True,False,True,False,True,False
7,69.13177627,1,2,2,0,141.2860905,0,18.96759451,False,False,False,False,False,True,False,False,False,False,True,False,True,False
10,57.79815825,1,2,1,0,219.5151116,0,20.75491386,False,False,False,False,False,False,False,False,False,False,True,False,True,False
10,45.47455572,2,15,7,0,78.04092598,0,34.14433754,False,False,False,False,False,False,False,True,False,False,True,True,False,False
8,75.46999676,0,5,4,0,176.2949392,0,33.37700122,False,False,False,False,False,True,False,False,False,False,True,False,False,True
8,65.13864746,3,4,3,0,136.4213891,1,26.86665722,False,False,False,False,False,True,False,False,True,False,False,False,False,True
6,75.21872209,2,20,5,1,112.1913237,1,38.79315513,False,False,False,False,True,False,False,False,False,False,False,True,False,False
10,46.92357066,1,7,2,0,203.6797168,0,19.51074965,False,False,False,False,False,False,False,False,False,False,True,False,True,False
10,59.04108133,2,9,6,0,122.0453522,1,51.57353894,False,False,False,False,False,False,False,False,True,False,False,True,False,False
7,82.57707331,3,5,4,0,138.4239004,1,37.00367674,False,False,False,False,False,True,False,False,True,False,True,False,False,True
5,51.09768072,1,16,4,1,165.8614757,0,41.7228334,False,False,True,False,False,False,False,False,False,False,False,True,False,False
7,28.00694095,1,15,5,1,99.46859717,0,28.67740623,False,False,False,False,False,True,False,False,True,False,False,True,False,False
10,76.13932658,1,5,3,0,148.5287186,1,32.20592339,False,False,False,False,False,False,False,False,False,False,True,False,False,True
10,29.49670025,7,2,4,2,190.8381406,0,24.82553111,False,False,False,False,False,False,False,False,True,True,False,False,False,False
10,64.3155732,0,15,7,0,158.1001892,0,29.02575861,False,False,False,False,False,False,False,False,False,False,True,True,False,False
7,83.01451632,2,2,4,0,171.9728212,1,30.48419473,False,False,False,False,True,False,False,False,False,False,True,False,False,True
8,55.91732293,4,9,6,1,115.4423839,1,47.85087198,False,False,False,False,False,True,False,False,False,False,True,True,False,False
4,84.57028525,1,4,2,0,154.4491103,1,29.2695148,False,False,True,False,False,False,False,False,False,False,True,False,False,True
10,44.44690845,6,4,3,2,146.2980911,1,26.56467423,False,False,False,False,False,False,False,True,True,True,False,False,False,False
11,73.42657958,2,9,7,1,119.1146575,1,47.3969905,False,False,False,False,False,False,False,False,True,False,True,True,False,False
11,73.77276531,0,2,4,0,175.1408208,1,26.36370171,True,False,False,False,False,False,False,False,False,False,False,False,False,True
8,67.54073885,2,2,1,0,178.6533109,0,15.42764345,False,False,False,False,False,True,False,False,False,False,True,False,True,False
12,28.7811376,8,3,5,1,134.9654758,1,26.85029859,False,True,False,False,False,False,False,False,False,True,False,False,False,False
8,44.40202401,1,7,4,1,161.8596478,0,33.97628635,False,False,False,False,False,True,False,False,False,False,True,True,False,False
7,90.93849096,1,1,2,1,141.1017226,1,22.60446943,False,False,False,False,True,False,False,False,True,False,False,False,False,True
10,49.96416812,2,2,1,0,140.6059065,0,21.44924977,False,False,False,False,False,False,False,True,True,False,True,False,True,False
9,69.58722578,0,4,2,0,212.9685747,0,15.74265395,False,False,False,False,False,False,True,False,False,False,True,False,True,False
12,74.6458231,0,5,2,0,156.9274402,0,14.48505478,False,True,False,False,False,False,False,False,False,False,True,False,True,False
12,38.05910546,5,6,6,1,111.1550091,0,46.00558533,True,False,False,False,False,False,False,False,True,False,True,True,False,False
11,37.07430299,6,3,3,1,184.9532165,0,26.73646587,True,False,False,False,False,False,False,False,False,True,False,False,False,False
7,35.79816178,2,1,5,2,149.5956937,0,24.12760429,False,False,False,False,False,True,False,False,True,True,False,False,False,False
8,50.81473171,5,2,5,1,185.6560256,0,21.38141317,False,False,False,False,False,False,True,False,False,True,False,False,False,False
5,34.18292441,6,1,4,1,124.79817,1,20.18190537,False,False,False,True,False,False,False,False,True,True,False,False,False,False
7,45.76149131,5,1,5,2,118.9466783,1,24.08583182,False,False,False,False,False,True,False,False,True,True,False,False,False,False
12,56.84446498,1,5,2,0,159.9358239,0,25.04290463,True,False,False,False,False,False,False,False,False,False,True,False,True,False
6,90.87848091,0,2,4,1,164.5778987,1,25.40360267,False,False,False,True,False,False,False,False,False,False,False,False,False,True
9,87.81385305,3,2,4,1,161.9746217,1,36.38144787,False,False,False,False,False,False,False,True,False,False,False,False,False,True
8,86.76016194,2,3,3,0,150.0235471,1,33.70516739,False,False,False,False,False,False,True,False,True,False,False,False,False,True
5,59.3233855,0,4,1,0,183.3412961,0,21.62106693,False,False,True,False,False,False,False,False,True,False,True,False,True,False
11,69.26715277,0,4,1,0,173.1939078,0,22.72064308,False,False,False,False,False,False,False,False,True,False,True,False,True,False
12,40.46524089,2,11,7,0,118.3280358,1,45.17907215,False,True,False,False,False,False,False,False,False,False,True,True,False,False
11,72.54886077,4,11,4,1,153.5366331,0,50.56956124,True,False,False,False,False,False,False,False,True,False,False,True,False,False
6,66.76390475,3,2,2,0,193.6469097,0,14.63697178,False,False,False,True,False,False,False,False,True,False,True,False,True,False
5,67.52188122,1,1,1,0,119.4132909,0,18.99967215,False,False,False,True,False,False,False,False,True,False,True,False,True,False
6,81.43480233,0,1,4,0,157.4843736,1,32.51205212,False,False,False,True,False,False,False,False,True,False,True,False,False,True
11,28.2345675,4,3,4,1,119.5263301,0,27.98871845,True,False,False,False,False,False,False,False,True,True,False,False,False,False
5,48.29407906,3,7,4,1,95.01379682,0,40.39822192,False,False,True,False,False,False,False,False,True,False,False,True,False,False
7,44.1079179,2,11,7,0,119.0622978,1,48.87029291,False,False,False,False,True,False,False,False,False,False,True,True,False,False
12,52.53596378,2,11,4,0,115.884437,0,44.94950389,False,True,False,False,False,False,False,False,False,False,False,True,False,False
11,70.354606,1,8,6,1,115.595958,1,48.59114358,False,False,False,False,False,False,False,False,True,False,True,True,False,False
9,97.13791027,1,2,2,1,132.1085739,0,26.83542807,False,False,False,False,False,False,True,False,False,False,False,False,False,True
4,38.74435245,9,2,5,1,157.13594,1,21.32896783,False,False,True,False,False,False,False,False,True,True,False,False,False,False
6,53.05534003,3,2,5,1,143.6860931,1,26.80555919,False,False,False,True,False,False,False,False,True,True,False,False,False,False
7,69.15459112,1,6,4,1,113.6090581,0,43.41708355,False,False,False,False,False,True,False,False,False,False,True,True,False,False
8,78.128812,3,4,2,0,149.30935,1,32.18969955,False,False,False,False,False,True,False,False,False,False,False,False,False,True
6,33.22513226,5,2,3,2,209.8495112,0,22.65286214,False,False,False,True,False,False,False,False,False,True,False,False,False,False
10,66.72619673,0,5,1,0,187.7728561,0,24.72107051,False,False,False,False,False,False,False,False,True,False,True,False,True,False
7,39.80907012,2,3,5,1,161.667431,0,18.5775204,False,False,False,False,True,False,False,False,True,True,False,False,False,False
12,82.8413825,1,2,2,0,177.7258285,1,28.92194981,False,True,False,False,False,False,False,False,False,False,False,False,False,True
10,44.55859484,3,3,1,0,172.0445522,0,22.48015093,False,False,False,False,False,False,False,False,True,False,True,False,True,False
10,75.94976796,2,7,1,0,164.8834813,0,21.01473747,False,False,False,False,False,False,False,False,True,False,True,False,True,False
9,41.63710583,4,2,4,2,194.7200251,1,23.60304795,False,False,False,False,False,False,True,False,False,True,False,False,False,False
8,44.60967352,4,3,5,1,189.3520446,0,23.44288784,False,False,False,False,False,True,False,False,True,True,False,False,False,False
11,26.22348822,1,7,6,1,152.9775401,1,39.69482168,False,False,False,False,False,False,False,False,False,False,False,True,False,False
7,77.95233637,0,3,3,1,140.7852897,1,20.64271597,False,False,False,False,True,False,False,False,False,False,True,False,False,True
5,73.67886343,0,3,2,1,137.8882708,1,23.25179166,False,False,False,True,False,False,False,False,True,False,False,False,False,True
10,84.08317261,0,4,4,1,148.5555424,1,29.26374265,False,False,False,False,False,False,False,False,True,False,True,False,False,True
6,87.66587911,1,6,4,1,126.744255,0,35.46386016,False,False,False,True,False,False,False,False,False,False,False,False,False,True
12,50.13676705,3,2,4,2,166.9890448,1,26.09048001,True,False,False,False,False,False,False,False,True,True,False,False,False,False
5,37.90108337,5,1,4,2,150.923072,1,22.69395011,False,False,True,False,False,False,False,False,False,True,False,False,False,False
12,72.10001679,2,4,2,0,191.8683315,0,24.68285908,True,False,False,False,False,False,False,False,True,False,True,False,True,False
10,89.97312857,3,6,3,0,132.7491751,0,33.10643992,False,False,False,False,False,False,False,False,True,False,False,False,False,True
6,84.81870315,1,4,4,0,189.5405117,1,25.70390362,False,False,False,True,False,False,False,False,True,False,False,False,False,True
5,62.37318012,3,11,7,0,109.6310961,0,47.91519899,False,False,True,False,False,False,False,False,False,False,False,True,False,False
10,51.93391053,1,3,1,0,160.6180994,0,21.37250082,False,False,False,False,False,False,False,True,True,False,True,False,True,False
9,41.68722826,3,12,7,1,81.99096318,1,52.45431094,False,False,False,False,False,False,True,False,True,False,False,True,False,False
7,98.30211029,1,1,2,0,142.0503756,0,34.3134407,False,False,False,False,False,True,False,False,False,False,False,False,False,True
8,55.92334038,1,8,7,0,124.669563,0,34.96415173,False,False,False,False,False,False,True,False,False,False,False,True,False,False
8,88.89647582,1,6,2,0,153.694774,1,36.45989786,False,False,False,False,False,True,False,False,True,False,False,False,False,True
11,46.80283599,0,8,1,0,214.8595864,0,15.84687061,False,False,False,False,False,False,False,False,True,False,True,False,True,False
9,63.01855844,7,0,5,1,162.0064012,0,28.10140912,False,False,False,False,False,False,True,False,True,True,False,False,False,False
9,71.65707841,1,4,2,0,178.1760255,0,21.15046542,False,False,False,False,False,False,False,True,True,False,True,False,True,False
4,24.74094043,5,3,4,1,208.91118,1,23.63419226,False,False,True,False,False,False,False,False,True,True,False,False,False,False
5,18.54167995,8,1,3,1,161.734269,1,22.78999117,False,False,False,True,False,False,False,False,True,True,False,False,False,False
8,32.84130438,4,9,5,1,135.1222108,0,39.76842566,False,False,False,False,False,False,True,False,True,False,False,True,False,False
7,37.83495374,3,4,3,2,132.7820429,1,25.23774021,False,False,False,False,False,True,False,False,True,True,False,False,False,False
11,30.25328353,2,2,5,2,153.6612647,1,23.72459232,False,False,False,False,False,False,False,False,False,True,False,False,False,False
12,30.59069421,1,10,4,0,132.6298664,0,46.05603357,True,False,False,False,False,False,False,False,False,False,True,True,False,False
6,57.68882344,1,3,1,0,121.0718171,0,24.21761049,False,False,False,True,False,False,False,False,False,False,True,False,True,False
10,42.27952738,7,1,5,1,190.1219443,1,21.80038526,False,False,False,False,False,False,False,False,True,True,False,False,False,False
12,36.96214399,3,2,5,2,138.684338,0,23.33257944,False,True,False,False,False,False,False,False,True,True,False,False,False,False
7,58.36945154,0,4,2,0,164.2218984,0,27.50350648,False,False,False,False,True,False,False,False,False,False,True,False,True,False
5,37.87183632,2,9,4,0,112.9272087,0,34.13273684,False,False,False,True,False,False,False,False,True,False,True,True,False,False
4,54.0854069,3,10,6,0,115.4140533,0,42.33231434,False,False,True,False,False,False,False,False,True,False,False,True,False,False
5,53.98168205,0,3,1,0,175.9234756,0,22.62807301,False,False,True,False,False,False,False,False,True,False,True,False,True,False
9,74.49793729,0,5,2,1,182.25644,0,23.80039277,False,False,False,False,False,False,False,True,False,False,False,False,False,True
6,70.04826892,1,8,6,1,114.6584823,0,54.73750998,False,False,False,False,True,False,False,False,True,False,True,True,False,False
7,43.04743869,3,3,4,1,199.5861837,1,27.89223262,False,False,False,False,True,False,False,False,True,True,False,False,False,False
6,36.41286393,5,2,5,1,144.4935294,0,22.95483689,False,False,False,False,True,False,False,False,False,True,False,False,False,False
6,19.4134319,2,3,3,1,143.7581391,1,28.55039303,False,False,False,True,False,False,False,False,True,True,False,False,False,False
12,112.5772592,0,2,4,0,163.6188209,1,29.11015174,False,True,False,False,False,False,False,False,False,False,True,False,False,True
4,54.18769732,1,7,2,0,204.0520459,0,17.68042504,False,False,True,False,False,False,False,False,True,False,True,False,True,False
8,78.9373843,1,3,4,0,166.3918782,0,37.21763511,False,False,False,False,False,True,False,False,True,False,True,False,False,True
6,39.52158256,1,18,7,1,102.4942938,1,45.05295292,False,False,False,False,True,False,False,False,True,False,True,True,False,False
9,55.20422109,1,10,7,1,145.8496281,1,54.62507094,False,False,False,False,False,False,True,False,True,False,True,True,False,False
7,50.87623087,1,4,5,1,179.4000639,0,31.24753515,False,False,False,False,False,True,False,False,False,True,False,False,False,False
8,96.55498366,0,0,3,0,163.3693458,0,22.36672754,False,False,False,False,False,True,False,False,False,False,False,False,False,True
9,62.36444877,6,4,3,0,130.6255698,0,33.2810856,False,False,False,False,False,False,False,True,True,False,True,False,False,True
8,44.58211989,4,14,5,0,148.0751228,1,44.55049647,False,False,False,False,False,False,True,False,False,False,True,True,False,False
11,72.49021028,1,4,2,0,177.1552317,0,20.14668755,False,False,False,False,False,False,False,False,True,False,True,False,True,False
10,41.59745347,1,6,2,0,231.4290406,0,22.15694621,False,False,False,False,False,False,False,False,False,False,True,False,True,False
11,77.29286313,1,15,4,1,197.4146818,0,31.77711992,True,False,False,False,False,False,False,False,True,False,True,True,False,False
12,38.65023813,1,8,5,1,105.5923698,1,45.67402064,False,True,False,False,False,False,False,False,False,False,True,True,False,False
12,91.66086649,0,2,2,1,187.9720004,0,39.25873805,False,True,False,False,False,False,False,False,False,False,False,False,False,True
10,45.74144199,2,11,5,0,134.5438933,1,38.28129984,False,False,False,False,False,False,False,False,True,False,False,True,False,False
7,55.72326915,2,4,1,0,178.4185251,0,17.13360068,False,False,False,False,True,False,False,False,True,False,True,False,True,False
5,38.52730124,2,8,6,0,127.7626876,0,47.02416844,False,False,False,True,False,False,False,False,True,False,False,True,False,False
12,50.48755025,3,0,3,2,191.2292729,1,19.74004242,False,True,False,False,False,False,False,False,False,True,False,False,False,False
7,74.27962994,2,3,4,0,129.9154158,0,30.48080368,False,False,False,False,True,False,False,False,False,False,False,False,False,True
5,66.66543258,0,5,4,0,141.095684,1,22.87698492,False,False,False,True,False,False,False,False,False,False,False,False,False,True
6,42.96968396,8,0,4,2,135.8610101,1,29.99508647,False,False,False,False,True,False,False,False,True,True,False,False,False,False
12,51.6065932,0,5,1,0,241.8957295,0,18.63640455,False,True,False,False,False,False,False,False,True,False,True,False,True,False
11,36.41222134,2,11,5,1,61.43950597,1,46.6158144,True,False,False,False,False,False,False,False,False,False,False,True,False,False
9,70.9532085,0,5,4,0,120.5785552,0,32.20877827,False,False,False,False,False,False,True,False,False,False,True,False,False,True
12,58.55584036,5,5,5,1,198.5421361,1,23.94156681,False,True,False,False,False,False,False,False,False,True,False,False,False,False
12,47.46634324,1,0,1,0,143.0643716,0,22.60732437,False,True,False,False,False,False,False,False,False,False,True,False,True,False
4,59.66461632,0,2,2,0,183.3753763,0,20.31195884,False,False,True,False,False,False,False,False,True,False,True,False,True,False
10,48.55693759,4,5,7,0,154.4156292,1,41.02299748,False,False,False,False,False,False,False,False,True,False,False,True,False,False
4,47.30458976,2,1,5,1,153.5360061,0,35.31579981,False,False,True,False,False,False,False,False,False,True,False,False,False,False
5,50.69505901,0,3,1,0,191.4931753,0,15.74054702,False,False,False,True,False,False,False,False,True,False,True,False,True,False
12,39.66746456,0,10,4,1,108.9337503,0,41.05287098,False,True,False,False,False,False,False,False,True,False,True,True,False,False
7,67.26400383,4,3,1,0,147.461748,0,21.95004934,False,False,False,False,False,True,False,False,True,False,True,False,True,False
10,38.9072523,5,1,5,1,95.60077779,1,35.67004004,False,False,False,False,False,False,False,False,False,True,False,False,False,False
5,88.11726285,0,3,2,0,134.3241643,1,33.56886944,False,False,False,True,False,False,False,False,True,False,False,False,False,True
5,91.41089739,2,0,4,0,135.2041525,1,32.78243549,False,False,False,True,False,False,False,False,True,False,False,False,False,True
4,90.6672437,0,1,3,0,129.9848751,0,36.10844569,False,False,True,False,False,False,False,False,False,False,False,False,False,True
7,71.4433448,0,2,2,0,178.1489397,0,18.49756251,False,False,False,False,True,False,False,False,False,False,True,False,True,False
11,26.04822527,1,2,3,1,120.7405752,0,17.75626112,True,False,False,False,False,False,False,False,False,True,False,False,False,False
8,29.89557382,5,3,5,1,178.3290231,0,27.98057173,False,False,False,False,False,True,False,False,False,True,False,False,False,False
6,31.42870688,3,7,4,1,152.9884595,0,30.48293945,False,False,False,False,True,False,False,False,False,False,False,True,False,False
12,46.68655161,11,2,4,1,167.9275381,0,29.10833879,False,True,False,False,False,False,False,False,False,True,False,False,False,False
6,57.27819248,2,4,4,1,156.011895,1,45.18489525,False,False,False,True,False,False,False,False,False,False,True,True,False,False
10,46.41180146,4,15,7,1,118.8162368,1,38.16017996,False,False,False,False,False,False,False,True,False,False,False,True,False,False
8,70.95688205,0,4,4,1,152.1829137,1,37.9182179,False,False,False,False,False,False,True,False,True,False,False,False,False,True
5,20.08576511,7,2,3,2,156.8241183,0,30.07047495,False,False,True,False,False,False,False,False,False,True,False,False,False,False
5,43.48787021,3,16,7,1,165.314332,0,45.15144563,False,False,True,False,False,False,False,False,False,False,False,True,False,False
11,43.92110876,1,6,2,0,179.3859983,0,19.80725379,False,False,False,False,False,False,False,False,True,False,True,False,True,False
12,66.11671539,3,4,5,0,150.0610108,1,31.94034721,True,False,False,False,False,False,False,False,True,False,True,True,False,False
9,73.43564203,1,2,4,1,168.2085363,0,28.55391305,False,False,False,False,False,False,True,False,False,False,True,False,False,True
5,54.93400447,6,9,7,0,149.2649711,0,34.61275087,False,False,False,True,False,False,False,False,True,False,False,True,False,False
5,51.43497297,0,3,2,0,133.8619043,0,21.96092474,False,False,True,False,False,False,False,False,True,False,True,False,True,False
11,30.86581299,1,4,1,0,206.0688929,0,20.82649317,False,False,False,False,False,False,False,False,False,False,True,False,True,False
10,27.60721119,0,10,4,0,124.8062584,0,40.91743852,False,False,False,False,False,False,False,True,False,False,False,True,False,False
8,95.59242691,1,5,3,1,120.3831195,1,40.01890582,False,False,False,False,False,True,False,False,False,False,False,False,False,True
6,42.89268891,2,1,5,2,142.9301664,1,22.81818279,False,False,False,True,False,False,False,False,True,True,False,False,False,False
11,49.52350555,0,7,2,0,152.9437282,0,24.86967096,True,False,False,False,False,False,False,False,True,False,True,False,True,False
11,103.4230959,0,7,2,1,132.8004904,0,30.04732951,True,False,False,False,False,False,False,False,False,False,True,False,False,True
10,31.79998036,8,4,3,2,175.0957127,1,19.3801168,False,False,False,False,False,False,False,True,True,True,False,False,False,False
7,36.30574199,8,3,3,1,110.0227137,0,27.37984374,False,False,False,False,True,False,False,False,False,True,False,False,False,False
10,31.67922938,1,7,5,1,124.0744203,1,30.30991984,False,False,False,False,False,False,False,False,True,False,False,True,False,False
7,47.54309256,3,8,6,0,116.9638368,0,34.88985564,False,False,False,False,False,True,False,False,False,False,True,True,False,False
9,58.34437061,5,12,6,1,125.3850804,1,41.6653683,False,False,False,False,False,False,True,False,False,False,True,True,False,False
5,86.54142838,1,4,3,0,148.5950519,0,32.02951954,False,False,True,False,False,False,False,False,False,False,False,False,False,True
12,58.47108923,0,9,2,0,188.9291878,0,19.61212069,False,True,False,False,False,False,False,False,False,False,True,False,True,False
6,34.85255863,3,6,5,2,97.75532132,0,24.80036624,False,False,False,False,True,False,False,False,True,True,False,False,False,False
5,62.14685165,0,3,2,0,192.8826618,0,17.12231908,False,False,True,False,False,False,False,False,True,False,True,False,True,False
7,42.19353499,4,4,4,2,192.5912948,0,23.41867052,False,False,False,False,False,True,False,False,True,True,False,False,False,False
8,57.55954697,2,12,6,1,151.6423483,0,45.99333038,False,False,False,False,False,True,False,False,True,False,False,True,False,False
12,74.97328347,1,2,2,1,162.3869969,0,24.82860422,False,True,False,False,False,False,False,False,False,False,False,False,False,True
10,103.2677234,0,1,3,0,154.775539,1,18.17710841,False,False,False,False,False,False,False,False,True,False,False,False,False,True
8,40.38578707,6,2,4,1,143.393521,1,25.63587095,False,False,False,False,False,True,False,False,False,True,False,False,False,False
6,44.96573887,6,2,5,1,208.237403,0,28.91040659,False,False,False,False,True,False,False,False,False,True,False,False,False,False
5,48.44574129,1,6,2,0,156.0563319,0,16.09828583,False,False,True,False,False,False,False,False,True,False,True,False,True,False
7,38.83267532,4,1,3,2,150.4636324,0,28.19567043,False,False,False,False,False,True,False,False,True,True,False,False,False,False
10,82.49262666,2,4,2,0,191.0998666,0,16.46535648,False,False,False,False,False,False,False,False,False,False,True,False,True,False
5,76.56283405,0,3,4,1,177.4365419,0,22.39914949,False,False,False,True,False,False,False,False,True,False,False,False,False,True
7,55.14270274,10,2,4,2,158.0264153,0,24.242592,False,False,False,False,True,False,False,False,False,True,False,False,False,False
9,59.81594455,3,12,5,0,136.5459742,0,40.28330761,False,False,False,False,False,False,False,True,False,False,True,True,False,False
12,99.66467246,0,2,2,0,158.1186235,0,31.68818445,True,False,False,False,False,False,False,False,True,False,True,False,False,True
11,95.92898618,1,1,4,0,136.6447723,0,29.61204218,False,False,False,False,False,False,False,False,False,False,False,False,False,True
12,51.49980309,0,4,1,0,155.8356209,0,25.31140433,False,True,False,False,False,False,False,False,True,False,True,False,True,False
11,77.23366081,0,3,3,1,143.1120331,1,34.25104564,False,False,False,False,False,False,False,False,False,False,False,False,False,True
5,40.76852969,5,2,5,1,202.3691344,1,14.76893662,False,False,True,False,False,False,False,False,False,True,False,False,False,False
11,48.02446555,2,11,4,1,159.9514708,1,43.59045862,False,False,False,False,False,False,False,False,False,False,True,True,False,False
9,65.83256695,1,13,7,0,111.4525087,0,40.94043172,False,False,False,False,False,False,True,False,False,False,False,True,False,False
12,42.78908199,5,2,3,1,171.6599035,1,24.65869229,False,True,False,False,False,False,False,False,False,True,False,False,False,False
4,53.02182206,4,2,5,1,115.4400123,1,17.33323597,False,False,True,False,False,False,False,False,False,True,False,False,False,False
6,80.14667012,0,2,2,0,122.9164398,0,35.95944007,False,False,False,False,True,False,False,False,True,False,False,False,False,True
9,37.67352313,1,10,4,1,127.0295461,1,33.84966535,False,False,False,False,False,False,True,False,True,False,False,True,False,False
8,54.40552282,8,4,5,2,193.0542247,0,26.95334177,False,False,False,False,False,True,False,False,True,True,False,False,False,False
6,55.46323022,3,2,1,0,185.3855219,0,18.646536,False,False,False,True,False,False,False,False,False,False,True,False,True,False
6,77.73417316,2,1,4,0,163.5607519,0,29.33815801,False,False,False,False,True,False,False,False,True,False,True,False,False,True
4,48.86102352,0,5,1,0,177.3531086,0,20.33036623,False,False,True,False,False,False,False,False,True,False,True,False,True,False
4,54.52142638,2,2,2,0,225.8850063,0,20.95298642,False,False,True,False,False,False,False,False,False,False,True,False,True,False
7,54.21400533,1,3,2,0,225.5060787,0,25.37386236,False,False,False,False,True,False,False,False,True,False,True,False,True,False
12,87.78834772,1,2,4,0,137.9224503,0,29.97246365,False,True,False,False,False,False,False,False,True,False,False,False,False,True
10,64.87753805,3,3,1,0,178.7406766,0,18.89462846,False,False,False,False,False,False,False,True,True,False,True,False,True,False
11,62.43280971,2,2,2,0,178.2385754,0,20.12274623,True,False,False,False,False,False,False,False,True,False,True,False,True,False
5,18.97798562,3,12,4,1,170.03064,0,43.1615087,False,False,True,False,False,False,False,False,False,False,True,True,False,False
9,46.27875061,4,2,3,1,108.6586125,1,20.9555306,False,False,False,False,False,False,True,False,True,True,False,False,False,False
10,73.06906681,1,1,3,1,142.9484403,0,23.77086108,False,False,False,False,False,False,False,False,True,False,False,False,False,True
9,46.69542205,3,10,5,0,202.6752571,0,26.51591669,False,False,False,False,False,False,False,True,True,False,True,True,False,False
12,28.91134937,7,1,5,1,146.8421662,0,21.13587337,False,True,False,False,False,False,False,False,False,True,False,False,False,False
12,60.80764705,5,2,5,1,112.3702266,0,23.57443518,True,False,False,False,False,False,False,False,True,True,False,False,False,False
5,62.16272085,1,7,4,1,141.4631416,1,39.7165911,False,False,False,True,False,False,False,False,True,False,False,True,False,False
11,83.11324219,1,3,3,0,141.8420212,0,22.90674973,True,False,False,False,False,False,False,False,False,False,True,False,False,True
5,47.16992005,1,4,1,0,144.9634585,0,20.60450245,False,False,False,True,False,False,False,False,False,False,True,False,True,False
7,39.12674206,4,11,5,0,133.840156,0,37.66208096,False,False,False,False,True,False,False,False,True,False,False,True,False,False
10,55.55418333,4,3,3,1,227.2588019,0,14.85184669,False,False,False,False,False,False,False,False,False,True,False,False,False,False
7,93.51232701,3,4,4,0,167.8020754,0,27.07977926,False,False,False,False,False,True,False,False,False,False,False,False,False,True
12,90.85006363,0,6,4,0,101.8763843,0,36.23537376,True,False,False,False,False,False,False,False,False,False,True,False,False,True
9,47.01507184,8,3,4,2,175.518088,1,17.20520317,False,False,False,False,False,False,False,True,True,True,False,False,False,False
9,79.75568857,0,3,4,0,151.0934231,1,26.67157131,False,False,False,False,False,False,False,True,True,False,False,False,False,True
6,70.75118909,1,4,2,0,232.871762,0,16.74334223,False,False,False,False,True,False,False,False,False,False,True,False,True,False
5,82.30195324,1,3,4,1,138.9458188,1,27.90168116,False,False,False,True,False,False,False,False,False,False,False,False,False,True
12,25.94733047,8,1,4,2,191.9324557,1,24.03860085,False,True,False,False,False,False,False,False,False,True,False,False,False,False
8,91.47956796,2,0,2,0,146.0900473,1,28.25937075,False,False,False,False,False,True,False,False,False,False,True,False,False,True
9,83.0344568,0,4,3,1,140.8139671,0,28.20495117,False,False,False,False,False,False,False,True,True,False,True,False,False,True
12,43.09681396,3,8,4,1,137.289645,0,50.21359824,False,True,False,False,False,False,False,False,False,False,True,True,False,False
7,79.8440229,1,2,1,0,180.9990115,0,18.77417926,False,False,False,False,False,True,False,False,False,False,True,False,True,False
11,40.91428496,5,3,5,2,162.4293379,0,23.72045545,False,False,False,False,False,False,False,False,True,True,False,False,False,False
8,58.12341849,1,9,4,1,157.9306484,1,40.57285422,False,False,False,False,False,True,False,False,False,False,False,True,False,False
12,50.6304689,2,4,1,0,199.5671766,0,25.23099587,False,True,False,False,False,False,False,False,False,False,True,False,True,False
5,60.65224982,0,2,1,0,157.1131191,0,23.8852599,False,False,True,False,False,False,False,False,True,False,True,False,True,False
11,24.7535809,1,10,6,0,132.0834163,1,33.78451073,False,False,False,False,False,False,False,False,True,False,True,True,False,False
6,26.37209281,1,6,5,0,137.0304746,1,39.10300163,False,False,False,True,False,False,False,False,False,False,True,True,False,False
7,58.9960123,2,4,1,0,207.9242061,0,19.29198335,False,False,False,False,False,True,False,False,True,False,True,False,True,False
11,26.34154445,8,3,5,1,130.612832,1,25.24115554,True,False,False,False,False,False,False,False,False,True,False,False,False,False
10,90.21178156,0,2,4,1,186.0275132,0,34.64415703,False,False,False,False,False,False,False,True,True,False,True,False,False,True
6,88.15379163,0,6,2,0,134.7923317,0,28.134825,False,False,False,True,False,False,False,False,False,False,True,False,False,True
12,17.97582667,3,4,3,1,127.7549755,1,21.05277955,False,True,False,False,False,False,False,False,False,True,False,False,False,False
10,58.05039487,0,3,1,0,158.8182303,0,17.59462984,False,False,False,False,False,False,False,False,False,False,True,False,True,False
11,37.97659067,6,2,3,2,174.8848489,0,14.61026194,False,False,False,False,False,False,False,False,False,True,False,False,False,False
9,65.28136669,0,2,2,0,186.1665259,0,19.45273962,False,False,False,False,False,False,False,True,False,False,True,False,True,False
8,68.41026798,1,6,2,0,192.7806152,0,23.59852361,False,False,False,False,False,True,False,False,True,False,True,False,True,False
9,80.3114105,0,4,4,0,137.1854242,1,37.56498567,False,False,False,False,False,False,True,False,True,False,False,False,False,True
12,39.45752966,4,0,4,2,181.9985547,0,30.74089109,False,True,False,False,False,False,False,False,False,True,False,False,False,False
12,46.92077566,0,9,6,1,166.0824765,0,32.36767978,False,True,False,False,False,False,False,False,True,False,True,True,False,False
12,60.19908072,1,2,1,0,154.6585786,0,19.44142122,False,True,False,False,False,False,False,False,False,False,True,False,True,False
10,72.95810821,0,5,1,0,203.1742204,0,24.18109025,False,False,False,False,False,False,False,False,True,False,True,False,True,False
12,71.74033595,0,1,3,1,123.4612085,0,24.26569502,True,False,False,False,False,False,False,False,True,False,False,False,False,True
10,68.84347399,0,6,6,0,152.037764,0,36.06677292,False,False,False,False,False,False,False,False,False,False,True,True,False,False
11,80.94901213,1,3,4,0,194.6594276,0,24.2082221,False,False,False,False,False,False,False,False,False,False,False,False,False,True
7,44.32033477,4,4,3,2,163.5308377,1,20.89107766,False,False,False,False,True,False,False,False,True,True,False,False,False,False
11,53.36079966,4,2,3,2,104.3863668,0,24.86520883,True,False,False,False,False,False,False,False,True,True,False,False,False,False
6,50.90232763,1,2,2,0,175.514884,0,14.4324841,False,False,False,False,True,False,False,False,False,False,True,False,True,False
11,91.30918489,1,1,3,1,148.1867971,1,32.57202036,False,False,False,False,False,False,False,False,False,False,True,False,False,True
12,59.1458033,1,3,2,0,163.4877359,0,21.32584443,False,True,False,False,False,False,False,False,False,False,True,False,True,False
9,78.14837337,2,3,4,0,155.9024907,1,27.34094078,False,False,False,False,False,False,False,True,False,False,True,False,False,True
11,47.16895214,2,0,1,0,184.5580294,0,14.87975636,False,False,False,False,False,False,False,False,False,False,True,False,True,False
8,35.07973192,3,2,5,2,190.0490772,0,20.83491086,False,False,False,False,False,False,True,False,False,True,False,False,False,False
6,68.30760067,1,3,2,0,185.0505354,0,23.11218581,False,False,False,True,False,False,False,False,False,False,True,False,True,False
10,67.62652338,1,3,1,0,214.0796509,0,23.3250413,False,False,False,False,False,False,False,True,True,False,True,False,True,False
5,52.76407058,1,3,2,0,187.3921754,0,21.01038495,False,False,False,True,False,False,False,False,False,False,True,False,True,False
11,44.2069567,4,4,4,2,196.276074,1,27.53092817,False,False,False,False,False,False,False,False,True,True,False,False,False,False
6,60.75463046,2,7,2,0,188.1706519,0,16.61905807,False,False,False,False,True,False,False,False,True,False,True,False,True,False
11,40.32920944,3,1,5,2,144.3592376,0,25.89774768,True,False,False,False,False,False,False,False,True,True,False,False,False,False
12,33.18728102,5,12,6,1,115.8308706,1,46.7277638,False,True,False,False,False,False,False,False,False,False,False,True,False,False
10,56.23711773,2,2,2,0,163.9343308,0,19.69063223,False,False,False,False,False,False,False,False,False,False,True,False,True,False
8,42.57560431,3,1,4,2,182.9171835,1,34.27454458,False,False,False,False,False,True,False,False,False,True,False,False,False,False
9,37.83154364,5,2,4,2,166.8279438,0,26.86305029,False,False,False,False,False,False,False,True,True,True,False,False,False,False
4,27.38704873,2,1,4,1,163.9079171,0,30.21918411,False,False,True,False,False,False,False,False,True,True,False,False,False,False
11,47.76470781,2,1,1,0,185.9633696,0,13.64578232,False,False,False,False,False,False,False,False,True,False,True,False,True,False
11,43.63120997,5,1,4,2,126.1398127,1,22.69756101,False,False,False,False,False,False,False,False,True,True,False,False,False,False
12,52.6820488,1,14,5,1,137.155751,0,38.36838584,False,True,False,False,False,False,False,False,False,False,True,True,False,False
5,75.8541384,0,1,4,0,95.4476907,0,37.18347496,False,False,False,True,False,False,False,False,False,False,False,False,False,True
8,48.61421115,1,5,2,0,154.91357,0,23.89037362,False,False,False,False,False,True,False,False,False,False,True,False,True,False
6,49.68911762,0,6,1,0,177.0720573,0,14.91302029,False,False,False,False,True,False,False,False,False,False,True,False,True,False
9,89.77997881,0,4,2,1,156.5440468,0,34.56247187,False,False,False,False,False,False,True,False,False,False,False,False,False,True
5,44.03599847,1,5,4,0,119.0144216,0,28.3317606,False,False,False,True,False,False,False,False,False,False,False,True,False,False
5,78.18509622,1,1,1,0,197.3920007,0,17.25821448,False,False,True,False,False,False,False,False,True,False,True,False,True,False
5,78.22082321,0,3,2,0,124.3743187,1,38.60324457,False,False,True,False,False,False,False,False,False,False,True,False,False,True
6,71.01224744,1,3,2,0,154.7076207,0,17.33865744,False,False,False,True,False,False,False,False,True,False,True,False,True,False
4,36.10010264,2,15,7,1,116.2113883,1,33.69785695,False,False,True,False,False,False,False,False,False,False,True,True,False,False
6,54.9462904,3,2,2,0,184.7581071,0,18.63861963,False,False,False,True,False,False,False,False,True,False,True,False,True,False
5,64.38457247,0,0,1,0,169.3823734,0,16.9168836,False,False,False,True,False,False,False,False,False,False,True,False,True,False
7,50.34207893,3,3,3,2,214.189947,1,25.40451176,False,False,False,False,False,True,False,False,False,True,False,False,False,False
6,68.13200781,1,10,6,0,127.5509026,0,33.07645922,False,False,False,False,True,False,False,False,False,False,False,True,False,False
6,89.62560233,0,2,3,0,144.9928307,0,24.87702646,False,False,False,True,False,False,False,False,True,False,False,False,False,True
10,47.48865269,8,2,4,2,135.186038,1,28.53531161,False,False,False,False,False,False,False,False,True,True,False,False,False,False
6,56.8350371,1,14,7,1,144.6623539,0,37.03047398,False,False,False,False,True,False,False,False,True,False,True,True,False,False
10,43.92278851,1,9,7,1,159.3175515,1,41.04730464,False,False,False,False,False,False,False,False,True,False,True,True,False,False
8,70.49017589,1,4,2,1,124.405461,1,45.32762949,False,False,False,False,False,False,True,False,False,False,False,False,False,True
11,36.42693235,3,9,5,1,119.2780035,1,40.41303016,True,False,False,False,False,False,False,False,False,False,False,True,False,False
12,30.38808928,3,3,3,2,188.6028979,1,24.59955945,True,False,False,False,False,False,False,False,True,True,False,False,False,False
11,35.04002719,8,1,4,2,152.3093113,1,22.63084142,False,False,False,False,False,False,False,False,False,True,False,False,False,False
11,57.4373657,4,1,3,2,172.955686,0,22.60932163,True,False,False,False,False,False,False,False,True,True,False,False,False,False
10,34.71747517,6,3,4,1,122.9790324,1,25.75721543,False,False,False,False,False,False,False,False,False,True,False,False,False,False
9,47.29563165,7,2,5,1,130.3740122,1,27.42417072,False,False,False,False,False,False,False,True,False,True,False,False,False,False
10,46.41404331,0,3,1,0,151.2383004,0,17.54688755,False,False,False,False,False,False,False,True,False,False,True,False,True,False
12,33.75268973,3,2,3,1,168.4786163,1,26.54233706,False,True,False,False,False,False,False,False,True,True,False,False,False,False
5,48.46140099,0,3,1,0,160.5634222,0,18.85034167,False,False,False,True,False,False,False,False,True,False,True,False,True,False
7,35.4317136,2,6,5,2,125.5057218,0,24.63895628,False,False,False,False,True,False,False,False,False,True,False,False,False,False
12,62.82553651,1,4,2,0,156.7170068,0,24.99689256,True,False,False,False,False,False,False,False,True,False,True,False,True,False
9,85.60140362,2,15,6,1,86.03876316,0,43.00606003,False,False,False,False,False,False,True,False,True,False,False,True,False,False
11,75.8894097,4,5,2,0,189.5541393,0,20.0466915,False,False,False,False,False,False,False,False,False,False,True,False,True,False
7,98.95322289,0,1,4,1,194.9133687,0,31.77734912,False,False,False,False,False,True,False,False,True,False,False,False,False,True
12,53.94293113,1,4,2,0,220.0569231,0,23.07605745,False,True,False,False,False,False,False,False,True,False,True,False,True,False
12,56.36625305,10,3,5,2,130.2656376,0,20.85876092,False,True,False,False,False,False,False,False,True,True,False,False,False,False
9,57.70013011,4,2,3,2,130.8042548,0,24.67380355,False,False,False,False,False,False,True,False,True,True,False,False,False,False
5,57.61877921,1,4,2,0,219.9601378,0,16.98375095,False,False,False,True,False,False,False,False,False,False,True,False,True,False
7,21.29901764,3,8,5,1,87.46555579,0,42.07547992,False,False,False,False,True,False,False,False,False,False,True,True,False,False
8,58.85118999,3,3,2,0,175.2218894,0,17.00119685,False,False,False,False,False,True,False,False,True,False,True,False,True,False
5,81.6995168,2,6,4,0,142.4013093,1,41.46280848,False,False,True,False,False,False,False,False,False,False,True,True,False,False
6,38.64157152,1,8,7,0,128.4487008,1,46.05116438,False,False,False,False,True,False,False,False,True,False,True,True,False,False
12,28.59614295,1,13,7,0,175.7160556,0,39.53724474,False,True,False,False,False,False,False,False,False,False,True,True,False,False
12,36.87093261,3,2,5,1,83.21259771,1,24.76387798,False,True,False,False,False,False,False,False,True,True,False,False,False,False
4,52.48246896,3,4,2,0,191.2130172,0,18.47463465,False,False,True,False,False,False,False,False,True,False,True,False,True,False
11,23.67270792,2,0,3,2,168.5930365,1,33.79330032,False,False,False,False,False,False,False,False,True,True,False,False,False,False
11,24.4796155,1,10,4,0,72.77875185,0,33.29104448,True,False,False,False,False,False,False,False,True,False,False,True,False,False
12,41.2174743,6,5,3,2,153.0832151,0,18.35587391,False,True,False,False,False,False,False,False,False,True,False,False,False,False
5,77.66883114,1,4,2,0,134.5522114,0,32.31026814,False,False,False,True,False,False,False,False,False,False,True,False,False,True
12,54.28534645,3,2,3,1,166.5578482,0,28.33499404,False,True,False,False,False,False,False,False,True,True,False,False,False,False
10,42.101882,0,7,6,0,131.4629911,1,31.31962871,False,False,False,False,False,False,False,True,True,False,False,True,False,False
5,72.04339585,0,5,4,0,174.8294205,1,32.50035173,False,False,True,False,False,False,False,False,False,False,False,False,False,True
5,39.83644008,5,1,3,1,141.9805166,0,20.96057247,False,False,False,True,False,False,False,False,False,True,False,False,False,False
9,65.62191763,0,1,1,0,177.6534196,0,21.94930043,False,False,False,False,False,False,True,False,False,False,True,False,True,False
6,81.90699529,1,1,3,0,135.8741318,1,28.92595006,False,False,False,True,False,False,False,False,True,False,True,False,False,True
12,27.18563156,5,5,4,1,211.8347962,0,22.41029577,False,True,False,False,False,False,False,False,True,True,False,False,False,False
9,54.47890908,8,3,5,2,136.3422068,1,25.50286527,False,False,False,False,False,False,False,True,True,True,False,False,False,False
12,37.58861286,4,0,3,1,116.8092925,0,17.33449559,True,False,False,False,False,False,False,False,True,True,False,False,False,False
11,35.85813908,4,2,7,0,90.22413964,1,37.40645681,False,False,False,False,False,False,False,False,True,False,True,True,False,False
8,73.28254698,0,3,2,0,153.1178126,1,30.96550379,False,False,False,False,False,True,False,False,True,False,False,False,False,True
10,63.90491049,2,4,1,0,169.5498822,0,21.42027794,False,False,False,False,False,False,False,True,True,False,True,False,True,False
5,29.92479978,2,1,6,1,138.3142958,0,36.04658931,False,False,False,True,False,False,False,False,True,False,False,True,False,False
12,14.05614625,3,8,7,1,166.2871605,0,38.11529768,True,False,False,False,False,False,False,False,False,False,True,True,False,False
12,85.72649258,1,3,4,1,161.2410618,0,36.54827942,False,True,False,False,False,False,False,False,False,False,False,False,False,True
7,58.93672881,1,9,1,0,182.5863088,0,23.01854305,False,False,False,False,True,False,False,False,False,False,True,False,True,False
10,40.29420189,0,5,7,0,143.4428914,1,42.17556663,False,False,False,False,False,False,False,True,True,False,False,True,False,False
11,45.21960947,3,2,3,1,165.5005611,0,28.62677941,False,False,False,False,False,False,False,False,True,True,False,False,False,False
5,82.98932521,0,2,3,1,159.8050333,0,36.137682,False,False,True,False,False,False,False,False,False,False,False,False,False,True
10,71.47735746,2,11,4,1,179.0812926,0,50.56076479,False,False,False,False,False,False,False,True,True,False,True,True,False,False
12,90.25689784,4,7,3,1,163.1426557,1,37.6613637,False,True,False,False,False,False,False,False,True,False,False,False,False,True
10,58.58114486,3,4,6,1,159.1062748,1,46.4249471,False,False,False,False,False,False,False,False,True,False,True,True,False,False
6,26.416704,6,1,5,1,111.0661937,0,21.88864428,False,False,False,True,False,False,False,False,True,True,False,False,False,False
5,65.88405397,1,5,1,0,148.4010392,0,19.64178244,False,False,False,True,False,False,False,False,True,False,True,False,True,False
11,57.29100162,0,4,2,0,155.4763437,0,19.63320723,True,False,False,False,False,False,False,False,True,False,True,False,True,False
7,104.45203,2,3,3,1,133.5204629,1,34.61170565,False,False,False,False,True,False,False,False,False,False,False,False,False,True
8,83.26990692,3,2,3,0,137.7722855,0,27.9461831,False,False,False,False,False,False,True,False,True,False,False,False,False,True
12,57.39481223,1,10,5,1,114.9547566,0,45.53715113,True,False,False,False,False,False,False,False,True,False,True,True,False,False
11,59.37192013,0,1,4,1,152.0224072,1,29.12211431,True,False,False,False,False,False,False,False,False,False,False,False,False,True
8,47.66807852,1,1,4,2,155.3118896,1,21.11327186,False,False,False,False,False,False,True,False,True,True,False,False,False,False
9,64.13593481,1,5,2,0,143.348995,0,17.58478321,False,False,False,False,False,False,True,False,False,False,True,False,True,False
8,58.11614452,1,3,1,0,196.0127204,0,11.43116407,False,False,False,False,False,False,True,False,False,False,True,False,True,False
6,71.5324375,0,9,2,0,133.9555202,0,19.61181376,False,False,False,True,False,False,False,False,True,False,True,False,True,False
6,56.53451062,1,1,2,0,207.5800944,0,18.48996269,False,False,False,True,False,False,False,False,False,False,True,False,True,False
5,38.81576663,2,9,4,0,152.241941,1,39.34668394,False,False,False,True,False,False,False,False,False,False,False,True,False,False
9,49.41691021,2,6,2,0,198.4091013,0,24.23010151,False,False,False,False,False,False,True,False,False,False,True,False,True,False
5,79.04454763,1,3,3,0,168.7297838,1,31.72321502,False,False,False,True,False,False,False,False,False,False,True,False,False,True
5,15.27439207,2,7,4,1,122.9009462,1,44.28208132,False,False,False,True,False,False,False,False,True,False,True,True,False,False
7,85.49182425,1,4,2,0,141.6749673,1,32.65979214,False,False,False,False,True,False,False,False,True,False,False,False,False,True
5,87.77981196,1,4,4,0,156.7155007,0,32.52585362,False,False,False,True,False,False,False,False,False,False,True,False,False,True
12,53.93563276,1,11,5,0,177.1346253,0,39.16280015,True,False,False,False,False,False,False,False,True,False,False,True,False,False
9,46.79186164,6,4,5,2,158.7378737,0,26.37711231,False,False,False,False,False,False,False,True,True,True,False,False,False,False
12,50.24708251,6,1,5,1,157.3575073,1,21.81918022,True,False,False,False,False,False,False,False,False,True,False,False,False,False
12,40.46485145,9,1,4,2,137.6919812,1,30.15493684,False,True,False,False,False,False,False,False,False,True,False,False,False,False
7,56.79343141,0,8,1,0,196.7843051,0,19.19847292,False,False,False,False,True,False,False,False,True,False,True,False,True,False
12,43.10235626,4,3,4,2,180.0415081,0,21.34572909,True,False,False,False,False,False,False,False,True,True,False,False,False,False
7,61.78595472,2,6,4,0,128.2671863,1,43.16008192,False,False,False,False,True,False,False,False,False,False,True,True,False,False
7,25.07677248,1,17,4,0,147.9972471,0,42.90935623,False,False,False,False,False,True,False,False,False,False,False,True,False,False
8,40.90478847,4,2,3,2,185.0686853,1,22.01284008,False,False,False,False,False,False,True,False,False,True,False,False,False,False
6,75.88265685,0,2,3,0,120.222741,1,28.13702569,False,False,False,True,False,False,False,False,False,False,False,False,False,True
4,70.5865463,2,5,4,0,144.3403775,0,36.59529659,False,False,True,False,False,False,False,False,True,False,False,False,False,True
12,90.71673958,1,4,2,0,167.1390839,1,32.24989425,True,False,False,False,False,False,False,False,True,False,False,False,False,True
11,82.71293844,3,2,4,0,151.2027998,1,26.32499056,True,False,False,False,False,False,False,False,False,False,True,False,False,True
4,45.19387289,4,0,4,1,120.7293098,1,27.65220417,False,False,True,False,False,False,False,False,True,True,False,False,False,False
7,43.8713555,6,4,4,1,159.4702786,0,24.06659064,False,False,False,False,False,True,False,False,True,True,False,False,False,False
10,77.45656809,1,1,3,0,126.1718491,0,28.45525889,False,False,False,False,False,False,False,False,False,False,True,False,False,True
8,48.38437797,3,3,4,2,175.8755979,1,21.55713224,False,False,False,False,False,True,False,False,True,True,False,False,False,False
12,68.37039044,1,2,4,1,127.4917115,1,24.23771163,True,False,False,False,False,False,False,False,False,False,False,False,False,True
10,64.72844052,1,1,2,0,164.2993823,0,19.96690514,False,False,False,False,False,False,False,True,False,False,True,False,True,False
5,91.44359247,0,3,3,0,128.7769789,0,34.71614679,False,False,False,True,False,False,False,False,True,False,False,False,False,True
5,88.02874901,0,3,2,1,170.0878712,0,26.03965874,False,False,False,True,False,False,False,False,True,False,False,False,False,True
10,93.4955526,1,3,3,1,152.2366416,0,21.87025858,False,False,False,False,False,False,False,True,False,False,False,False,False,True
12,57.37153649,1,9,6,1,151.5426745,0,36.29739503,False,True,False,False,False,False,False,False,True,False,False,True,False,False
9,66.59226896,2,3,1,0,178.3257913,0,16.98386917,False,False,False,False,False,False,True,False,True,False,True,False,True,False
12,66.8335286,2,2,1,0,206.8584104,0,22.33698291,False,True,False,False,False,False,False,False,True,False,True,False,True,False
5,67.007675,0,3,2,0,191.4916477,0,21.5775587,False,False,True,False,False,False,False,False,False,False,True,False,True,False
10,63.09942174,0,5,1,0,128.2508854,0,20.9063267,False,False,False,False,False,False,False,False,True,False,True,False,True,False
11,66.25656761,2,6,2,0,183.4205849,0,18.97540555,True,False,False,False,False,False,False,False,False,False,True,False,True,False
6,14.98496271,3,11,5,0,154.7543416,1,44.11305476,False,False,False,True,False,False,False,False,False,False,True,True,False,False
4,24.05047143,8,1,5,2,116.5571767,1,28.05696436,False,False,True,False,False,False,False,False,False,True,False,False,False,False
11,47.7387941,0,4,2,0,189.9257426,0,20.3226148,True,False,False,False,False,False,False,False,True,False,True,False,True,False
7,33.09515194,4,6,5,2,128.6422136,1,27.45710457,False,False,False,False,False,True,False,False,True,True,False,False,False,False
12,77.12030437,0,5,2,0,134.0023223,0,31.26313989,False,True,False,False,False,False,False,False,False,False,False,False,False,True
12,81.25281014,1,0,3,0,185.6460617,1,25.32326983,True,False,False,False,False,False,False,False,False,False,False,False,False,True
10,76.00861605,2,7,4,1,145.7856113,0,35.9254446,False,False,False,False,False,False,False,False,False,False,False,True,False,False
11,41.5640223,1,4,2,0,159.0150607,0,25.19577638,True,False,False,False,False,False,False,False,False,False,True,False,True,False
9,36.45352764,1,12,4,0,115.9528786,0,46.0496279,False,False,False,False,False,False,True,False,True,False,True,True,False,False
4,25.09403137,3,11,4,0,101.71235,1,35.42255693,False,False,True,False,False,False,False,False,False,False,False,True,False,False
9,40.16327964,4,5,3,1,182.0034834,0,27.83932829,False,False,False,False,False,False,False,True,False,True,False,False,False,False
11,43.59523199,6,0,4,1,156.9985659,0,27.91012459,False,False,False,False,False,False,False,False,True,True,False,False,False,False
12,59.53431758,1,1,1,0,189.1502269,0,18.23517176,False,True,False,False,False,False,False,False,True,False,True,False,True,False
12,29.69473342,2,11,5,0,122.8692104,0,45.33094633,False,True,False,False,False,False,False,False,False,False,False,True,False,False
8,62.8514365,0,4,2,0,190.5254133,0,22.81828307,False,False,False,False,False,True,False,False,True,False,True,False,True,False
10,85.19963551,1,6,1,0,187.0383347,0,20.14071553,False,False,False,False,False,False,False,True,False,False,True,False,True,False
5,37.34217822,4,0,5,2,211.734816,0,28.65959735,False,False,False,True,False,False,False,False,True,True,False,False,False,False
12,48.16339954,8,1,4,2,148.8188123,1,25.16019267,False,True,False,False,False,False,False,False,True,True,False,False,False,False
11,33.87220369,1,5,2,0,157.0707561,0,18.26890358,True,False,False,False,False,False,False,False,True,False,True,False,True,False
6,85.14623141,2,2,2,0,162.1333544,0,36.39395239,False,False,False,False,True,False,False,False,False,False,True,False,False,True
12,79.93910344,1,6,3,0,183.7687112,1,30.56688875,False,True,False,False,False,False,False,False,True,False,False,False,False,True
11,84.43210167,3,1,4,1,133.0808521,0,29.13969313,True,False,False,False,False,False,False,False,False,False,False,False,False,True
12,50.00745269,0,6,1,0,178.3262973,0,19.6846394,True,False,False,False,False,False,False,False,True,False,True,False,True,False
5,91.30178006,1,4,2,0,137.1378915,1,24.71694769,False,False,True,False,False,False,False,False,False,False,False,False,False,True
5,75.4924676,0,6,2,0,196.1147104,0,19.13530357,False,False,False,True,False,False,False,False,False,False,True,False,True,False
4,103.0436277,1,3,2,0,164.0333843,1,28.09157256,False,False,True,False,False,False,False,False,True,False,True,False,False,True
10,81.90387763,0,2,1,0,238.3455018,0,19.14264784,False,False,False,False,False,False,False,True,True,False,True,False,True,False
11,59.16054198,4,7,7,0,150.9509135,1,45.80392267,False,False,False,False,False,False,False,False,True,False,False,True,False,False
4,46.91887579,0,5,1,0,181.7619181,0,18.90185298,False,False,True,False,False,False,False,False,True,False,True,False,True,False
5,80.03470871,1,0,3,0,154.8134111,1,44.68097245,False,False,True,False,False,False,False,False,True,False,False,False,False,True
6,52.1275176,0,6,1,0,163.8913032,0,13.90545045,False,False,False,True,False,False,False,False,False,False,True,False,True,False
4,76.37791428,0,4,1,0,74.04363622,0,17.66547862,False,False,True,False,False,False,False,False,True,False,True,False,True,False
9,88.0789071,1,2,3,1,127.4148758,0,28.3033284,False,False,False,False,False,False,True,False,False,False,False,False,False,True
10,57.59921539,0,2,2,0,171.9250882,0,21.66792142,False,False,False,False,False,False,False,True,True,False,True,False,True,False
9,29.59217734,5,4,5,2,134.3210748,0,23.97421535,False,False,False,False,False,False,True,False,False,True,False,False,False,False
8,58.38468673,1,0,2,0,224.409288,0,15.87510306,False,False,False,False,False,True,False,False,True,False,True,False,True,False
10,76.50416109,0,5,4,0,139.4102889,0,39.86117535,False,False,False,False,False,False,False,False,True,False,False,False,False,True
6,94.43238269,0,7,4,0,159.5264265,1,22.62483417,False,False,False,False,True,False,False,False,True,False,True,False,False,True
6,51.0397271,7,2,4,2,136.5791104,1,30.99912544,False,False,False,True,False,False,False,False,False,True,False,False,False,False
10,27.42187876,5,2,5,2,150.9693558,0,22.45700925,False,False,False,False,False,False,False,False,True,True,False,False,False,False
6,40.84406566,1,8,6,0,101.2277257,1,46.11869492,False,False,False,True,False,False,False,False,True,False,True,True,False,False
9,59.37050731,1,2,1,0,139.8125258,0,22.60878825,False,False,False,False,False,False,False,True,True,False,True,False,True,False
9,43.06222569,5,10,7,0,172.3085343,1,40.31700372,False,False,False,False,False,False,False,True,False,False,True,True,False,False
9,100.5308483,1,3,3,1,142.084577,1,30.13792761,False,False,False,False,False,False,False,True,False,False,True,False,False,True
11,57.50087627,1,11,6,1,132.4967431,1,45.3080909,True,False,False,False,False,False,False,False,False,False,True,True,False,False
4,64.17516738,0,2,1,0,128.142573,0,17.68054932,False,False,True,False,False,False,False,False,False,False,True,False,True,False
11,83.47854786,1,4,3,1,179.6361762,1,30.27857237,True,False,False,False,False,False,False,False,True,False,False,False,False,True
11,92.97857865,0,1,4,1,154.8338293,1,32.98743123,False,False,False,False,False,False,False,False,False,False,False,False,False,True
5,31.24377434,4,2,3,2,188.7194381,1,30.090843,False,False,True,False,False,False,False,False,False,True,False,False,False,False
5,45.81018937,6,1,5,2,188.5915861,1,23.95576716,False,False,False,True,False,False,False,False,True,True,False,False,False,False
12,54.64339427,1,1,1,0,206.8742424,0,21.6328421,False,True,False,False,False,False,False,False,True,False,True,False,True,False
9,86.4249893,1,2,3,0,148.3080889,0,27.26199385,False,False,False,False,False,False,False,True,True,False,False,False,False,True
10,79.1956063,2,4,3,1,150.3643131,0,24.63986709,False,False,False,False,False,False,False,True,True,False,False,False,False,True
10,32.13642518,1,9,4,1,125.1191815,1,36.9408373,False,False,False,False,False,False,False,True,True,False,True,True,False,False
12,56.59392841,1,5,2,0,200.2571541,0,21.76159663,False,True,False,False,False,False,False,False,False,False,True,False,True,False
10,74.08592456,0,1,3,0,137.4776612,0,32.3923195,False,False,False,False,False,False,False,False,False,False,False,False,False,True
7,64.45055985,0,8,4,0,137.800815,0,38.63729403,False,False,False,False,False,True,False,False,True,False,True,True,False,False
11,41.80081423,1,6,1,0,226.5533976,0,17.25007394,True,False,False,False,False,False,False,False,True,False,True,False,True,False
5,42.52585147,7,4,5,2,140.4975305,0,30.71036183,False,False,False,True,False,False,False,False,False,True,False,False,False,False
10,49.36999688,1,9,7,0,92.77100055,0,40.5799235,False,False,False,False,False,False,False,True,True,False,True,True,False,False
8,46.60466042,6,1,4,2,126.542841,1,16.07159248,False,False,False,False,False,True,False,False,False,True,False,False,False,False
8,22.13600912,9,1,4,2,216.1334748,1,27.88660239,False,False,False,False,False,True,False,False,False,True,False,False,False,False
8,83.0054982,2,11,5,0,163.7313095,0,41.84295432,False,False,False,False,False,True,False,False,True,False,False,True,False,False
10,34.04857981,2,4,3,1,172.1082148,0,27.21853506,False,False,False,False,False,False,False,True,False,True,False,False,False,False
11,70.40454064,1,1,2,0,167.0664116,0,18.62667414,False,False,False,False,False,False,False,False,False,False,True,False,True,False
12,38.45182092,4,13,6,1,80.07823542,0,33.04607577,False,True,False,False,False,False,False,False,True,False,True,True,False,False
12,42.6253901,7,2,5,2,186.783576,1,23.04052839,False,True,False,False,False,False,False,False,True,True,False,False,False,False
6,33.96373834,4,3,5,2,189.3518889,0,22.81813103,False,False,False,False,True,False,False,False,True,True,False,False,False,False
9,81.55469726,0,6,2,0,142.5252216,1,40.07435279,False,False,False,False,False,False,False,True,True,False,False,False,False,True
10,31.06050798,1,14,5,0,136.9349771,1,43.21239333,False,False,False,False,False,False,False,False,True,False,False,True,False,False
11,52.9245272,2,4,1,0,190.0852178,0,19.28793776,False,False,False,False,False,False,False,False,False,False,True,False,True,False
8,70.05475476,1,1,1,0,198.0208134,0,18.59655925,False,False,False,False,False,False,True,False,True,False,True,False,True,False
8,30.79807696,3,3,3,2,128.7612681,1,33.88311342,False,False,False,False,False,False,True,False,False,True,False,False,False,False
12,87.35195779,1,3,4,1,145.0539955,1,19.9923562,False,True,False,False,False,False,False,False,False,False,False,False,False,True
5,57.20462537,0,4,2,0,232.9985217,0,21.32435059,False,False,False,True,False,False,False,False,True,False,True,False,True,False
10,74.66375101,3,2,2,0,142.9982265,1,33.89568689,False,False,False,False,False,False,False,True,False,False,False,False,False,True
5,45.61665329,6,0,4,2,136.9091037,0,24.60403925,False,False,True,False,False,False,False,False,False,True,False,False,False,False
8,66.27041082,2,4,1,0,193.7703277,0,19.02422614,False,False,False,False,False,False,True,False,False,False,True,False,True,False
12,67.549324,2,3,2,0,191.6482618,0,16.13124622,True,False,False,False,False,False,False,False,False,False,True,False,True,False
4,25.48599562,8,1,4,1,170.0822261,0,21.63488815,False,False,True,False,False,False,False,False,False,True,False,False,False,False
8,77.12005622,0,8,7,1,135.5917291,0,47.58542106,False,False,False,False,False,True,False,False,True,False,False,True,False,False
10,66.50997841,2,3,1,0,177.2368753,0,23.27304607,False,False,False,False,False,False,False,False,True,False,True,False,True,False
8,68.77776831,2,12,5,0,91.45152902,1,45.14384801,False,False,False,False,False,True,False,False,False,False,True,True,False,False
11,76.75118722,1,4,1,0,215.746145,0,19.64717429,True,False,False,False,False,False,False,False,True,False,True,False,True,False
8,49.18800697,3,5,5,1,163.8186247,1,30.02156192,False,False,False,False,False,True,False,False,True,True,False,False,False,False
5,52.15292945,3,11,7,0,120.3921222,0,45.36078052,False,False,False,True,False,False,False,False,False,False,False,True,False,False
5,46.22496102,4,4,5,2,138.6035274,1,30.82252375,False,False,False,True,False,False,False,False,True,True,False,False,False,False
4,68.39597181,0,2,2,1,136.0808595,0,28.76762206,False,False,True,False,False,False,False,False,True,False,False,False,False,True
12,76.02929179,3,12,6,0,81.03212637,0,39.19347799,False,True,False,False,False,False,False,False,False,False,True,True,False,False
7,77.90856026,1,4,3,0,166.0217562,1,33.2136127,False,False,False,False,True,False,False,False,False,False,False,False,False,True
6,75.71866459,1,3,2,1,154.8050621,1,34.24731167,False,False,False,True,False,False,False,False,True,False,True,False,False,True
5,56.81351958,2,8,6,1,99.62556091,1,57.18634759,False,False,False,True,False,False,False,False,False,False,False,True,False,False
4,62.18996127,1,9,1,0,185.5991431,0,18.77006929,False,False,True,False,False,False,False,False,True,False,True,False,True,False
11,67.06538752,2,10,7,0,148.2240971,0,35.83243356,True,False,False,False,False,False,False,False,False,False,False,True,False,False
12,57.45891471,1,8,1,0,116.5447623,0,21.66766488,False,True,False,False,False,False,False,False,True,False,True,False,True,False
9,27.10431604,1,12,5,0,169.3721507,1,42.59839997,False,False,False,False,False,False,False,True,True,False,False,True,False,False
9,89.49231013,0,3,3,0,157.5979931,1,37.28814335,False,False,False,False,False,False,False,True,True,False,True,False,False,True
12,42.74530294,6,1,4,1,120.9486936,1,27.13655641,False,True,False,False,False,False,False,False,False,True,False,False,False,False
10,24.18583817,2,8,6,1,138.3046821,0,39.97738561,False,False,False,False,False,False,False,True,False,False,False,True,False,False
11,44.90013334,4,11,5,0,108.1461326,0,38.12491961,False,False,False,False,False,False,False,False,True,False,False,True,False,False
11,44.93528803,2,13,4,1,112.7168251,0,42.81141999,True,False,False,False,False,False,False,False,True,False,True,True,False,False
5,79.06635813,1,3,4,0,116.0148241,1,28.67389214,False,False,False,True,False,False,False,False,True,False,False,False,False,True
9,48.24358663,6,2,4,1,167.0458842,0,30.22447417,False,False,False,False,False,False,False,True,False,True,False,False,False,False
12,79.86587559,0,4,3,1,145.8262916,0,33.20449985,False,True,False,False,False,False,False,False,True,False,False,False,False,True
8,47.29068989,5,9,5,0,143.6809368,0,43.90113232,False,False,False,False,False,False,True,False,False,False,True,True,False,False
4,56.02431984,0,12,7,0,178.3674759,1,31.33783835,False,False,True,False,False,False,False,False,True,False,True,True,False,False
7,96.35817343,1,3,4,0,193.4252058,1,30.57720472,False,False,False,False,False,True,False,False,True,False,True,False,False,True
11,54.93697541,11,2,4,2,149.3626154,1,29.63204379,True,False,False,False,False,False,False,False,False,True,False,False,False,False
10,89.86525578,1,2,3,1,125.8251071,1,26.83690376,False,False,False,False,False,False,False,True,True,False,False,False,False,True
6,32.3745647,5,1,5,1,160.4548552,1,16.38215966,False,False,False,True,False,False,False,False,True,True,False,False,False,False
12,63.82893726,3,16,4,0,120.0144687,1,39.91335776,False,True,False,False,False,False,False,False,False,False,True,True,False,False
11,45.87746527,2,2,4,1,124.096194,0,13.90209103,True,False,False,False,False,False,False,False,False,True,False,False,False,False
11,67.10255597,0,3,1,0,167.3638728,0,20.07694609,True,False,False,False,False,False,False,False,True,False,True,False,True,False
12,100.5166201,1,3,2,0,167.2205896,1,33.15486474,False,True,False,False,False,False,False,False,True,False,False,False,False,True
7,74.10431323,0,3,3,1,162.4475584,0,29.38729389,False,False,False,False,False,True,False,False,False,False,True,False,False,True
12,58.96634001,0,6,2,0,102.5478247,0,15.23653358,True,False,False,False,False,False,False,False,True,False,True,False,True,False
11,59.97390691,3,7,5,0,99.43556576,0,39.65597914,True,False,False,False,False,False,False,False,False,False,False,True,False,False
7,58.28627502,0,2,2,0,139.9967615,0,23.34699491,False,False,False,False,False,True,False,False,False,False,True,False,True,False
7,36.87910748,2,12,7,1,98.18355823,1,40.04686954,False,False,False,False,True,False,False,False,False,False,True,True,False,False
8,94.60700779,1,1,2,0,160.0773762,1,19.61177609,False,False,False,False,False,False,True,False,True,False,False,False,False,True
7,68.1852836,2,3,2,1,160.4223311,0,26.14947869,False,False,False,False,False,True,False,False,False,False,True,False,False,True
8,51.56006963,1,7,3,1,216.8135782,1,21.81439375,False,False,False,False,False,False,True,False,False,True,False,False,False,False
12,73.51846967,2,3,1,0,184.8098254,0,22.32640816,False,True,False,False,False,False,False,False,False,False,True,False,True,False
8,56.77349593,2,4,1,0,207.9243023,0,17.62418456,False,False,False,False,False,False,True,False,False,False,True,False,True,False
12,40.72114478,3,2,5,1,197.6660804,1,21.3992495,False,True,False,False,False,False,False,False,True,True,False,False,False,False
7,75.66983817,0,4,2,1,160.0592217,0,30.90569472,False,False,False,False,True,False,False,False,False,False,False,False,False,True
4,61.60883972,2,15,7,1,177.078446,0,42.61770303,False,False,True,False,False,False,False,False,False,False,False,True,False,False
7,53.22186019,0,1,1,0,187.6115709,0,21.10083509,False,False,False,False,False,True,False,False,False,False,True,False,True,False
12,58.79933728,2,4,1,0,205.6563031,0,13.9956275,True,False,False,False,False,False,False,False,True,False,True,False,True,False
11,23.56073274,3,1,3,2,149.381005,1,26.2927592,False,False,False,False,False,False,False,False,False,True,False,False,False,False
5,71.27438509,4,10,7,0,182.7571871,1,39.28012498,False,False,False,True,False,False,False,False,False,False,False,True,False,False
10,82.09090286,0,2,3,0,136.593021,0,29.37629191,False,False,False,False,False,False,False,False,True,False,False,False,False,True
9,73.94191038,1,5,1,0,170.1216053,0,18.76217273,False,False,False,False,False,False,True,False,True,False,True,False,True,False
9,47.76794675,4,9,4,1,135.3066178,1,30.50151751,False,False,False,False,False,False,True,False,True,False,True,True,False,False
8,79.86001074,0,2,2,0,209.5552329,0,14.41119759,False,False,False,False,False,False,True,False,False,False,True,False,True,False
10,35.41056846,2,6,4,1,171.2514504,0,50.08712394,False,False,False,False,False,False,False,True,False,False,True,True,False,False
11,76.16787998,2,3,3,0,145.0695551,0,26.1893692,False,False,False,False,False,False,False,False,False,False,False,False,False,True
6,48.49270575,1,8,4,0,122.5669903,0,39.65181574,False,False,False,False,True,False,False,False,True,False,False,True,False,False
9,58.86838875,1,1,1,0,128.2126016,0,18.79172923,False,False,False,False,False,False,False,True,False,False,True,False,True,False
7,31.42619069,5,2,3,2,156.4767396,1,28.93988767,False,False,False,False,True,False,False,False,False,True,False,False,False,False
5,37.41316388,2,8,4,0,139.0870134,1,37.99503776,False,False,False,True,False,False,False,False,True,False,False,True,False,False
7,46.80449454,3,9,7,1,143.670434,0,37.11014221,False,False,False,False,False,True,False,False,True,False,True,True,False,False
10,57.15780928,0,8,6,0,202.2700934,1,43.59975983,False,False,False,False,False,False,False,True,True,False,False,True,False,False
6,39.31918414,4,0,5,1,113.5597474,0,25.9668495,False,False,False,False,True,False,False,False,True,True,False,False,False,False
8,38.67781596,6,0,3,1,155.2800211,0,26.29060077,False,False,False,False,False,False,True,False,False,True,False,False,False,False
6,32.21751344,5,2,3,2,155.2062234,0,24.25579941,False,False,False,False,True,False,False,False,True,True,False,False,False,False
9,89.48722889,1,4,3,1,139.9330276,0,32.63798622,False,False,False,False,False,False,True,False,True,False,False,False,False,True
10,75.93436139,1,2,4,0,122.9301286,0,36.02308724,False,False,False,False,False,False,False,False,True,False,False,False,False,True
9,69.75261507,0,2,2,0,135.734378,0,32.54962941,False,False,False,False,False,False,False,True,True,False,False,False,False,True
12,38.53434193,6,2,5,1,185.5612894,0,27.94514392,True,False,False,False,False,False,False,False,True,True,False,False,False,False
9,31.18955144,5,1,3,1,155.1756292,0,25.14730653,False,False,False,False,False,False,True,False,False,True,False,False,False,False
8,68.12386455,2,12,6,0,133.3154096,1,37.9293739,False,False,False,False,False,False,True,False,True,False,False,True,False,False
6,46.46020045,3,1,4,2,163.1096203,0,20.40658045,False,False,False,False,True,False,False,False,False,True,False,False,False,False
6,74.90650232,2,4,4,1,135.7303712,1,37.55662993,False,False,False,False,True,False,False,False,False,False,False,False,False,True
9,40.66198077,3,9,6,0,140.2158321,1,39.7134198,False,False,False,False,False,False,False,True,False,False,False,True,False,False
12,49.03088423,1,7,5,1,166.8991174,0,40.28996047,False,True,False,False,False,False,False,False,True,False,False,True,False,False
7,63.55856833,3,11,7,1,108.934624,1,35.28534909,False,False,False,False,False,True,False,False,True,False,True,True,False,False
4,83.49662956,1,1,2,1,148.3013714,1,25.57330142,False,False,True,False,False,False,False,False,False,False,False,False,False,True
12,93.73999414,1,6,4,0,154.052247,1,29.79927311,False,True,False,False,False,False,False,False,False,False,False,False,False,True
9,48.31434796,1,4,1,0,182.3975431,0,17.18032405,False,False,False,False,False,False,True,False,True,False,True,False,True,False
12,21.97282283,4,2,5,1,120.9318156,1,23.26183283,True,False,False,False,False,False,False,False,False,True,False,False,False,False
11,16.61737637,7,2,3,1,151.3132226,0,31.1329041,False,False,False,False,False,False,False,False,True,True,False,False,False,False
5,60.31231916,2,8,5,1,92.77063819,0,45.04638553,False,False,False,True,False,False,False,False,True,False,False,True,False,False
10,81.84685856,0,2,2,0,125.309097,1,28.65219217,False,False,False,False,False,False,False,False,True,False,True,False,False,True
5,37.56635776,4,3,3,2,143.339707,0,21.35423168,False,False,True,False,False,False,False,False,False,True,False,False,False,False
4,35.40276896,3,14,4,1,73.24145605,1,50.33199463,False,False,True,False,False,False,False,False,True,False,True,True,False,False
6,49.65115361,2,14,5,0,136.4480338,1,44.05836245,False,False,False,True,False,False,False,False,False,False,True,True,False,False
10,19.2646316,4,3,5,1,114.4852234,0,31.10133178,False,False,False,False,False,False,False,False,True,True,False,False,False,False
7,53.03818793,0,12,4,0,112.6343581,0,48.82684101,False,False,False,False,False,True,False,False,False,False,True,True,False,False
11,40.7725721,5,0,5,2,141.4024219,1,21.35618692,True,False,False,False,False,False,False,False,False,True,False,False,False,False
10,46.97434787,6,1,5,2,163.0527224,0,20.36330688,False,False,False,False,False,False,False,True,False,True,False,False,False,False
12,52.0705868,6,3,3,1,148.0100698,0,25.16371165,False,True,False,False,False,False,False,False,True,True,False,False,False,False
8,57.49715609,0,6,2,0,132.6598872,0,20.27361498,False,False,False,False,False,False,True,False,True,False,True,False,True,False
4,79.91513254,1,1,4,1,157.6394754,1,28.86317481,False,False,True,False,False,False,False,False,True,False,True,False,False,True
7,58.48465894,3,9,4,1,116.445066,0,34.27717896,False,False,False,False,False,True,False,False,False,False,True,True,False,False
12,69.0610089,3,15,4,1,156.5391422,0,33.39743447,False,True,False,False,False,False,False,False,False,False,True,True,False,False
11,26.83269537,2,10,5,0,100.1326797,1,39.54418084,True,False,False,False,False,False,False,False,False,False,False,True,False,False
11,73.22346053,1,5,2,0,200.7021948,0,17.8704759,False,False,False,False,False,False,False,False,False,False,True,False,True,False
6,33.56958336,3,3,4,1,151.0818504,0,25.52888903,False,False,False,True,False,False,False,False,True,True,False,False,False,False
6,41.42390116,3,5,4,0,109.360403,1,43.16594828,False,False,False,False,True,False,False,False,True,False,False,True,False,False
7,80.60119953,2,4,2,1,175.0683326,0,24.81461517,False,False,False,False,False,True,False,False,False,False,False,False,False,True
7,53.70770279,1,7,1,0,169.178387,0,16.25979239,False,False,False,False,True,False,False,False,True,False,True,False,True,False
10,47.90601097,5,1,3,2,150.4614817,1,18.58452239,False,False,False,False,False,False,False,True,False,True,False,False,False,False
10,39.2016218,0,0,1,0,231.588407,0,21.61315696,False,False,False,False,False,False,False,True,False,False,True,False,True,False
9,43.09878792,0,1,1,0,183.9075856,0,19.14381137,False,False,False,False,False,False,True,False,False,False,True,False,True,False
10,28.98090155,4,2,4,1,115.6945498,0,20.03933417,False,False,False,False,False,False,False,False,True,True,False,False,False,False
12,55.30889402,0,5,2,0,164.1089113,0,15.26714287,False,True,False,False,False,False,False,False,False,False,True,False,True,False
10,86.52647502,0,4,3,1,146.9314627,1,33.67642617,False,False,False,False,False,False,False,False,True,False,False,False,False,True
12,61.55060888,2,17,4,1,100.2568852,0,40.90369585,False,True,False,False,False,False,False,False,True,False,False,True,False,False
12,53.45565947,0,3,1,0,166.2562652,0,22.62578121,False,True,False,False,False,False,False,False,True,False,True,False,True,False
11,74.21022043,0,6,2,0,205.3871559,0,14.29228169,True,False,False,False,False,False,False,False,True,False,True,False,True,False
10,56.80134015,3,3,1,0,218.042118,0,17.91669141,False,False,False,False,False,False,False,False,False,False,True,False,True,False
12,41.43627917,3,10,5,0,109.603836,0,43.91776815,False,True,False,False,False,False,False,False,True,False,True,True,False,False
6,26.58444062,6,2,3,2,198.7295206,1,24.24552301,False,False,False,True,False,False,False,False,False,True,False,False,False,False
9,72.36220196,1,3,2,0,150.2110109,0,33.89172061,False,False,False,False,False,False,True,False,False,False,False,False,False,True
10,58.73298387,4,4,6,1,115.9126469,1,41.8161531,False,False,False,False,False,False,False,False,True,False,False,True,False,False
8,46.09077753,7,1,4,1,160.4736224,1,21.63597077,False,False,False,False,False,False,True,False,True,True,False,False,False,False
10,64.27686134,3,11,4,1,168.3207785,1,46.22290774,False,False,False,False,False,False,False,True,True,False,False,True,False,False
6,20.629196,6,5,3,1,155.1997629,1,27.54954335,False,False,False,True,False,False,False,False,True,True,False,False,False,False
4,87.87707892,3,4,4,0,184.6977183,1,29.83648049,False,False,True,False,False,False,False,False,True,False,False,False,False,True
9,61.40967147,2,5,1,0,179.2022243,0,18.33115293,False,False,False,False,False,False,False,True,True,False,True,False,True,False
8,74.06144598,0,3,2,0,156.799777,1,33.23317773,False,False,False,False,False,False,True,False,False,False,False,False,False,True
10,71.47421975,3,5,1,0,212.2184896,0,15.91943712,False,False,False,False,False,False,False,False,True,False,True,False,True,False
10,78.42379839,2,5,1,0,229.268728,0,20.46751925,False,False,False,False,False,False,False,False,False,False,True,False,True,False
12,61.13888846,2,5,4,0,152.2423078,0,25.71607428,False,True,False,False,False,False,False,False,True,False,False,False,False,True
8,34.40148649,1,13,6,1,148.8450817,0,44.47149751,False,False,False,False,False,False,True,False,False,False,True,True,False,False
6,53.74174296,1,6,2,0,166.6419005,0,14.4722363,False,False,False,True,False,False,False,False,False,False,True,False,True,False
12,91.72414814,2,4,2,0,171.6565474,0,32.58343355,True,False,False,False,False,False,False,False,True,False,False,False,False,True
12,29.14671378,3,1,4,2,164.6606601,1,27.1509068,False,True,False,False,False,False,False,False,False,True,False,False,False,False
9,36.11411811,5,3,4,2,143.1355483,1,23.81246566,False,False,False,False,False,False,True,False,True,True,False,False,False,False
12,51.42915753,4,8,5,1,127.6747545,0,41.25078702,True,False,False,False,False,False,False,False,False,False,False,True,False,False
6,31.12127852,2,10,7,0,137.0908175,1,36.29274716,False,False,False,True,False,False,False,False,True,False,True,True,False,False
8,63.446564,1,1,1,0,200.8793365,0,20.10035421,False,False,False,False,False,True,False,False,True,False,True,False,True,False
10,28.91466341,1,13,6,1,118.4967478,0,32.10297594,False,False,False,False,False,False,False,False,True,False,True,True,False,False
12,63.6792541,1,6,1,0,190.6638067,0,24.23141843,False,True,False,False,False,False,False,False,True,False,True,False,True,False
8,65.80757984,0,3,2,0,192.9339107,0,16.36477546,False,False,False,False,False,True,False,False,True,False,True,False,True,False
8,33.75694149,5,1,3,1,141.5576494,0,28.01491573,False,False,False,False,False,False,True,False,True,True,False,False,False,False
12,84.78403078,1,4,4,0,163.9644326,1,21.68492565,False,True,False,False,False,False,False,False,False,False,False,False,False,True
4,72.23440692,0,1,2,0,167.4519848,0,20.58829082,False,False,True,False,False,False,False,False,False,False,True,False,True,False
6,77.98470229,2,0,4,0,167.6383329,0,28.19698425,False,False,False,False,True,False,False,False,True,False,False,False,False,True
6,75.66598262,0,6,2,0,162.1324304,0,22.82628572,False,False,False,True,False,False,False,False,True,False,True,False,True,False
7,76.50722698,1,5,1,0,172.086956,0,21.19148779,False,False,False,False,False,True,False,False,False,False,True,False,True,False
6,62.18755663,0,2,1,0,153.2627594,0,20.7521172,False,False,False,True,False,False,False,False,False,False,True,False,True,False
7,63.93634113,3,10,4,0,94.73618578,0,34.18096537,False,False,False,False,False,True,False,False,False,False,False,True,False,False
6,77.67750103,2,1,4,0,164.8251427,1,42.22871686,False,False,False,False,True,False,False,False,False,False,False,False,False,True
12,57.71863564,2,14,7,1,142.3784025,1,42.08667265,True,False,False,False,False,False,False,False,False,False,False,True,False,False
9,36.21147687,1,14,6,0,159.0371752,1,46.06268586,False,False,False,False,False,False,False,True,True,False,True,True,False,False
9,73.21880973,0,0,2,0,157.081905,1,23.32902929,False,False,False,False,False,False,False,True,False,False,False,False,False,True
5,51.59215667,5,4,3,1,141.7850807,0,23.66814745,False,False,False,True,False,False,False,False,False,True,False,False,False,False
8,34.96487252,5,3,5,2,171.9205219,0,22.99852765,False,False,False,False,False,True,False,False,True,True,False,False,False,False
10,67.0623435,0,3,4,0,163.7428769,1,26.55652623,False,False,False,False,False,False,False,True,False,False,False,False,False,True
10,83.8884817,2,3,3,0,165.2302095,0,32.73243468,False,False,False,False,False,False,False,False,True,False,True,False,False,True
6,24.58951775,5,3,3,2,213.9241894,0,21.15848181,False,False,False,False,True,False,False,False,True,True,False,False,False,False
5,68.84571159,3,1,3,2,181.2496223,1,38.21406556,False,False,True,False,False,False,False,False,True,True,False,False,False,False
5,68.95816037,1,5,4,1,197.8710785,1,30.15728853,False,False,False,True,False,False,False,False,False,False,False,False,False,True
10,53.88606069,0,1,2,0,168.6965299,0,19.89952835,False,False,False,False,False,False,False,False,True,False,True,False,True,False
7,31.48217102,1,1,5,2,110.2029416,1,21.40369833,False,False,False,False,True,False,False,False,False,True,False,False,False,False
8,17.82285819,8,2,3,2,170.7057865,0,26.94429588,False,False,False,False,False,False,True,False,True,True,False,False,False,False
7,52.49600943,3,11,4,0,105.3058795,0,46.76602714,False,False,False,False,True,False,False,False,True,False,True,True,False,False
12,24.72804263,11,2,5,1,131.8177613,1,31.65164126,True,False,False,False,False,False,False,False,False,True,False,False,False,False
7,43.96711276,4,11,7,1,138.3078592,0,53.95173858,False,False,False,False,True,False,False,False,True,False,True,True,False,False
7,41.57329431,1,9,1,0,210.0152345,0,18.36499245,False,False,False,False,False,True,False,False,False,False,True,False,True,False
9,55.24435941,0,4,1,0,238.9412834,0,22.90484584,False,False,False,False,False,False,False,True,False,False,True,False,True,False
8,35.30662003,5,1,4,1,179.9401803,1,22.96601132,False,False,False,False,False,False,True,False,False,True,False,False,False,False
4,92.79186384,1,5,4,1,182.7357873,0,30.10313805,False,False,True,False,False,False,False,False,False,False,False,False,False,True
8,56.93172294,6,2,3,1,144.6139184,0,29.75400655,False,False,False,False,False,True,False,False,True,True,False,False,False,False
9,53.76917592,1,13,4,1,151.8237248,0,34.28213496,False,False,False,False,False,False,False,True,True,False,True,True,False,False
6,81.02214232,1,2,3,0,166.1490218,1,31.06909807,False,False,False,True,False,False,False,False,True,False,True,False,False,True
9,51.58852821,2,1,5,1,148.5888922,0,21.64738502,False,False,False,False,False,False,True,False,False,True,False,False,False,False
10,47.33573396,3,6,4,0,106.5904748,0,39.27145877,False,False,False,False,False,False,False,True,False,False,True,True,False,False
10,84.15849787,2,4,1,0,224.5919406,0,16.22380233,False,False,False,False,False,False,False,False,False,False,True,False,True,False
5,26.48480712,3,7,7,0,112.6677431,0,36.57366643,False,False,False,True,False,False,False,False,True,False,True,True,False,False
9,56.30079432,9,1,5,2,173.2267929,1,26.00617918,False,False,False,False,False,False,False,True,True,True,False,False,False,False
5,88.40816394,2,2,3,1,164.7667372,1,25.73410348,False,False,False,True,False,False,False,False,False,False,False,False,False,True
10,33.63437458,9,4,5,2,144.3431638,0,23.97750357,False,False,False,False,False,False,False,True,False,True,False,False,False,False
8,79.182303,1,3,4,0,146.2965591,0,29.10655301,False,False,False,False,False,False,True,False,True,False,False,False,False,True
5,53.602393,8,1,3,1,101.3204867,0,23.02296588,False,False,False,True,False,False,False,False,False,True,False,False,False,False
10,99.0636936,0,4,3,1,137.1547299,0,30.3847849,False,False,False,False,False,False,False,True,True,False,False,False,False,True
9,65.94628913,7,1,4,2,206.8582161,0,24.07718692,False,False,False,False,False,False,True,False,False,True,False,False,False,False
8,45.44113653,8,2,3,2,175.2289561,1,20.9186292,False,False,False,False,False,True,False,False,True,True,False,False,False,False
6,53.28309775,8,6,3,1,124.3801346,1,29.06191938,False,False,False,True,False,False,False,False,True,True,False,False,False,False
6,33.28153267,0,8,4,0,129.0200283,0,41.81597414,False,False,False,True,False,False,False,False,False,False,True,True,False,False
6,82.985081,1,1,4,0,181.9186957,0,40.49642207,False,False,False,True,False,False,False,False,False,False,False,False,False,True
10,19.04634559,4,4,5,2,178.8034025,1,25.34809605,False,False,False,False,False,False,False,True,True,True,False,False,False,False
9,52.36421612,1,4,1,0,181.7700449,0,16.67530291,False,False,False,False,False,False,True,False,True,False,True,False,True,False
12,47.52777254,3,8,5,0,149.1260702,0,37.67194595,True,False,False,False,False,False,False,False,True,False,False,True,False,False
9,73.25198436,0,3,4,1,178.509303,0,25.97129964,False,False,False,False,False,False,False,True,False,False,True,False,False,True
7,84.80936602,0,3,4,0,174.1457662,0,29.7538024,False,False,False,False,False,True,False,False,False,False,True,False,False,True
5,94.05351616,0,1,4,0,139.6094082,0,23.14881161,False,False,True,False,False,False,False,False,False,False,False,False,False,True
10,85.60280746,2,3,2,1,150.8444402,0,24.10774065,False,False,False,False,False,False,False,False,False,False,False,False,False,True
6,77.85014826,0,1,3,0,141.9896233,0,32.25962846,False,False,False,True,False,False,False,False,False,False,False,False,False,True
7,83.85356455,1,4,2,0,166.578161,0,25.67080773,False,False,False,False,False,True,False,False,False,False,False,False,False,True
12,28.06487363,4,5,4,1,163.3222522,0,19.66128856,False,True,False,False,False,False,False,False,False,True,False,False,False,False
11,29.74592266,5,1,5,1,179.0972073,0,25.33417987,True,False,False,False,False,False,False,False,True,True,False,False,False,False
10,30.79003837,5,1,4,2,182.8819911,0,24.18301409,False,False,False,False,False,False,False,False,False,True,False,False,False,False
12,53.25410213,4,12,4,0,173.9641338,0,40.6308819,False,True,False,False,False,False,False,False,False,False,False,True,False,False
9,88.83443789,0,4,2,1,165.8867897,0,25.77530856,False,False,False,False,False,False,False,True,False,False,False,False,False,True
9,44.3120531,9,1,3,2,136.2465445,0,20.19938601,False,False,False,False,False,False,False,True,True,True,False,False,False,False
7,37.22698658,8,2,4,1,114.7782382,0,28.3419478,False,False,False,False,True,False,False,False,False,True,False,False,False,False
12,83.51596642,0,10,6,0,119.904471,0,34.28499952,True,False,False,False,False,False,False,False,True,False,False,True,False,False
12,63.65179507,1,6,1,0,232.3943034,0,12.86040838,True,False,False,False,False,False,False,False,True,False,True,False,True,False
6,61.48224658,1,1,1,0,160.2437736,0,20.03886077,False,False,False,False,True,False,False,False,False,False,True,False,True,False
7,47.65574153,0,7,1,0,173.2368234,0,17.87073655,False,False,False,False,True,False,False,False,False,False,True,False,True,False
6,54.92473569,0,3,2,0,155.7599465,0,18.94098958,False,False,False,False,True,False,False,False,True,False,True,False,True,False
9,40.77428363,0,9,5,0,170.715734,0,44.24939165,False,False,False,False,False,False,False,True,True,False,False,True,False,False
8,54.3568012,4,11,7,0,162.7866482,1,40.49254171,False,False,False,False,False,True,False,False,False,False,True,True,False,False
8,104.2467057,0,1,4,1,90.08724727,1,28.29507995,False,False,False,False,False,False,True,False,False,False,False,False,False,True
12,47.23719799,2,10,7,0,146.5346961,1,32.29168193,False,True,False,False,False,False,False,False,False,False,True,True,False,False
7,68.23730274,4,6,5,2,178.806379,0,22.98045175,False,False,False,False,True,False,False,False,False,True,False,False,False,False
10,62.52018417,5,3,4,0,118.2144453,0,44.91656969,False,False,False,False,False,False,False,True,True,False,False,True,False,False
8,57.11248336,0,2,1,0,177.9711379,0,19.84598325,False,False,False,False,False,True,False,False,False,False,True,False,True,False
6,62.31017978,2,11,4,0,74.41995114,0,47.91915899,False,False,False,False,True,False,False,False,True,False,False,True,False,False
12,37.532856,12,1,3,2,146.5295938,1,23.78340207,True,False,False,False,False,False,False,False,True,True,False,False,False,False
8,118.8577953,0,2,4,0,129.0986206,1,33.7193436,False,False,False,False,False,True,False,False,True,False,True,False,False,True
12,50.84920292,0,7,5,1,116.0552083,1,32.87437258,False,True,False,False,False,False,False,False,False,False,False,True,False,False
12,51.2116698,2,1,5,2,130.1527515,0,20.57599295,False,True,False,False,False,False,False,False,False,True,False,False,False,False
11,65.05897608,0,2,2,0,144.110069,0,19.72111978,True,False,False,False,False,False,False,False,False,False,True,False,True,False
10,83.45369923,0,2,2,1,161.1837106,1,33.53755497,False,False,False,False,False,False,False,True,True,False,False,False,False,True
8,60.82715563,2,10,6,0,104.7310632,1,42.9613305,False,False,False,False,False,True,False,False,True,False,True,True,False,False
7,69.78328971,0,3,2,0,143.7924676,0,24.49141393,False,False,False,False,False,True,False,False,False,False,True,False,False,True
12,45.56315171,2,4,5,2,169.8578637,1,21.39692057,False,True,False,False,False,False,False,False,True,True,False,False,False,False
6,46.37223923,2,6,4,0,134.4544195,0,50.3066804,False,False,False,True,False,False,False,False,False,False,False,True,False,False
11,79.49653125,0,8,4,1,168.8401282,1,40.47906068,False,False,False,False,False,False,False,False,False,False,False,True,False,False
7,55.16230009,4,10,4,1,119.5023883,1,40.51637705,False,False,False,False,True,False,False,False,True,False,True,True,False,False
12,75.92333146,1,3,1,0,115.2327348,0,20.1330477,False,True,False,False,False,False,False,False,False,False,True,False,True,False
10,58.82167979,0,2,2,0,217.2187296,0,16.37102762,False,False,False,False,False,False,False,True,True,False,True,False,True,False
11,35.52736195,4,2,3,2,107.4455327,0,23.24945602,False,False,False,False,False,False,False,False,False,True,False,False,False,False
9,79.42845074,1,2,3,1,166.5849011,1,35.76238286,False,False,False,False,False,False,True,False,False,False,False,False,False,True
10,56.1388311,0,5,2,0,197.2529201,0,20.08523682,False,False,False,False,False,False,False,True,True,False,True,False,True,False
4,72.09446587,2,8,7,1,148.4753535,1,39.3703971,False,False,True,False,False,False,False,False,False,False,False,True,False,False
6,48.30930122,4,3,3,2,175.0001226,0,26.36484687,False,False,False,False,True,False,False,False,False,True,False,False,False,False
11,31.0908591,5,2,3,1,185.0984469,0,20.73505712,False,False,False,False,False,False,False,False,True,True,False,False,False,False
11,81.26375862,1,6,4,0,174.8680468,1,24.56067598,True,False,False,False,False,False,False,False,True,False,True,False,False,True
8,77.30055248,1,9,5,1,134.841899,0,42.97043538,False,False,False,False,False,False,True,False,False,False,False,True,False,False
10,47.22943185,2,9,1,0,156.7772823,0,18.83901955,False,False,False,False,False,False,False,False,False,False,True,False,True,False
5,30.76779262,3,0,3,2,182.3634882,1,23.48702734,False,False,False,True,False,False,False,False,True,True,False,False,False,False
9,90.16403739,2,6,4,1,122.5839405,1,25.46657909,False,False,False,False,False,False,False,True,False,False,True,False,False,True
11,71.6760183,3,15,6,1,92.35033698,1,42.30085445,False,False,False,False,False,False,False,False,False,False,False,True,False,False
8,59.33331511,2,4,1,0,188.7867778,0,16.86608795,False,False,False,False,False,True,False,False,True,False,True,False,True,False
12,80.07154888,1,4,2,0,114.6634093,0,29.077951,True,False,False,False,False,False,False,False,True,False,False,False,False,True
12,88.17560205,3,0,2,0,128.7501183,1,25.4472864,True,False,False,False,False,False,False,False,False,False,True,False,False,True
10,105.7873823,2,1,2,1,116.4177775,1,25.56572543,False,False,False,False,False,False,False,True,False,False,False,False,False,True
6,55.85173885,1,7,5,1,107.0099643,1,39.96202661,False,False,False,False,True,False,False,False,True,False,True,True,False,False
10,46.01791734,2,14,4,0,121.9547338,1,43.28905386,False,False,False,False,False,False,False,False,True,False,False,True,False,False
7,44.54965639,3,3,5,2,184.1204699,1,28.05064075,False,False,False,False,False,True,False,False,True,True,False,False,False,False
10,39.86323111,3,13,5,0,135.0627107,0,42.30390218,False,False,False,False,False,False,False,True,False,False,False,True,False,False
9,101.4247926,0,2,2,0,139.0661489,1,20.0442754,False,False,False,False,False,False,False,True,False,False,False,False,False,True
6,83.29642914,1,1,3,1,156.0295408,0,17.90479475,False,False,False,True,False,False,False,False,False,False,False,False,False,True
12,71.59218557,1,2,2,0,158.2918868,0,18.95953893,False,True,False,False,False,False,False,False,True,False,True,False,True,False
4,56.78320526,0,8,4,0,140.7721003,1,38.11363207,False,False,True,False,False,False,False,False,True,False,True,True,False,False
6,36.91631329,0,5,2,0,238.4855051,0,17.76666306,False,False,False,True,False,False,False,False,False,False,True,False,True,False
9,86.29223829,2,3,3,0,152.2387631,0,36.52594482,False,False,False,False,False,False,True,False,True,False,False,False,False,True
12,78.04702662,1,6,2,0,145.6528294,0,29.59931792,True,False,False,False,False,False,False,False,True,False,False,False,False,True
12,40.67473006,0,9,5,0,114.2342813,1,40.90598502,True,False,False,False,False,False,False,False,False,False,False,True,False,False
12,55.80127625,1,3,1,0,218.0901231,0,15.36209985,False,True,False,False,False,False,False,False,False,False,True,False,True,False
5,75.17348407,1,1,3,0,167.1888148,1,24.15812772,False,False,True,False,False,False,False,False,False,False,True,False,False,True
12,85.14385155,3,4,3,1,144.3230716,0,31.31901839,True,False,False,False,False,False,False,False,False,False,False,False,False,True
9,72.35793602,0,5,2,0,159.8022911,0,21.48532831,False,False,False,False,False,False,True,False,False,False,True,False,True,False
5,43.18182711,1,7,2,0,154.4051138,0,13.10974936,False,False,False,True,False,False,False,False,True,False,True,False,True,False
7,53.65266953,2,6,4,0,130.4644009,1,34.26712154,False,False,False,False,False,True,False,False,False,False,False,True,False,False
12,17.57079907,1,14,4,0,116.4096225,1,39.11067392,False,True,False,False,False,False,False,False,True,False,True,True,False,False
9,53.68393152,0,2,1,0,191.280277,0,19.74149181,False,False,False,False,False,False,False,True,False,False,True,False,True,False
8,46.5605313,2,8,4,0,154.946943,1,32.09579258,False,False,False,False,False,False,True,False,True,False,False,True,False,False
12,86.81133997,1,2,2,1,169.9565034,0,15.47823823,False,True,False,False,False,False,False,False,False,False,False,False,False,True
4,53.31351185,6,1,4,2,181.5242603,1,20.06567727,False,False,True,False,False,False,False,False,True,True,False,False,False,False
6,29.42091408,5,0,5,2,139.2499443,0,23.1511951,False,False,False,True,False,False,False,False,False,True,False,False,False,False
11,42.12274021,4,11,4,0,107.4538858,0,46.27769181,False,False,False,False,False,False,False,False,False,False,True,True,False,False
11,72.13439927,0,5,1,0,201.1702922,0,19.75494503,False,False,False,False,False,False,False,False,False,False,True,False,True,False
10,84.9711382,1,3,2,1,146.2156755,0,28.26229497,False,False,False,False,False,False,False,True,True,False,True,False,False,True
9,54.15074463,2,11,4,0,145.3721222,1,37.39453805,False,False,False,False,False,False,True,False,True,False,True,True,False,False
5,53.98131925,1,7,2,0,216.9288939,0,19.87212897,False,False,True,False,False,False,False,False,False,False,True,False,True,False
10,82.6046538,1,1,3,1,117.2833036,0,33.8847761,False,False,False,False,False,False,False,False,True,False,False,False,False,True
11,49.46242874,3,3,4,2,132.2678973,1,26.09467609,True,False,False,False,False,False,False,False,True,True,False,False,False,False
12,78.55387734,2,2,2,0,152.7893123,0,18.00983421,False,True,False,False,False,False,False,False,False,False,True,False,True,False
10,43.5745814,6,2,3,2,174.7410055,1,16.37698765,False,False,False,False,False,False,False,True,False,True,False,False,False,False
9,33.68739498,2,2,5,2,149.7346004,0,22.83568238,False,False,False,False,False,False,False,True,True,True,False,False,False,False
4,46.52318678,4,1,4,1,185.9731614,1,27.86689789,False,False,True,False,False,False,False,False,False,True,False,False,False,False
8,85.04104629,1,1,2,0,147.1712919,0,31.07474718,False,False,False,False,False,True,False,False,False,False,False,False,False,True
10,24.48865099,10,3,3,1,139.7940582,1,27.3049652,False,False,False,False,False,False,False,False,False,True,False,False,False,False
8,44.22123458,4,9,6,1,127.8844296,1,36.90377437,False,False,False,False,False,True,False,False,True,False,False,True,False,False
9,63.17448611,1,2,2,0,184.1788125,0,20.62333495,False,False,False,False,False,False,False,True,True,False,True,False,True,False
8,62.50536988,2,3,2,0,155.3360194,0,23.85917023,False,False,False,False,False,False,True,False,True,False,True,False,True,False
5,35.88907344,3,3,3,2,188.5762453,0,19.69992441,False,False,True,False,False,False,False,False,True,True,False,False,False,False
9,93.79604149,1,7,6,1,139.166964,0,34.5958852,False,False,False,False,False,False,False,True,False,False,True,True,False,False
8,69.44190312,0,1,2,0,160.0927841,0,31.29820534,False,False,False,False,False,False,True,False,False,False,False,False,False,True
7,55.44020079,1,3,2,0,180.4406998,0,23.15704756,False,False,False,False,False,True,False,False,True,False,True,False,True,False
12,35.81294121,1,3,6,0,132.4552943,0,36.40182113,True,False,False,False,False,False,False,False,False,False,False,True,False,False
9,49.56393052,3,9,4,0,89.95237445,1,48.1211175,False,False,False,False,False,False,False,True,False,False,False,True,False,False
10,52.72493922,0,6,1,0,186.8144531,0,18.15144918,False,False,False,False,False,False,False,False,True,False,True,False,True,False
5,44.22030459,7,1,4,1,172.0373572,0,20.41064619,False,False,False,True,False,False,False,False,True,True,False,False,False,False
6,44.31059219,2,11,6,1,95.05850314,0,38.19203863,False,False,False,True,False,False,False,False,True,False,True,True,False,False
12,30.11946879,7,2,4,1,157.9675027,0,27.42033314,False,True,False,False,False,False,False,False,False,True,False,False,False,False
9,49.71836793,4,2,3,2,140.8928788,0,25.92737489,False,False,False,False,False,False,False,True,False,True,False,False,False,False
6,38.00150463,1,6,4,1,170.9802733,0,39.37660173,False,False,False,False,True,False,False,False,False,False,True,True,False,False
9,62.81396758,1,3,2,0,156.4563139,0,15.03583848,False,False,False,False,False,False,True,False,False,False,True,False,True,False
9,89.72747223,1,3,4,1,134.3930225,1,36.59654207,False,False,False,False,False,False,False,True,True,False,False,False,False,True
11,61.08069235,1,5,1,0,181.3318477,0,23.25698596,False,False,False,False,False,False,False,False,False,False,True,False,True,False
8,35.91164497,7,3,4,1,110.4590644,0,24.6415537,False,False,False,False,False,False,True,False,True,True,False,False,False,False
11,36.02040852,5,1,3,1,142.5856637,1,28.15649372,True,False,False,False,False,False,False,False,False,True,False,False,False,False
6,49.95657955,1,11,7,0,134.6003325,1,47.17180494,False,False,False,True,False,False,False,False,True,False,True,True,False,False
5,100.4676476,3,1,4,1,155.0404566,1,26.06502822,False,False,False,True,False,False,False,False,True,False,False,False,False,True
4,28.63597338,4,1,5,1,185.5242448,0,19.69307739,False,False,True,False,False,False,False,False,False,True,False,False,False,False
12,82.8928374,0,7,3,1,166.4846191,1,25.39644126,True,False,False,False,False,False,False,False,True,False,True,False,False,True
12,87.50707746,0,3,2,1,157.3820343,1,25.17052659,False,True,False,False,False,False,False,False,False,False,False,False,False,True
5,50.89129856,4,1,3,2,157.1492092,0,18.4079444,False,False,True,False,False,False,False,False,False,True,False,False,False,False
5,81.12596232,0,1,3,0,187.9230192,1,30.72428605,False,False,False,True,False,False,False,False,True,False,False,False,False,True
9,55.9169206,5,9,4,1,112.8940468,0,47.23793744,False,False,False,False,False,False,False,True,False,False,True,True,False,False
7,57.81008683,0,1,2,0,160.6912872,0,21.40537981,False,False,False,False,False,True,False,False,True,False,True,False,True,False
6,32.72306058,4,0,5,2,175.2935501,0,25.64879557,False,False,False,False,True,False,False,False,False,True,False,False,False,False
11,78.33625148,1,4,2,1,156.8992973,1,26.74310937,True,False,False,False,False,False,False,False,False,False,False,False,False,True
4,86.47225011,1,7,4,1,143.6992183,1,34.39550003,False,False,True,False,False,False,False,False,True,False,False,False,False,True
5,74.84923451,3,3,3,0,152.0822926,0,26.53752751,False,False,False,True,False,False,False,False,False,False,True,False,False,True
12,49.8863578,3,13,4,0,138.9236841,1,33.13184945,False,True,False,False,False,False,False,False,True,False,True,True,False,False
4,77.41912244,0,3,1,0,136.1564492,0,25.1785316,False,False,True,False,False,False,False,False,False,False,True,False,True,False
7,73.79818515,1,2,3,1,150.595242,0,16.92879056,False,False,False,False,True,False,False,False,False,False,False,False,False,True
11,74.42037019,3,2,3,0,160.5167417,1,24.37355175,False,False,False,False,False,False,False,False,True,False,False,False,False,True
10,76.01307429,0,3,3,0,159.5742958,1,34.30063121,False,False,False,False,False,False,False,True,False,False,False,False,False,True
11,89.2549735,0,6,6,1,93.98518199,0,41.74703101,True,False,False,False,False,False,False,False,False,False,True,True,False,False
4,49.13123306,1,0,5,2,141.7730149,0,22.58752912,False,False,True,False,False,False,False,False,False,True,False,False,False,False
11,57.16196533,1,15,4,0,102.0265219,1,44.90594048,False,False,False,False,False,False,False,False,True,False,True,True,False,False
6,49.39702924,1,5,2,0,143.0743917,0,23.88128172,False,False,False,True,False,False,False,False,False,False,True,False,True,False
8,40.93821063,7,2,4,2,145.3623238,0,25.48587907,False,False,False,False,False,False,True,False,False,True,False,False,False,False
5,33.63700089,3,2,5,2,151.9591747,0,24.53939947,False,False,True,False,False,False,False,False,True,True,False,False,False,False
6,24.31921591,4,2,5,2,96.17160354,1,28.29078626,False,False,False,False,True,False,False,False,False,True,False,False,False,False
8,57.77215866,2,11,6,1,164.0771035,1,35.10416601,False,False,False,False,False,True,False,False,False,False,True,True,False,False
12,57.52205633,9,3,3,2,157.6091251,1,22.99512307,False,True,False,False,False,False,False,False,False,True,False,False,False,False
10,86.31228119,0,1,4,1,131.026403,0,34.0603724,False,False,False,False,False,False,False,False,False,False,False,False,False,True
5,56.35670054,4,15,7,0,93.36425961,0,33.89751891,False,False,True,False,False,False,False,False,False,False,True,True,False,False
12,66.89644805,2,13,7,0,144.131542,0,39.97902765,False,True,False,False,False,False,False,False,True,False,True,True,False,False
4,99.03177769,1,6,4,0,171.8208407,1,34.9955026,False,False,True,False,False,False,False,False,True,False,False,False,False,True
10,74.42501765,2,2,3,1,149.399632,0,32.05780414,False,False,False,False,False,False,False,False,True,False,True,False,False,True
12,65.80069125,2,6,2,0,178.8112464,0,17.13685525,False,True,False,False,False,False,False,False,True,False,True,False,True,False
12,92.69303627,2,2,2,0,162.515511,1,23.88208649,False,True,False,False,False,False,False,False,True,False,True,False,False,True
5,40.1071482,1,4,6,0,83.87034148,0,45.451059,False,False,False,True,False,False,False,False,False,False,False,True,False,False
5,53.3193567,3,9,7,0,129.4888975,0,36.1401412,False,False,False,True,False,False,False,False,False,False,True,True,False,False
6,37.3800883,9,2,4,2,122.7027578,1,30.2064585,False,False,False,False,True,False,False,False,False,True,False,False,False,False
11,98.88296525,1,1,3,1,131.0073376,0,31.86543652,False,False,False,False,False,False,False,False,False,False,True,False,False,True
8,54.64689485,0,4,2,0,172.9496295,0,15.93485998,False,False,False,False,False,True,False,False,True,False,True,False,True,False
8,42.11010865,3,11,4,1,121.418041,0,48.88366733,False,False,False,False,False,False,True,False,True,False,True,True,False,False
5,40.09038819,3,2,3,1,177.6280571,1,23.43907723,False,False,True,False,False,False,False,False,True,True,False,False,False,False
6,50.99700627,1,9,7,0,108.8099894,1,40.31938395,False,False,False,False,True,False,False,False,False,False,True,True,False,False
7,34.86283265,3,2,3,2,206.3851677,0,24.92956777,False,False,False,False,False,True,False,False,False,True,False,False,False,False
10,50.77064129,1,8,5,0,100.7667538,1,41.2341335,False,False,False,False,False,False,False,False,True,False,True,True,False,False
11,53.68034303,4,2,4,1,136.8898146,1,25.6824687,False,False,False,False,False,False,False,False,True,True,False,False,False,False
12,58.32406322,0,5,1,0,184.7221115,0,20.708787,False,True,False,False,False,False,False,False,True,False,True,False,True,False
12,46.0816816,1,5,2,0,149.822345,0,10.26130164,False,True,False,False,False,False,False,False,False,False,True,False,True,False
6,54.47119783,2,2,2,0,152.2186443,0,23.59173535,False,False,False,False,True,False,False,False,False,False,True,False,True,False
12,82.53394078,1,7,3,0,174.2181614,0,29.45743844,False,True,False,False,False,False,False,False,False,False,False,False,False,True
9,54.62751098,0,14,7,0,154.1718639,1,33.34552793,False,False,False,False,False,False,True,False,True,False,False,True,False,False
6,42.24762244,0,6,7,0,130.9631654,1,41.99427908,False,False,False,False,True,False,False,False,True,False,False,True,False,False
7,74.54788834,1,5,3,0,154.1489896,0,33.81767128,False,False,False,False,False,True,False,False,True,False,False,False,False,True
7,52.70316051,1,0,1,0,210.8280514,0,25.0961194,False,False,False,False,True,False,False,False,False,False,True,False,True,False
4,90.95826076,2,5,3,0,164.9007249,0,26.57385599,False,False,True,False,False,False,False,False,True,False,False,False,False,True
12,67.40838219,2,2,2,0,166.1880973,0,28.81532282,False,True,False,False,False,False,False,False,True,False,False,False,False,True
4,42.17667844,2,9,6,0,171.5637389,0,25.41494253,False,False,True,False,False,False,False,False,False,False,False,True,False,False
4,50.76133219,2,2,5,1,208.9313441,0,26.99274818,False,False,True,False,False,False,False,False,True,True,False,False,False,False
11,87.31618533,1,10,7,0,129.0646773,1,47.82498181,False,False,False,False,False,False,False,False,True,False,True,True,False,False
8,44.93591323,3,8,5,0,155.6071107,1,38.71751518,False,False,False,False,False,False,True,False,True,False,False,True,False,False
6,42.9758874,1,16,4,0,123.151492,1,31.22356261,False,False,False,False,True,False,False,False,True,False,True,True,False,False
8,35.96254572,3,8,6,1,160.6613381,0,38.57751989,False,False,False,False,False,False,True,False,True,False,False,True,False,False
5,36.63792657,9,3,3,1,147.7430822,0,21.97443645,False,False,True,False,False,False,False,False,True,True,False,False,False,False
12,27.71951868,0,9,5,1,134.2544948,0,46.3015529,True,False,False,False,False,False,False,False,True,False,False,True,False,False
9,67.51929846,1,7,5,0,120.5552118,0,42.60107324,False,False,False,False,False,False,False,True,False,False,False,True,False,False
12,44.06798647,2,13,4,0,223.6344807,0,43.4963274,True,False,False,False,False,False,False,False,False,False,True,True,False,False
10,93.78716827,3,4,3,1,126.9409881,1,34.77244172,False,False,False,False,False,False,False,True,False,False,False,False,False,True
10,23.82561946,4,0,4,1,188.5148332,1,26.55404903,False,False,False,False,False,False,False,False,False,True,False,False,False,False
6,95.3948375,1,5,2,1,163.1995222,1,39.50130783,False,False,False,True,False,False,False,False,False,False,False,False,False,True
9,70.96661469,1,2,1,0,164.5431087,0,24.54887095,False,False,False,False,False,False,False,True,False,False,True,False,True,False
10,68.55475981,2,2,2,0,141.1689695,0,16.31886817,False,False,False,False,False,False,False,False,False,False,True,False,True,False
6,78.82057171,5,9,7,1,155.517715,1,32.61206763,False,False,False,False,True,False,False,False,True,False,False,True,False,False
11,65.52365392,1,4,1,0,200.1048021,0,17.65459149,True,False,False,False,False,False,False,False,False,False,True,False,True,False
12,66.08985576,0,1,3,1,144.0025489,1,28.12880801,True,False,False,False,False,False,False,False,True,False,False,False,False,True
6,56.51336421,1,10,5,0,89.65039084,0,49.13855293,False,False,False,True,False,False,False,False,True,False,False,True,False,False
9,50.43875107,1,2,2,0,196.2617105,0,19.31044153,False,False,False,False,False,False,True,False,True,False,True,False,True,False
11,40.29696584,8,0,5,1,217.8603641,0,28.35602256,True,False,False,False,False,False,False,False,True,True,False,False,False,False
12,85.51888358,0,6,2,0,180.6889625,0,29.44745684,True,False,False,False,False,False,False,False,True,False,True,False,False,True
8,37.90204146,9,0,4,1,192.0998324,0,22.42017781,False,False,False,False,False,False,True,False,False,True,False,False,False,False
8,56.29323519,0,5,1,0,158.6788145,0,19.17176458,False,False,False,False,False,True,False,False,True,False,True,False,True,False
9,83.00859655,2,5,4,0,140.2860659,1,31.41302584,False,False,False,False,False,False,True,False,False,False,False,False,False,True
12,31.29971586,1,7,7,0,145.159307,1,34.83319454,True,False,False,False,False,False,False,False,False,False,True,True,False,False
11,66.38148339,1,5,2,0,149.9910581,0,19.56216151,False,False,False,False,False,False,False,False,True,False,True,False,True,False
12,73.14072435,1,9,7,1,141.9584394,1,43.26974772,False,True,False,False,False,False,False,False,False,False,False,True,False,False
12,49.31719993,1,2,1,0,192.1553642,0,20.45500731,True,False,False,False,False,False,False,False,False,False,True,False,True,False
6,86.64432632,1,6,2,1,145.037299,0,34.25882901,False,False,False,False,True,False,False,False,True,False,False,False,False,True
9,77.05526219,0,2,4,0,153.4531153,0,28.59456309,False,False,False,False,False,False,True,False,False,False,True,False,False,True
8,42.90888942,5,1,3,1,128.1807956,0,19.46216818,False,False,False,False,False,False,True,False,True,True,False,False,False,False
10,60.91693236,3,6,4,0,119.9698622,0,36.90056252,False,False,False,False,False,False,False,True,False,False,False,True,False,False
6,63.01123083,1,6,7,0,151.5361031,1,30.27521006,False,False,False,True,False,False,False,False,False,False,True,True,False,False
4,59.52614245,0,6,2,0,154.8213469,0,18.71357417,False,False,True,False,False,False,False,False,False,False,True,False,True,False
11,63.37378809,0,3,2,0,180.1029561,0,18.86304295,True,False,False,False,False,False,False,False,False,False,True,False,True,False
12,49.12635205,4,0,5,1,145.1556544,0,27.28832664,False,True,False,False,False,False,False,False,False,True,False,False,False,False
10,39.00721356,1,12,6,1,115.9835143,0,34.17939006,False,False,False,False,False,False,False,True,True,False,False,True,False,False
11,46.23277459,1,5,2,0,131.7929696,0,20.1019961,True,False,False,False,False,False,False,False,False,False,True,False,True,False
11,59.17741338,5,13,6,0,92.01600513,1,41.70521438,False,False,False,False,False,False,False,False,False,False,True,True,False,False
12,48.41936341,5,4,3,2,199.6627477,0,25.4600208,False,True,False,False,False,False,False,False,False,True,False,False,False,False
5,57.43319869,0,4,2,0,119.3985923,0,19.41614946,False,False,False,True,False,False,False,False,False,False,True,False,True,False
6,86.24241229,2,3,3,1,161.870297,1,26.94556104,False,False,False,False,True,False,False,False,False,False,True,False,False,True
11,38.83528002,7,3,3,1,161.1949479,0,25.89226261,False,False,False,False,False,False,False,False,True,True,False,False,False,False
11,56.58330241,3,10,5,0,129.0361123,0,40.85078513,False,False,False,False,False,False,False,False,False,False,False,True,False,False
7,38.85809036,2,12,6,1,140.7161787,0,44.43727555,False,False,False,False,True,False,False,False,False,False,False,True,False,False
5,38.71712696,8,2,5,2,151.2939727,1,18.32896988,False,False,True,False,False,False,False,False,False,True,False,False,False,False
12,53.12351462,2,5,2,0,164.7358929,0,14.47945906,True,False,False,False,False,False,False,False,False,False,True,False,True,False
12,60.07959833,3,9,4,1,172.9298461,1,35.29007948,False,True,False,False,False,False,False,False,False,False,False,True,False,False
10,72.97206165,2,6,3,0,105.5696466,1,34.75100353,False,False,False,False,False,False,False,False,True,False,False,False,False,True
12,31.48664409,5,1,3,1,149.4007826,0,16.27074918,True,False,False,False,False,False,False,False,False,True,False,False,False,False
9,81.26303559,0,3,2,1,170.2517135,0,37.13646437,False,False,False,False,False,False,False,True,True,False,False,False,False,True
6,81.68153913,4,3,4,0,158.6400428,1,17.30405363,False,False,False,True,False,False,False,False,True,False,False,False,False,True
12,53.05376417,5,1,3,2,141.8753979,0,18.98545549,False,True,False,False,False,False,False,False,False,True,False,False,False,False
9,94.94629833,0,2,2,1,173.5489125,0,32.85058211,False,False,False,False,False,False,False,True,True,False,False,False,False,True
6,47.01177621,0,3,2,0,165.418135,0,20.20096325,False,False,False,False,True,False,False,False,False,False,True,False,True,False
5,71.92734906,1,6,2,0,175.8727346,0,16.76434564,False,False,True,False,False,False,False,False,False,False,True,False,True,False
9,90.79213441,1,4,3,0,123.4605144,1,22.18207635,False,False,False,False,False,False,True,False,True,False,True,False,False,True
12,75.16055478,1,3,2,1,134.6487927,0,41.25442292,False,True,False,False,False,False,False,False,True,False,False,False,False,True
12,50.57897382,1,10,4,0,137.8607941,1,36.57293052,True,False,False,False,False,False,False,False,False,False,False,True,False,False
8,93.67389085,1,5,2,1,147.1189428,1,29.36003451,False,False,False,False,False,False,True,False,False,False,False,False,False,True
10,63.22852281,4,3,4,1,157.1524195,1,31.18278109,False,False,False,False,False,False,False,False,True,False,False,False,False,True
6,44.10693097,1,2,4,1,107.2978109,0,37.2963507,False,False,False,True,False,False,False,False,False,False,True,True,False,False
6,82.71617905,2,8,7,0,141.2881522,0,37.8816325,False,False,False,True,False,False,False,False,False,False,True,True,False,False
5,51.2468659,1,10,6,1,136.8800621,0,41.04911452,False,False,True,False,False,False,False,False,False,False,True,True,False,False
12,77.04638345,0,6,1,0,181.1017836,0,19.45794693,True,False,False,False,False,False,False,False,True,False,True,False,True,False
8,75.66542626,1,3,3,0,130.706229,1,34.03873761,False,False,False,False,False,False,True,False,True,False,False,False,False,True
6,81.12243558,0,2,4,0,127.2416035,1,25.69616742,False,False,False,False,True,False,False,False,False,False,True,False,False,True
8,36.54639522,5,1,3,2,145.8387849,0,27.44519587,False,False,False,False,False,False,True,False,True,True,False,False,False,False
12,47.71511968,8,2,5,1,146.2798357,1,21.72518775,False,True,False,False,False,False,False,False,False,True,False,False,False,False
5,60.86195325,2,3,4,0,141.6996001,0,39.78001315,False,False,False,True,False,False,False,False,False,False,False,True,False,False
11,72.31348946,2,6,2,0,200.0419872,0,28.15495041,False,False,False,False,False,False,False,False,True,False,True,False,True,False
10,71.37809131,1,6,1,0,192.9996194,0,21.00573243,False,False,False,False,False,False,False,True,False,False,True,False,True,False
12,79.37826068,0,3,3,1,136.7550102,0,27.00263778,False,True,False,False,False,False,False,False,False,False,False,False,False,True
6,35.13053404,6,1,3,1,102.3062872,1,25.24848402,False,False,False,True,False,False,False,False,False,True,False,False,False,False
7,66.84839855,1,3,2,0,171.6399617,0,19.31145744,False,False,False,False,True,False,False,False,True,False,True,False,True,False
9,63.75949518,2,4,2,0,158.0394607,0,20.34854688,False,False,False,False,False,False,False,True,False,False,True,False,True,False
10,53.72645283,4,9,7,1,103.9267261,1,38.00711609,False,False,False,False,False,False,False,False,False,False,True,True,False,False
5,45.74016011,2,2,5,2,105.1232411,0,18.17649467,False,False,True,False,False,False,False,False,True,True,False,False,False,False
6,37.18066227,5,2,3,2,156.4292454,0,23.11912353,False,False,False,False,True,False,False,False,True,True,False,False,False,False
8,88.04088562,3,4,4,0,132.2672237,0,33.48068839,False,False,False,False,False,True,False,False,True,False,False,False,False,True
6,50.5025691,2,9,6,1,96.84000904,1,53.99270621,False,False,False,False,True,False,False,False,True,False,False,True,False,False
8,79.20361549,3,7,5,1,125.995215,0,44.82567141,False,False,False,False,False,True,False,False,False,False,True,True,False,False
6,45.85595412,3,18,4,1,174.0856991,0,40.29777169,False,False,False,False,True,False,False,False,True,False,True,True,False,False
12,74.14431565,0,3,1,0,196.7105427,0,15.38004809,False,True,False,False,False,False,False,False,False,False,True,False,True,False
6,69.53179812,1,4,1,0,128.7200485,0,15.28148062,False,False,False,False,True,False,False,False,False,False,True,False,True,False
5,100.0821826,3,5,4,0,161.0799086,0,33.98879493,False,False,True,False,False,False,False,False,False,False,False,False,False,True
10,91.33094524,1,1,4,1,126.6159795,0,28.61417941,False,False,False,False,False,False,False,True,False,False,False,False,False,True
8,34.3908398,0,7,5,0,103.8464,1,38.06754355,False,False,False,False,False,False,True,False,True,False,True,True,False,False
11,45.51318418,4,5,4,1,126.126162,1,31.18996924,True,False,False,False,False,False,False,False,True,True,False,False,False,False
7,84.15151527,1,3,4,0,151.4769939,1,26.37881169,False,False,False,False,False,True,False,False,False,False,False,False,False,True
9,93.21488859,1,0,4,1,148.34964,0,27.6842486,False,False,False,False,False,False,True,False,False,False,False,False,False,True
10,94.80661248,0,3,4,1,140.1545603,0,28.87621115,False,False,False,False,False,False,False,True,True,False,False,False,False,True
12,47.60331125,4,2,6,1,144.6355245,1,50.51433844,False,True,False,False,False,False,False,False,False,False,False,True,False,False
10,65.73566066,0,6,3,0,161.8407425,1,29.50432436,False,False,False,False,False,False,False,True,True,False,False,False,False,True
11,69.25569958,0,7,2,0,112.5559722,0,22.80451665,False,False,False,False,False,False,False,False,True,False,True,False,True,False
7,31.39240765,6,1,4,1,127.2366014,0,28.91045438,False,False,False,False,True,False,False,False,False,True,False,False,False,False
10,83.51690013,2,1,3,0,156.3611663,0,24.06898326,False,False,False,False,False,False,False,True,True,False,False,False,False,True
12,34.06160941,8,1,5,2,217.0346793,1,24.11547467,True,False,False,False,False,False,False,False,False,True,False,False,False,False
5,92.99757112,0,2,3,1,179.2631916,1,40.9314121,False,False,False,True,False,False,False,False,True,False,False,False,False,True
4,67.92389209,1,4,2,0,152.0167391,0,20.18940993,False,False,True,False,False,False,False,False,True,False,True,False,True,False
5,52.5554501,2,12,7,0,169.8283485,1,41.36120992,False,False,True,False,False,False,False,False,True,False,True,True,False,False
12,41.2862807,6,1,3,2,158.7498179,0,30.65810376,False,True,False,False,False,False,False,False,True,True,False,False,False,False
12,71.18284982,0,3,2,1,128.2620118,0,31.07406388,True,False,False,False,False,False,False,False,False,False,False,False,False,True
12,71.45677752,1,11,7,0,146.7031493,0,25.70992813,True,False,False,False,False,False,False,False,False,False,False,True,False,False
7,38.62368129,10,0,4,1,180.464207,1,23.37894889,False,False,False,False,False,True,False,False,True,True,False,False,False,False
11,62.07652199,1,9,1,0,191.7430303,0,14.73473078,True,False,False,False,False,False,False,False,False,False,True,False,True,False
12,78.39841239,0,1,2,1,169.2605877,1,28.78225081,False,True,False,False,False,False,False,False,True,False,False,False,False,True
12,78.31377137,2,4,2,0,122.0939906,1,31.19694684,True,False,False,False,False,False,False,False,False,False,True,False,False,True
9,73.30187237,2,8,6,0,80.42518332,0,34.58817669,False,False,False,False,False,False,False,True,False,False,True,True,False,False
6,68.88778558,2,2,2,0,226.9798787,0,18.53756121,False,False,False,True,False,False,False,False,True,False,True,False,True,False
6,54.75620128,1,6,2,0,172.2703308,0,10.26008486,False,False,False,True,False,False,False,False,True,False,True,False,True,False
11,67.50001396,2,6,1,0,160.565417,0,23.33114348,False,False,False,False,False,False,False,False,True,False,True,False,True,False
10,61.82999352,1,6,4,0,162.7661848,0,24.54380791,False,False,False,False,False,False,False,True,True,False,False,False,False,True
7,52.9037256,2,9,7,0,171.6673697,1,42.8206172,False,False,False,False,False,True,False,False,False,False,True,True,False,False
11,18.84099769,7,1,4,2,132.248983,0,20.67300609,False,False,False,False,False,False,False,False,True,True,False,False,False,False
4,67.70334664,0,4,3,0,128.1930561,1,24.38374462,False,False,True,False,False,False,False,False,False,False,False,False,False,True
12,62.29143205,2,1,1,0,240.9478463,0,21.81353719,False,True,False,False,False,False,False,False,True,False,True,False,True,False
11,81.96503785,1,5,4,1,146.7561887,1,24.80385442,True,False,False,False,False,False,False,False,True,False,False,False,False,True
6,45.63706146,2,13,7,1,143.28893,1,35.25132233,False,False,False,True,False,False,False,False,False,False,False,True,False,False
11,50.27318413,8,3,4,1,163.5163374,0,21.95743649,False,False,False,False,False,False,False,False,False,True,False,False,False,False
10,17.02926933,4,3,5,2,143.5276002,1,24.13373064,False,False,False,False,False,False,False,False,False,True,False,False,False,False
9,57.07242651,1,4,1,0,218.6829901,0,19.20035469,False,False,False,False,False,False,False,True,False,False,True,False,True,False
5,64.66109095,0,0,4,0,123.9427425,0,30.41559013,False,False,True,False,False,False,False,False,True,False,False,False,False,True
7,38.41754317,0,4,1,0,161.6668475,0,16.09492782,False,False,False,False,False,True,False,False,True,False,True,False,True,False
12,33.62671644,7,0,3,2,132.6496974,1,26.59650723,False,True,False,False,False,False,False,False,True,True,False,False,False,False
7,60.27847859,3,10,5,0,116.6863277,0,36.94786883,False,False,False,False,False,True,False,False,False,False,True,True,False,False
6,37.91570065,2,3,3,1,210.6288242,1,29.0328852,False,False,False,False,True,False,False,False,True,True,False,False,False,False
9,49.80416768,2,11,6,1,110.6622427,0,42.9663036,False,False,False,False,False,False,True,False,False,False,True,True,False,False
7,46.01036217,4,3,4,2,206.3187884,1,27.66843597,False,False,False,False,True,False,False,False,False,True,False,False,False,False
12,48.07959041,8,4,5,1,150.951012,1,16.01829647,False,True,False,False,False,False,False,False,True,True,False,False,False,False
12,30.222362,1,3,7,1,148.5347381,0,44.11079153,False,True,False,False,False,False,False,False,True,False,False,True,False,False
6,69.8535071,0,6,1,0,184.0649227,0,27.03363053,False,False,False,False,True,False,False,False,True,False,True,False,True,False
10,68.58803843,1,8,1,0,138.1222355,0,18.86494981,False,False,False,False,False,False,False,True,True,False,True,False,True,False
11,78.63085774,3,8,7,0,96.4295034,0,35.48647155,True,False,False,False,False,False,False,False,False,False,True,True,False,False
11,69.48206924,0,2,2,0,145.5863504,0,22.16191091,False,False,False,False,False,False,False,False,True,False,True,False,True,False
12,43.49862913,0,6,5,1,138.1103165,1,37.56761813,False,True,False,False,False,False,False,False,False,False,False,True,False,False
6,37.03646425,6,2,3,2,154.9910277,0,23.49956143,False,False,False,True,False,False,False,False,False,True,False,False,False,False
8,56.94681092,3,4,4,1,180.1351373,0,24.47960782,False,False,False,False,False,True,False,False,False,True,False,False,False,False
5,45.69826454,5,2,4,1,126.2093873,1,22.82084843,False,False,False,True,False,False,False,False,True,True,False,False,False,False
9,53.03037183,1,3,4,1,122.6539785,0,35.44175693,False,False,False,False,False,False,False,True,True,False,False,True,False,False
10,56.01476968,3,12,4,1,167.8681316,0,41.42784695,False,False,False,False,False,False,False,False,True,False,False,True,False,False
8,74.92480705,1,2,2,0,147.7848966,0,29.94778692,False,False,False,False,False,False,True,False,True,False,False,False,False,True
5,69.30618145,0,5,1,0,197.4899511,0,21.96209501,False,False,True,False,False,False,False,False,False,False,True,False,True,False
4,57.15575894,3,8,6,1,153.9193986,0,37.12964064,False,False,True,False,False,False,False,False,True,False,True,True,False,False
8,80.94157781,1,6,2,0,150.3576053,0,38.94344649,False,False,False,False,False,False,True,False,True,False,False,False,False,True
7,58.47300121,1,5,1,0,169.6374301,0,20.67577178,False,False,False,False,True,False,False,False,False,False,True,False,True,False
7,24.30691929,2,9,6,1,132.7592251,1,29.74054933,False,False,False,False,False,True,False,False,True,False,False,True,False,False
7,77.20009302,1,2,4,0,169.5707632,1,34.57476379,False,False,False,False,False,True,False,False,False,False,False,False,False,True
5,42.71452318,2,14,4,1,123.0865933,1,43.8665913,False,False,False,True,False,False,False,False,False,False,True,True,False,False
11,53.25222485,3,4,2,0,124.1171952,0,21.76735263,False,False,False,False,False,False,False,False,False,False,True,False,True,False
7,85.89983622,3,4,2,0,216.5358046,0,20.63119641,False,False,False,False,True,False,False,False,False,False,True,False,True,False
7,59.65590119,2,7,2,0,214.7535583,0,24.25924451,False,False,False,False,False,True,False,False,True,False,True,False,True,False
12,52.94655574,1,3,2,0,127.2697765,0,18.23945215,False,True,False,False,False,False,False,False,True,False,True,False,True,False
12,59.51539279,2,13,5,0,93.50215634,1,39.16984913,False,True,False,False,False,False,False,False,True,False,False,True,False,False
11,79.26549758,0,3,2,1,146.783456,0,31.00752873,False,False,False,False,False,False,False,False,True,False,False,False,False,True
12,21.41339144,0,12,6,0,159.7704198,1,32.70970587,True,False,False,False,False,False,False,False,True,False,True,True,False,False
5,89.37307022,2,4,4,1,134.1591942,0,34.5355544,False,False,True,False,False,False,False,False,True,False,False,False,False,True
4,60.33205707,1,13,7,0,158.8213243,0,47.11666521,False,False,True,False,False,False,False,False,False,False,True,True,False,False
12,58.58660578,3,3,2,0,196.6642237,0,21.47387089,False,True,False,False,False,False,False,False,True,False,True,False,True,False
12,62.85478022,4,6,7,0,147.4784149,1,35.54840045,False,True,False,False,False,False,False,False,True,False,False,True,False,False
10,49.33723513,1,7,2,0,151.4376941,0,18.62236403,False,False,False,False,False,False,False,False,False,False,True,False,True,False
10,67.20084734,0,4,1,0,174.2133835,0,18.26478837,False,False,False,False,False,False,False,True,True,False,True,False,True,False
4,68.50535593,3,2,2,1,115.1664141,1,29.41996271,False,False,True,False,False,False,False,False,False,False,False,False,False,True
5,89.51338164,0,4,2,0,137.7898689,1,31.09007977,False,False,False,True,False,False,False,False,False,False,False,False,False,True
12,91.78707704,0,0,4,1,149.9319909,0,23.86897462,False,True,False,False,False,False,False,False,False,False,False,False,False,True
8,31.19551326,2,6,1,0,177.2323746,0,19.64991256,False,False,False,False,False,False,True,False,True,False,True,False,True,False
9,78.38435714,1,4,2,1,168.0295652,0,25.74177071,False,False,False,False,False,False,False,True,True,False,True,False,False,True
10,23.68099297,1,5,6,1,134.3619418,1,32.23244909,False,False,False,False,False,False,False,False,True,False,True,True,False,False
11,81.42585185,1,4,2,1,153.658818,1,24.41799468,True,False,False,False,False,False,False,False,True,False,True,False,False,True
12,51.07688995,3,6,6,0,133.0677995,0,43.37945359,False,True,False,False,False,False,False,False,False,False,True,True,False,False
9,48.39433327,0,5,2,0,210.6440776,0,24.02460873,False,False,False,False,False,False,True,False,False,False,True,False,True,False
8,76.17338682,8,6,7,1,151.0552141,0,38.21349619,False,False,False,False,False,False,True,False,False,False,True,True,False,False
10,67.60630266,1,6,1,0,141.7982572,0,17.06790576,False,False,False,False,False,False,False,True,True,False,True,False,True,False
7,81.00680362,3,1,3,1,144.1218335,0,24.46874573,False,False,False,False,True,False,False,False,False,False,False,False,False,True
11,86.08863711,0,5,4,0,142.9849595,0,38.42353316,True,False,False,False,False,False,False,False,False,False,True,False,False,True
5,59.80167044,0,4,1,0,102.0518205,0,23.11949006,False,False,False,True,False,False,False,False,True,False,True,False,True,False
6,69.76265116,0,4,2,0,205.8811643,0,20.8317141,False,False,False,True,False,False,False,False,False,False,True,False,True,False
9,50.90860595,4,2,5,1,194.4466634,0,23.94401624,False,False,False,False,False,False,True,False,False,True,False,False,False,False
8,39.30419584,7,3,5,2,125.3014245,0,24.516278,False,False,False,False,False,True,False,False,False,True,False,False,False,False
9,24.51380952,2,16,5,0,112.5954204,1,45.03246509,False,False,False,False,False,False,False,True,False,False,False,True,False,False
8,33.8489147,3,9,6,0,155.3202002,1,40.39020709,False,False,False,False,False,True,False,False,False,False,False,True,False,False
4,74.71964343,2,4,2,0,151.2140798,1,30.12466156,False,False,True,False,False,False,False,False,True,False,False,False,False,True
7,41.02478221,3,11,6,0,128.3093788,1,41.6350586,False,False,False,False,False,True,False,False,False,False,False,True,False,False
12,44.94709839,4,8,6,0,140.6061816,1,38.72853748,False,True,False,False,False,False,False,False,False,False,True,True,False,False
9,46.65729839,4,1,3,1,136.5467019,0,28.95758546,False,False,False,False,False,False,True,False,True,True,False,False,False,False
8,38.92903975,2,12,7,1,145.1530733,1,32.45145616,False,False,False,False,False,True,False,False,True,False,False,True,False,False
6,89.74000353,0,6,3,1,128.4056597,1,31.39691057,False,False,False,False,True,False,False,False,False,False,True,False,False,True
6,53.24703095,2,2,3,2,145.0597696,1,26.92694522,False,False,False,False,True,False,False,False,True,True,False,False,False,False
6,61.8891886,0,2,1,0,145.7941924,0,15.5328321,False,False,False,True,False,False,False,False,False,False,True,False,True,False
12,60.24532146,2,1,2,0,186.8627571,0,23.4651543,True,False,False,False,False,False,False,False,True,False,True,False,True,False
5,69.52461001,1,2,1,0,209.3165825,0,15.37869697,False,False,True,False,False,False,False,False,False,False,True,False,True,False
4,88.02122508,4,3,4,1,169.955055,1,20.11486286,False,False,True,False,False,False,False,False,True,False,False,False,False,True
4,42.24804681,5,2,5,1,155.6988643,1,34.33060794,False,False,True,False,False,False,False,False,True,True,False,False,False,False
12,10.1546195,1,13,4,0,128.206362,0,35.76121538,True,False,False,False,False,False,False,False,True,False,True,True,False,False
11,85.57062424,2,0,3,0,147.0763615,1,30.36183412,True,False,False,False,False,False,False,False,True,False,True,False,False,True
4,60.5940973,2,3,1,0,172.5910569,0,22.69600218,False,False,True,False,False,False,False,False,False,False,True,False,True,False
7,48.61837674,1,2,4,1,117.9612438,1,27.2491139,False,False,False,False,False,True,False,False,True,True,False,False,False,False
12,82.15587877,0,2,2,0,148.6584678,0,37.60476695,False,True,False,False,False,False,False,False,True,False,False,False,False,True
9,77.875922,0,5,3,1,193.2574001,1,33.58108652,False,False,False,False,False,False,True,False,False,False,False,False,False,True
4,62.99198464,2,13,5,0,103.7169351,1,23.46438148,False,False,True,False,False,False,False,False,True,False,False,True,False,False
11,85.29065359,1,2,2,0,126.0421176,0,24.71418138,False,False,False,False,False,False,False,False,False,False,False,False,False,True
4,52.11585706,1,5,1,0,198.6857834,0,21.86984645,False,False,True,False,False,False,False,False,True,False,True,False,True,False
7,64.42566708,0,2,1,0,187.6002093,0,18.3523006,False,False,False,False,False,True,False,False,True,False,True,False,True,False
8,24.51935711,2,11,5,1,77.49373591,0,39.0845708,False,False,False,False,False,True,False,False,False,False,True,True,False,False
7,74.0549725,1,5,2,0,201.2808284,0,23.28079791,False,False,False,False,False,True,False,False,True,False,True,False,True,False
10,25.72043758,5,4,4,2,108.2819858,1,26.7469671,False,False,False,False,False,False,False,True,False,True,False,False,False,False
9,92.16365564,2,2,2,1,139.5591885,0,40.65700332,False,False,False,False,False,False,False,True,False,False,False,False,False,True
9,54.81234026,1,1,1,0,168.8097245,0,18.85350311,False,False,False,False,False,False,True,False,True,False,True,False,True,False
12,41.80340455,3,6,4,0,165.8051037,0,40.71470305,False,True,False,False,False,False,False,False,True,False,True,True,False,False
11,52.10181299,2,3,2,0,167.8645374,0,19.76165633,False,False,False,False,False,False,False,False,True,False,True,False,True,False
12,35.53476347,5,4,5,1,175.5365778,1,29.12336054,False,True,False,False,False,False,False,False,False,True,False,False,False,False
10,62.77560845,1,5,1,0,202.3555723,0,22.91718664,False,False,False,False,False,False,False,False,False,False,True,False,True,False
5,97.68479979,0,3,3,0,162.4949627,1,27.5253644,False,False,False,True,False,False,False,False,False,False,True,False,False,True
5,28.2225094,4,15,7,0,155.433734,1,34.01255492,False,False,False,True,False,False,False,False,False,False,False,True,False,False
12,62.85690432,2,4,2,0,173.028209,0,22.68506323,True,False,False,False,False,False,False,False,False,False,True,False,True,False
10,82.08614763,0,6,1,0,206.7631274,0,15.58929271,False,False,False,False,False,False,False,True,True,False,True,False,True,False
8,61.04926405,1,3,2,0,257.5792962,0,23.69474637,False,False,False,False,False,False,True,False,True,False,True,False,True,False
10,60.95740325,0,5,2,0,193.7991768,0,18.15170845,False,False,False,False,False,False,False,False,True,False,True,False,True,False
12,43.78044838,0,3,1,0,134.638386,0,18.3746994,False,True,False,False,False,False,False,False,False,False,True,False,True,False
12,71.3249314,1,3,2,0,183.6737933,0,18.16022832,False,True,False,False,False,False,False,False,False,False,True,False,True,False
8,86.94954851,0,1,4,0,176.6941026,1,32.15094183,False,False,False,False,False,True,False,False,False,False,False,False,False,True
8,83.81650833,1,2,2,0,167.6219529,1,37.17762785,False,False,False,False,False,True,False,False,True,False,True,False,False,True
11,49.39843839,8,1,4,1,147.8719758,1,24.39332371,False,False,False,False,False,False,False,False,False,True,False,False,False,False
10,75.50112244,0,6,4,1,148.8679472,1,31.85622492,False,False,False,False,False,False,False,True,False,False,True,False,False,True
12,33.59748941,1,7,7,0,144.681247,1,41.62248213,False,True,False,False,False,False,False,False,True,False,True,True,False,False
10,43.34937342,4,8,5,1,117.0948149,0,30.39778183,False,False,False,False,False,False,False,True,True,False,False,True,False,False
9,82.49261116,1,3,2,1,171.2201694,0,30.88062073,False,False,False,False,False,False,False,True,False,False,False,False,False,True
6,43.84824884,3,14,4,1,152.7910929,1,38.97679805,False,False,False,False,True,False,False,False,True,False,True,True,False,False
11,73.0056704,1,1,3,1,138.783556,0,31.82607842,True,False,False,False,False,False,False,False,True,False,False,False,False,True
9,39.53610454,0,4,1,0,156.2814312,0,26.27051451,False,False,False,False,False,False,True,False,False,False,True,False,True,False
6,44.5213284,8,2,5,1,154.8277885,0,11.6303821,False,False,False,True,False,False,False,False,False,True,False,False,False,False
6,84.33053992,1,0,3,1,146.2597651,0,34.56688812,False,False,False,False,True,False,False,False,True,False,False,False,False,True
5,49.5112098,3,17,5,0,84.58247339,0,40.23847149,False,False,True,False,False,False,False,False,True,False,True,True,False,False
11,59.78730809,4,9,4,0,159.1074434,0,43.39570657,False,False,False,False,False,False,False,False,False,False,True,True,False,False
8,75.86548037,0,1,3,1,138.458134,0,26.32533064,False,False,False,False,False,False,True,False,True,False,False,False,False,True
8,41.98889319,1,12,4,0,107.3791347,0,48.89665085,False,False,False,False,False,True,False,False,True,False,True,True,False,False
9,34.21108541,8,2,3,2,130.6797655,1,21.6651954,False,False,False,False,False,False,False,True,True,True,False,False,False,False
10,80.55023157,2,4,3,1,154.6031969,1,25.99279076,False,False,False,False,False,False,False,False,False,False,False,False,False,True
12,60.29059109,0,3,3,1,153.319942,0,28.79428457,True,False,False,False,False,False,False,False,False,False,False,False,False,True
9,60.27945286,1,4,2,0,206.0134054,0,18.78991075,False,False,False,False,False,False,True,False,False,False,True,False,True,False
10,40.5726844,3,1,4,1,148.2602348,1,29.03177367,False,False,False,False,False,False,False,False,False,True,False,False,False,False
6,98.13719625,1,3,3,0,161.1944309,1,27.9392508,False,False,False,False,True,False,False,False,True,False,False,False,False,True
11,57.77539619,1,4,2,0,143.8385376,0,20.99764043,True,False,False,False,False,False,False,False,True,False,True,False,True,False
6,43.6538937,1,7,5,1,127.8287463,0,34.96263483,False,False,False,True,False,False,False,False,True,False,True,True,False,False
4,57.12408552,1,7,1,0,172.1062177,0,18.91308938,False,False,True,False,False,False,False,False,False,False,True,False,True,False
4,41.69479063,3,0,3,2,143.3799412,0,26.5496291,False,False,True,False,False,False,False,False,True,True,False,False,False,False
7,87.4722547,0,2,4,1,129.0088147,1,28.27626679,False,False,False,False,False,True,False,False,False,False,False,False,False,True
12,57.36332418,0,12,6,0,109.8659985,0,43.19497027,False,True,False,False,False,False,False,False,True,False,True,True,False,False
9,67.50392908,0,5,2,0,154.3882787,0,25.30159419,False,False,False,False,False,False,False,True,True,False,True,False,True,False
10,30.28878323,0,4,6,1,102.8863523,1,46.26762676,False,False,False,False,False,False,False,False,True,False,True,True,False,False
7,51.71228554,1,10,4,1,135.7853208,1,54.26282219,False,False,False,False,False,True,False,False,False,False,True,True,False,False
8,47.95850152,5,2,3,1,174.5377068,1,30.93388224,False,False,False,False,False,False,True,False,False,True,False,False,False,False
5,85.22210295,1,5,3,0,196.6115936,0,22.14275192,False,False,True,False,False,False,False,False,True,False,False,False,False,True
7,82.55062783,1,4,2,0,148.0274384,1,36.05772584,False,False,False,False,True,False,False,False,False,False,False,False,False,True
10,67.34934801,1,4,1,0,170.6093164,0,20.52699963,False,False,False,False,False,False,False,False,True,False,True,False,True,False
9,37.778653,4,2,4,2,108.9154117,0,24.70726975,False,False,False,False,False,False,False,True,False,True,False,False,False,False
12,65.9757003,1,5,2,0,130.1515244,0,21.42974189,False,True,False,False,False,False,False,False,True,False,True,False,True,False
10,94.41062241,0,3,4,0,148.4846949,0,37.03830388,False,False,False,False,False,False,False,False,False,False,True,False,False,True
8,97.42609431,1,1,4,0,161.4763792,0,33.27789716,False,False,False,False,False,True,False,False,False,False,False,False,False,True
10,61.19791776,0,2,2,1,155.1791332,0,33.41239985,False,False,False,False,False,False,False,False,False,False,False,False,False,True
7,80.90968454,0,1,4,0,163.2131134,0,36.6650488,False,False,False,False,False,True,False,False,True,False,False,False,False,True
11,55.80400902,3,2,1,0,176.1318664,0,22.34208598,False,False,False,False,False,False,False,False,True,False,True,False,True,False
7,68.08178583,1,3,2,0,136.2923539,0,20.70187241,False,False,False,False,False,True,False,False,False,False,True,False,True,False
5,68.58650385,1,2,5,1,160.5261447,1,28.77348057,False,False,True,False,False,False,False,False,False,True,False,False,False,False
12,51.97475188,1,9,4,1,123.3464505,1,45.15330401,False,True,False,False,False,False,False,False,True,False,True,True,False,False
5,90.70832407,1,3,4,0,203.031231,1,33.46877102,False,False,True,False,False,False,False,False,True,False,False,False,False,True
12,60.69799585,1,4,1,0,224.6541365,0,16.52277522,False,True,False,False,False,False,False,False,True,False,True,False,True,False
10,43.6536677,4,6,5,2,123.3783971,0,25.82338982,False,False,False,False,False,False,False,True,False,True,False,False,False,False
6,48.27266827,0,5,2,0,155.3561274,0,24.81609198,False,False,False,True,False,False,False,False,True,False,True,False,True,False
7,50.53837085,1,12,5,0,86.58580665,0,36.31377291,False,False,False,False,True,False,False,False,False,False,False,True,False,False
11,36.55686557,9,6,4,1,93.45476068,1,30.04564439,False,False,False,False,False,False,False,False,False,True,False,False,False,False
5,96.29622969,0,2,2,1,132.9353814,1,26.08172504,False,False,False,True,False,False,False,False,True,False,True,False,False,True
10,95.42148246,1,1,2,1,129.2673666,0,28.35954717,False,False,False,False,False,False,False,False,False,False,False,False,False,True
12,36.86358819,10,2,3,2,218.3450721,0,29.96791163,True,False,False,False,False,False,False,False,False,True,False,False,False,False
10,61.21854207,3,7,4,1,195.7860761,1,31.32397387,False,False,False,False,False,False,False,True,False,False,False,True,False,False
8,57.51181758,3,11,6,0,122.6011022,0,42.56525126,False,False,False,False,False,False,True,False,True,False,True,True,False,False
8,62.32558278,2,7,6,0,119.5283993,1,38.35069818,False,False,False,False,False,True,False,False,False,False,True,True,False,False
12,42.45086527,4,7,7,1,168.1672804,1,45.04898256,True,False,False,False,False,False,False,False,False,False,False,True,False,False
4,77.49407444,1,3,2,1,155.1219192,0,29.91102159,False,False,True,False,False,False,False,False,True,False,False,False,False,True
8,43.90969843,2,0,4,2,123.7938897,1,20.83689958,False,False,False,False,False,True,False,False,False,True,False,False,False,False
12,45.48279204,6,4,3,1,180.6140777,1,28.40910831,True,False,False,False,False,False,False,False,False,True,False,False,False,False
8,24.63336895,4,3,5,2,198.1374627,1,30.88357381,False,False,False,False,False,True,False,False,True,True,False,False,False,False
11,36.43651515,5,2,3,2,245.4199505,0,22.13615111,False,False,False,False,False,False,False,False,False,True,False,False,False,False
6,36.68115743,5,1,5,2,180.1428546,0,23.05649992,False,False,False,False,True,False,False,False,True,True,False,False,False,False
10,67.59833877,1,5,2,0,171.0281868,0,19.0113944,False,False,False,False,False,False,False,True,False,False,True,False,True,False
6,52.38211064,8,2,5,2,168.9929811,0,36.03748309,False,False,False,False,True,False,False,False,True,True,False,False,False,False
10,56.87385418,4,3,3,2,176.0086309,0,24.07362586,False,False,False,False,False,False,False,False,False,True,False,False,False,False
8,82.78747894,0,5,2,1,128.3011179,1,30.46284661,False,False,False,False,False,False,True,False,True,False,False,False,False,True
9,81.71617911,0,8,6,0,97.77939652,1,22.43764094,False,False,False,False,False,False,False,True,False,False,False,True,False,False
7,83.81833253,2,3,4,0,158.6822213,0,26.96009321,False,False,False,False,True,False,False,False,True,False,True,False,False,True
5,86.266813,2,6,3,1,125.0128265,0,19.69340713,False,False,True,False,False,False,False,False,True,False,False,False,False,True
8,88.32084491,1,3,4,0,147.0795347,1,20.96480194,False,False,False,False,False,False,True,False,True,False,True,False,False,True
9,45.20438177,5,5,6,0,148.3022795,1,29.91290913,False,False,False,False,False,False,False,True,False,False,False,True,False,False
9,71.69677088,0,3,1,0,212.2185917,0,22.43078058,False,False,False,False,False,False,True,False,True,False,True,False,True,False
8,32.64988939,7,1,3,2,211.743312,0,34.04724922,False,False,False,False,False,False,True,False,True,True,False,False,False,False
4,35.6136064,2,9,6,0,121.8934965,0,38.48198664,False,False,True,False,False,False,False,False,True,False,False,True,False,False
7,45.10428875,8,1,5,1,117.7285588,1,22.74805713,False,False,False,False,True,False,False,False,True,True,False,False,False,False
4,103.7697382,1,4,3,0,180.7646826,1,30.56061334,False,False,True,False,False,False,False,False,False,False,False,False,False,True
12,56.46911527,4,10,5,0,143.5597011,0,51.92692547,False,True,False,False,False,False,False,False,True,False,True,True,False,False
10,55.27795148,2,4,2,0,190.033441,0,20.19793509,False,False,False,False,False,False,False,False,False,False,True,False,True,False
6,37.10880749,9,0,5,1,135.6230716,0,18.13577049,False,False,False,True,False,False,False,False,False,True,False,False,False,False
9,46.05702654,4,11,5,1,172.7873107,1,44.54101547,False,False,False,False,False,False,False,True,False,False,False,True,False,False
12,66.48445945,1,2,1,0,203.3580429,0,18.2402418,False,True,False,False,False,False,False,False,True,False,True,False,True,False
5,87.95432791,1,1,4,0,136.2856826,0,31.05187009,False,False,False,True,False,False,False,False,True,False,True,False,False,True
12,40.49950916,4,2,5,2,131.2666413,0,24.84298384,False,True,False,False,False,False,False,False,True,True,False,False,False,False
4,63.25018046,1,8,6,1,139.9135704,0,33.37266561,False,False,True,False,False,False,False,False,True,False,False,True,False,False
9,57.91913466,1,4,2,0,210.1172137,0,19.08864842,False,False,False,False,False,False,True,False,False,False,True,False,True,False
9,81.4273289,1,3,3,0,149.5060886,1,31.73301705,False,False,False,False,False,False,False,True,True,False,True,False,False,True
4,95.61983249,0,3,4,1,151.3961504,0,30.20623501,False,False,True,False,False,False,False,False,False,False,False,False,False,True
7,71.5729826,0,5,2,0,200.2146648,0,16.37361201,False,False,False,False,False,True,False,False,False,False,True,False,True,False
5,46.72504221,2,2,5,1,178.31173,1,27.08303109,False,False,False,True,False,False,False,False,False,True,False,False,False,False
6,57.00700212,0,5,1,0,183.3254686,0,22.25449484,False,False,False,False,True,False,False,False,False,False,True,False,True,False
8,31.13985642,1,1,4,1,133.0586002,1,22.34460997,False,False,False,False,False,True,False,False,True,True,False,False,False,False
10,41.13294427,1,2,3,2,183.4226801,0,19.28607549,False,False,False,False,False,False,False,True,True,True,False,False,False,False
8,44.40166474,2,13,6,1,122.8680005,1,40.14028313,False,False,False,False,False,True,False,False,True,False,False,True,False,False
10,19.46536024,2,14,7,1,127.9085532,1,42.88471306,False,False,False,False,False,False,False,False,True,False,False,True,False,False
4,53.55294939,2,5,2,0,165.0587491,0,16.58302441,False,False,True,False,False,False,False,False,False,False,True,False,True,False
12,45.38064398,4,18,7,0,128.3806667,1,34.9736358,True,False,False,False,False,False,False,False,False,False,False,True,False,False
12,91.8760688,2,4,2,1,173.3013073,1,29.38522775,False,True,False,False,False,False,False,False,True,False,True,False,False,True
7,55.89928556,0,3,1,0,198.6117642,0,21.08541018,False,False,False,False,True,False,False,False,True,False,True,False,True,False
10,71.61887298,2,8,1,0,198.3764701,0,21.0069399,False,False,False,False,False,False,False,False,True,False,True,False,True,False
10,61.47773603,1,3,1,0,218.2615222,0,18.75909806,False,False,False,False,False,False,False,False,False,False,True,False,True,False
10,38.53130103,2,5,1,0,151.9327807,0,27.41415215,False,False,False,False,False,False,False,True,False,False,True,False,True,False
12,39.90524911,1,7,4,0,150.8597766,0,34.91234633,False,True,False,False,False,False,False,False,False,False,True,True,False,False
10,29.55162504,0,11,5,0,130.2528512,0,46.93703728,False,False,False,False,False,False,False,True,False,False,True,True,False,False
6,61.85676391,1,3,2,0,163.4037448,0,21.43919112,False,False,False,False,True,False,False,False,True,False,True,False,True,False
9,51.6558368,2,10,4,0,141.2790314,0,32.72227302,False,False,False,False,False,False,False,True,False,False,True,True,False,False
11,46.66185766,5,0,3,1,106.9917589,1,26.94841749,False,False,False,False,False,False,False,False,False,True,False,False,False,False
12,50.04158262,1,9,6,1,98.77126504,1,40.68569161,False,True,False,False,False,False,False,False,True,False,True,True,False,False
11,96.03893912,2,10,3,1,157.9628955,0,32.91910941,True,False,False,False,False,False,False,False,False,False,False,False,False,True
7,34.66564656,5,2,4,2,161.4288175,1,21.6968631,False,False,False,False,True,False,False,False,False,True,False,False,False,False
12,36.38188179,4,2,3,2,149.1590409,0,24.81939354,False,True,False,False,False,False,False,False,True,True,False,False,False,False
12,65.27369832,2,12,6,1,127.352071,1,40.41466801,False,True,False,False,False,False,False,False,False,False,True,True,False,False
7,101.6312272,1,1,3,0,128.3813446,0,23.61267655,False,False,False,False,False,True,False,False,True,False,True,False,False,True
7,24.6995515,6,3,3,1,149.8041313,0,29.20785449,False,False,False,False,False,True,False,False,True,True,False,False,False,False
8,77.06981647,2,5,2,1,147.0259045,1,38.49090635,False,False,False,False,False,True,False,False,False,False,True,False,False,True
12,96.73800819,2,4,2,0,132.7470332,1,33.67607789,True,False,False,False,False,False,False,False,False,False,False,False,False,True
10,89.62826863,0,2,4,0,151.5761773,1,32.47537589,False,False,False,False,False,False,False,False,True,False,False,False,False,True
12,68.38378619,0,8,2,1,167.8139477,0,34.99541329,True,False,False,False,False,False,False,False,False,False,False,False,False,True
10,44.32763019,10,2,4,2,138.7934974,1,25.85886965,False,False,False,False,False,False,False,True,True,True,False,False,False,False
12,26.61011506,4,16,5,1,125.4662186,0,43.67451157,False,True,False,False,False,False,False,False,True,False,True,True,False,False
10,71.5970229,1,6,2,0,135.1579372,0,15.99435462,False,False,False,False,False,False,False,False,False,False,True,False,True,False
7,32.70184076,6,2,4,2,158.0300475,1,24.61096412,False,False,False,False,False,True,False,False,True,True,False,False,False,False
9,42.74934905,0,8,2,0,209.5418611,0,13.69764064,False,False,False,False,False,False,False,True,True,False,True,False,True,False
5,53.04716311,3,6,1,0,99.58799415,0,18.69299658,False,False,True,False,False,False,False,False,True,False,True,False,True,False
6,91.71049668,0,2,2,0,159.8723365,0,18.8964055,False,False,False,True,False,False,False,False,False,False,True,False,False,True
8,41.43907746,6,0,3,2,135.5418259,1,27.27138882,False,False,False,False,False,True,False,False,True,True,False,False,False,False
5,94.6177382,1,1,3,0,163.8570607,0,27.18592367,False,False,True,False,False,False,False,False,True,False,False,False,False,True
7,33.81939487,3,0,4,2,149.5471874,0,25.94533204,False,False,False,False,True,False,False,False,True,True,False,False,False,False
11,72.04971478,2,1,3,0,113.1716585,1,35.83317479,False,False,False,False,False,False,False,False,False,False,False,False,False,True
12,44.92173646,2,6,2,0,175.1446945,0,20.28683239,True,False,False,False,False,False,False,False,True,False,True,False,True,False
8,45.82699786,3,2,5,1,131.9470421,0,20.23954594,False,False,False,False,False,True,False,False,False,True,False,False,False,False
12,50.49621841,1,9,7,1,112.6141295,0,40.96311928,False,True,False,False,False,False,False,False,True,False,True,True,False,False
5,31.08999423,5,1,4,2,206.1568629,0,24.60316602,False,False,False,True,False,False,False,False,True,True,False,False,False,False
8,47.31413999,7,4,4,2,189.7193196,1,18.97982284,False,False,False,False,False,True,False,False,True,True,False,False,False,False
5,71.43300118,0,2,4,1,179.9310788,1,33.09451166,False,False,False,True,False,False,False,False,False,False,False,False,False,True
10,44.55165545,4,6,6,0,110.6998184,1,46.65916023,False,False,False,False,False,False,False,False,True,False,False,True,False,False
9,94.86712637,1,3,4,0,124.4861123,0,25.7082041,False,False,False,False,False,False,True,False,True,False,False,False,False,True
12,70.11956431,1,4,3,0,157.9029796,0,20.81601509,False,True,False,False,False,False,False,False,False,False,False,False,False,True
5,76.79691339,0,4,2,1,164.6421417,1,35.55185569,False,False,True,False,False,False,False,False,True,False,False,False,False,True
8,55.66269044,6,1,4,2,156.8205624,1,21.46195472,False,False,False,False,False,False,True,False,True,True,False,False,False,False
11,41.87279479,4,1,3,1,151.8829246,1,27.99903068,False,False,False,False,False,False,False,False,True,True,False,False,False,False
4,38.7653478,10,2,4,2,166.8728181,0,27.94067486,False,False,True,False,False,False,False,False,True,True,False,False,False,False
12,58.86954103,5,9,5,1,120.4009414,1,42.33913862,False,True,False,False,False,False,False,False,True,False,True,True,False,False
6,77.02626514,0,3,2,1,169.5771508,0,31.83382143,False,False,False,True,False,False,False,False,False,False,True,False,False,True
6,52.08246214,4,8,5,0,113.8052781,1,25.81229343,False,False,False,True,False,False,False,False,False,False,True,True,False,False
8,33.56291525,2,13,6,1,104.7306214,0,36.76465699,False,False,False,False,False,True,False,False,True,False,False,True,False,False
10,55.0570036,8,2,5,1,196.2913544,1,21.45999512,False,False,False,False,False,False,False,True,True,True,False,False,False,False
6,45.94916195,5,1,4,1,194.1085018,0,23.4381185,False,False,False,False,True,False,False,False,False,True,False,False,False,False
7,83.96728648,4,1,3,0,140.7988357,0,27.55580241,False,False,False,False,True,False,False,False,True,False,False,False,False,True
10,67.57205575,6,3,3,2,215.3420482,0,26.57947134,False,False,False,False,False,False,False,True,True,True,False,False,False,False
9,52.49882934,2,11,4,0,140.391486,1,46.91940386,False,False,False,False,False,False,True,False,False,False,True,True,False,False
12,43.8024574,1,2,2,0,213.5621019,0,15.94979174,False,True,False,False,False,False,False,False,False,False,True,False,True,False
9,62.10490264,1,3,1,0,167.9924474,0,21.32159078,False,False,False,False,False,False,True,False,True,False,True,False,True,False
6,54.14594296,2,9,6,0,127.711992,1,49.80957554,False,False,False,True,False,False,False,False,False,False,False,True,False,False
6,55.05972327,0,1,1,0,196.618523,0,17.25283059,False,False,False,True,False,False,False,False,False,False,True,False,True,False
5,37.03500047,8,2,4,1,211.4161395,0,24.84407237,False,False,True,False,False,False,False,False,True,True,False,False,False,False
9,52.18899501,6,2,5,2,161.7910623,0,21.11617903,False,False,False,False,False,False,True,False,False,True,False,False,False,False
9,93.30026484,0,4,4,0,154.2396636,1,28.81026093,False,False,False,False,False,False,False,True,True,False,False,False,False,True
6,59.89945048,2,4,1,0,150.1798241,0,19.59322659,False,False,False,True,False,False,False,False,True,False,True,False,True,False
12,32.69248023,4,6,4,2,181.831219,0,26.82826893,False,True,False,False,False,False,False,False,False,True,False,False,False,False
10,38.87834339,5,3,4,1,156.8494049,1,20.87578648,False,False,False,False,False,False,False,True,True,True,False,False,False,False
6,100.0698437,1,2,2,0,144.476926,0,24.44737356,False,False,False,False,True,False,False,False,True,False,False,False,False,True
7,63.83433435,4,7,7,0,94.04351424,0,49.74955341,False,False,False,False,False,True,False,False,True,False,False,True,False,False
6,20.06982178,2,1,4,1,165.6970608,0,30.65397063,False,False,False,False,True,False,False,False,False,True,False,False,False,False
7,71.11958074,1,3,1,0,178.5986892,0,18.12059338,False,False,False,False,False,True,False,False,False,False,True,False,True,False
7,90.36753642,0,3,2,0,131.1650741,1,33.3648489,False,False,False,False,True,False,False,False,False,False,False,False,False,True
12,48.38017234,3,1,3,1,171.7305766,0,23.06129606,False,True,False,False,False,False,False,False,False,True,False,False,False,False
9,47.41069793,3,6,5,2,163.363172,1,33.90655921,False,False,False,False,False,False,False,True,True,True,False,False,False,False
6,43.44169914,0,11,7,0,86.75506463,0,40.22518309,False,False,False,False,True,False,False,False,False,False,False,True,False,False
10,54.00157676,4,10,4,1,105.6596403,1,39.46926157,False,False,False,False,False,False,False,True,True,False,True,True,False,False
5,46.5903412,2,11,6,0,119.5346897,0,46.43757362,False,False,False,True,False,False,False,False,False,False,True,True,False,False
6,47.26066697,3,1,4,1,189.8631012,0,25.30230647,False,False,False,False,True,False,False,False,False,True,False,False,False,False
6,92.93319896,0,2,2,0,154.0188771,0,25.71851062,False,False,False,True,False,False,False,False,True,False,True,False,False,True
9,56.9841582,3,9,5,1,127.7942282,1,44.49510426,False,False,False,False,False,False,True,False,False,False,True,True,False,False
12,88.33685013,1,3,4,1,190.7673035,1,22.82748867,True,False,False,False,False,False,False,False,True,False,False,False,False,True
11,43.29654184,1,15,6,0,142.9341051,1,41.2086977,False,False,False,False,False,False,False,False,False,False,False,True,False,False
6,73.90472037,0,4,4,1,134.3192825,0,31.58505725,False,False,False,False,True,False,False,False,True,False,False,False,False,True
8,33.07856673,3,3,4,2,231.7046843,0,23.97599765,False,False,False,False,False,True,False,False,True,True,False,False,False,False
4,37.31480165,4,12,7,0,161.1656953,0,49.54173717,False,False,True,False,False,False,False,False,True,False,False,True,False,False
6,33.7967225,9,0,4,2,147.5498682,0,25.99036651,False,False,False,True,False,False,False,False,True,True,False,False,False,False
11,96.70856428,2,6,4,1,126.2458051,0,34.45324961,True,False,False,False,False,False,False,False,False,False,False,False,False,True
10,31.87122154,4,2,3,1,136.3614713,0,24.88976518,False,False,False,False,False,False,False,False,True,True,False,False,False,False
5,60.32313098,1,4,1,0,214.2559235,0,18.09677965,False,False,True,False,False,False,False,False,False,False,True,False,True,False
4,71.24213572,3,6,7,1,174.8764742,0,41.77963153,False,False,True,False,False,False,False,False,False,False,True,True,False,False
5,31.68921851,5,1,4,1,144.0586311,1,21.58679784,False,False,True,False,False,False,False,False,False,True,False,False,False,False
5,73.78533363,2,4,3,1,152.8639708,1,20.23533245,False,False,False,True,False,False,False,False,False,False,False,False,False,True
9,65.48975212,1,4,1,0,174.0041922,0,18.1721396,False,False,False,False,False,False,True,False,False,False,True,False,True,False
8,69.9659948,4,11,6,0,125.0172267,0,50.48433123,False,False,False,False,False,True,False,False,False,False,True,True,False,False
5,61.56344306,0,1,1,0,208.7859483,0,25.88576904,False,False,True,False,False,False,False,False,True,False,True,False,True,False
10,63.97690675,0,3,3,1,181.9345897,1,23.53726614,False,False,False,False,False,False,False,True,True,False,True,False,False,True
9,45.11982781,0,3,1,0,232.9712145,0,18.25856546,False,False,False,False,False,False,True,False,True,False,True,False,True,False
5,58.52078506,10,2,3,1,115.3161348,1,29.37956204,False,False,False,True,False,False,False,False,True,True,False,False,False,False
12,41.88932632,9,2,5,2,120.253328,1,21.03047144,False,True,False,False,False,False,False,False,False,True,False,False,False,False
12,69.10069328,1,3,4,0,142.5911013,1,35.72831702,False,True,False,False,False,False,False,False,False,False,False,False,False,True
12,78.336704,2,14,4,1,181.083524,0,35.44944353,True,False,False,False,False,False,False,False,True,False,False,True,False,False
7,39.01604475,4,2,4,1,178.8728351,0,25.11311316,False,False,False,False,False,True,False,False,False,True,False,False,False,False
11,27.68916465,8,3,5,1,169.1291537,0,30.44260451,True,False,False,False,False,False,False,False,True,True,False,False,False,False
8,48.29428481,2,12,7,1,109.6860612,0,45.84451543,False,False,False,False,False,True,False,False,True,False,True,True,False,False
12,30.68083,3,0,4,2,195.8463123,0,22.54985357,False,True,False,False,False,False,False,False,True,True,False,False,False,False
5,45.19199168,5,2,4,1,170.2586789,0,22.42134878,False,False,True,False,False,False,False,False,False,True,False,False,False,False
12,35.85573192,6,2,4,1,162.6538179,1,20.88309061,True,False,False,False,False,False,False,False,False,True,False,False,False,False
9,18.37866958,1,6,4,0,140.2784825,1,43.2958274,False,False,False,False,False,False,True,False,True,False,True,True,False,False
6,29.46713147,0,16,7,0,161.6198866,1,34.76891554,False,False,False,True,False,False,False,False,False,False,False,True,False,False
12,62.89358837,2,1,1,0,174.2918405,0,27.80639719,False,True,False,False,False,False,False,False,True,False,True,False,True,False
12,88.82435288,0,1,3,1,165.7539418,1,28.02124798,False,True,False,False,False,False,False,False,True,False,False,False,False,True
11,60.40950259,0,2,2,0,201.8013004,0,21.15623828,False,False,False,False,False,False,False,False,True,False,True,False,True,False
5,82.22701785,1,4,2,1,122.8890128,1,32.74699417,False,False,False,True,False,False,False,False,True,False,True,False,False,True
4,48.92261318,0,7,6,0,98.02281513,0,50.28594917,False,False,True,False,False,False,False,False,True,False,False,True,False,False
7,84.04571728,2,4,4,1,111.8981305,1,30.55058508,False,False,False,False,False,True,False,False,True,False,False,False,False,True
9,76.99910349,1,10,6,1,112.9019813,0,41.77462097,False,False,False,False,False,False,False,True,True,False,True,True,False,False
6,67.48192866,0,5,1,0,100.0316121,0,17.99739433,False,False,False,False,True,False,False,False,False,False,True,False,True,False
11,47.2158946,5,2,5,1,216.8814552,0,21.99810897,False,False,False,False,False,False,False,False,True,True,False,False,False,False
8,26.99091344,3,4,3,1,145.5161618,1,25.960625,False,False,False,False,False,False,True,False,True,True,False,False,False,False
11,29.89357493,1,13,4,0,140.5769861,1,40.67771181,False,False,False,False,False,False,False,False,True,False,False,True,False,False
7,23.53217349,3,14,6,1,114.6128293,0,37.60877769,False,False,False,False,True,False,False,False,True,False,False,True,False,False
11,70.72307065,0,2,2,0,191.7759811,0,33.7514116,False,False,False,False,False,False,False,False,True,False,False,False,False,True
12,62.76949385,2,4,4,0,114.3524332,1,38.12041207,False,True,False,False,False,False,False,False,True,False,True,True,False,False
12,80.6062378,1,1,4,0,145.8662185,1,28.21413256,True,False,False,False,False,False,False,False,True,False,False,False,False,True
4,76.66691245,1,15,4,1,144.0129716,0,40.03142289,False,False,True,False,False,False,False,False,False,False,True,True,False,False
8,78.96694412,4,3,4,1,141.4795341,0,37.81753526,False,False,False,False,False,False,True,False,False,False,False,False,False,True
11,63.11444235,1,6,1,0,247.1185315,0,21.57676501,False,False,False,False,False,False,False,False,False,False,True,False,True,False
8,57.62793959,0,6,6,0,105.6014028,1,43.9523856,False,False,False,False,False,False,True,False,True,False,False,True,False,False
10,46.30922853,4,1,5,1,192.7157183,0,25.74423446,False,False,False,False,False,False,False,True,False,True,False,False,False,False
8,52.96610503,2,17,6,0,114.5152622,1,31.58992146,False,False,False,False,False,True,False,False,True,False,True,True,False,False
9,33.80537795,2,9,5,0,146.584976,1,37.95879724,False,False,False,False,False,False,True,False,False,False,True,True,False,False
7,34.26849609,4,2,3,2,213.622378,0,23.18835889,False,False,False,False,False,True,False,False,False,True,False,False,False,False
11,23.53673048,7,1,3,2,173.822589,0,27.45230976,False,False,False,False,False,False,False,False,True,True,False,False,False,False
9,53.56124607,1,11,5,0,155.4122372,0,42.23637218,False,False,False,False,False,False,True,False,False,False,True,True,False,False
9,43.51510439,5,4,3,2,114.2461381,0,28.61744973,False,False,False,False,False,False,True,False,False,True,False,False,False,False
7,105.2123838,1,0,3,0,142.3993107,0,30.4854811,False,False,False,False,True,False,False,False,False,False,False,False,False,True
8,45.14173483,3,12,7,0,152.8109837,1,38.32164196,False,False,False,False,False,False,True,False,True,False,True,True,False,False
10,14.51840725,4,3,4,1,150.7341702,0,22.6334079,False,False,False,False,False,False,False,True,False,True,False,False,False,False
10,26.40244025,3,7,5,0,105.457073,1,39.75444625,False,False,False,False,False,False,False,False,True,False,False,True,False,False
7,91.8357269,0,0,3,0,124.4768312,0,26.74193096,False,False,False,False,True,False,False,False,True,False,True,False,False,True
7,59.06185254,2,4,4,1,166.0756911,0,35.19963159,False,False,False,False,True,False,False,False,True,False,True,True,False,False
12,77.73603842,2,2,4,1,128.4031735,1,34.62975213,False,True,False,False,False,False,False,False,False,False,False,False,False,True
6,36.8593456,5,7,7,0,113.3824366,0,39.6875219,False,False,False,False,True,False,False,False,False,False,True,True,False,False
12,29.33871457,3,11,5,1,107.9102638,0,34.72850138,False,True,False,False,False,False,False,False,True,False,True,True,False,False
11,75.42294227,1,6,2,1,153.360457,1,25.61721401,True,False,False,False,False,False,False,False,False,False,False,False,False,True
5,30.60234814,1,1,4,2,124.1148053,0,26.76542583,False,False,True,False,False,False,False,False,True,True,False,False,False,False
12,38.64348773,3,8,5,1,164.1691625,1,49.45979556,False,True,False,False,False,False,False,False,False,False,True,True,False,False
4,90.40715456,0,5,4,0,168.9973228,0,31.09050367,False,False,True,False,False,False,False,False,False,False,False,False,False,True
12,65.56598414,2,3,1,0,227.5251973,0,20.33110297,False,True,False,False,False,False,False,False,False,False,True,False,True,False
11,92.82872725,0,3,3,1,155.3671165,0,32.28920925,True,False,False,False,False,False,False,False,True,False,False,False,False,True
12,13.08800244,4,0,4,2,186.8138724,1,20.4609701,True,False,False,False,False,False,False,False,False,True,False,False,False,False
12,69.16664744,0,9,2,0,158.3115973,0,19.07029026,True,False,False,False,False,False,False,False,False,False,True,False,True,False
12,68.18728052,1,5,5,0,133.3979071,1,43.64925,False,True,False,False,False,False,False,False,False,False,False,True,False,False
12,63.16143145,0,0,2,0,206.0000392,0,15.34382774,True,False,False,False,False,False,False,False,True,False,True,False,True,False
12,49.91695057,1,2,2,0,181.2541541,0,16.95943681,True,False,False,False,False,False,False,False,False,False,True,False,True,False
8,20.13325103,4,1,4,2,153.6608284,1,23.60148731,False,False,False,False,False,True,False,False,False,True,False,False,False,False
10,49.33766522,2,9,5,1,113.0561553,1,30.13851385,False,False,False,False,False,False,False,False,True,False,True,True,False,False
12,73.92255154,1,4,4,1,156.4841513,1,31.62024993,False,True,False,False,False,False,False,False,True,False,True,False,False,True
8,90.33924946,1,4,3,1,154.0476314,0,27.21876124,False,False,False,False,False,True,False,False,True,False,False,False,False,True
12,39.93952661,3,0,3,2,151.7980989,0,27.35019407,True,False,False,False,False,False,False,False,True,True,False,False,False,False
12,90.70356814,0,4,4,0,174.4559427,1,27.47059903,True,False,False,False,False,False,False,False,True,False,False,False,False,True
9,69.39623961,1,3,2,0,233.8836343,0,20.62341531,False,False,False,False,False,False,True,False,False,False,True,False,True,False
4,95.17452268,0,3,2,1,148.1940986,1,42.97429105,False,False,True,False,False,False,False,False,True,False,False,False,False,True
12,39.04231239,0,10,4,1,94.11745305,0,39.87186827,False,True,False,False,False,False,False,False,False,False,False,True,False,False
5,90.23019029,2,4,4,0,188.5508853,0,19.74691487,False,False,False,True,False,False,False,False,False,False,False,False,False,True
8,62.3396803,2,3,2,0,188.9554007,0,21.59883381,False,False,False,False,False,False,True,False,False,False,True,False,True,False
10,98.97324583,2,4,2,1,166.4188988,0,31.17641537,False,False,False,False,False,False,False,False,False,False,False,False,False,True
8,71.8910856,3,1,4,1,169.4996887,1,20.48263257,False,False,False,False,False,True,False,False,False,False,False,False,False,True
12,54.57374613,6,1,4,2,141.1435357,0,22.42345885,True,False,False,False,False,False,False,False,True,True,False,False,False,False
6,41.076836,1,6,1,0,231.7065989,0,16.64190728,False,False,False,True,False,False,False,False,True,False,True,False,True,False
12,59.12030197,1,5,1,0,158.3803167,0,21.8832789,False,True,False,False,False,False,False,False,True,False,True,False,True,False
7,68.36018431,4,9,7,0,157.571335,0,36.5857558,False,False,False,False,False,True,False,False,True,False,True,True,False,False
11,65.60233907,1,5,2,0,233.0248069,0,20.59392734,False,False,False,False,False,False,False,False,False,False,True,False,True,False
12,67.27513681,2,8,6,1,150.9401723,0,47.14752592,False,True,False,False,False,False,False,False,True,False,True,True,False,False
4,16.62835806,0,6,5,1,147.648124,0,30.07257981,False,False,True,False,False,False,False,False,True,False,True,True,False,False
9,64.84564455,1,3,2,0,172.8841587,0,21.49087182,False,False,False,False,False,False,False,True,True,False,True,False,True,False
9,56.46736026,2,3,2,0,181.0769011,0,19.7813771,False,False,False,False,False,False,True,False,False,False,True,False,True,False
9,53.8979834,0,6,1,0,225.0868927,0,15.47410525,False,False,False,False,False,False,False,True,True,False,True,False,True,False
6,61.69406031,1,6,1,0,218.6257257,0,26.77022002,False,False,False,True,False,False,False,False,False,False,True,False,True,False
5,52.27000217,0,2,2,0,180.1939369,0,16.84693208,False,False,False,True,False,False,False,False,True,False,True,False,True,False
12,84.42475937,2,9,5,0,150.3434186,1,41.56101494,False,True,False,False,False,False,False,False,True,False,False,True,False,False
9,45.27079949,5,6,6,1,146.3652636,1,29.5024729,False,False,False,False,False,False,False,True,False,False,True,True,False,False
4,59.9204948,3,9,6,1,110.003687,0,34.47470001,False,False,True,False,False,False,False,False,False,False,False,True,False,False
5,55.78431921,1,9,1,0,217.2615816,0,20.08625228,False,False,False,True,False,False,False,False,False,False,True,False,True,False
7,25.66400182,1,2,4,1,165.2109519,0,32.79918593,False,False,False,False,False,True,False,False,True,True,False,False,False,False
10,59.05447906,0,7,2,0,122.6816755,0,19.27206013,False,False,False,False,False,False,False,False,False,False,True,False,True,False
8,59.7369189,4,3,5,1,192.126067,1,29.45720486,False,False,False,False,False,True,False,False,False,True,False,False,False,False
10,40.65049603,2,15,6,0,74.08366122,0,46.08642556,False,False,False,False,False,False,False,False,False,False,True,True,False,False
7,57.87149255,0,6,1,0,216.876853,0,15.29502964,False,False,False,False,False,True,False,False,False,False,True,False,True,False
4,76.16459798,0,7,7,0,146.4418819,1,38.79343568,False,False,True,False,False,False,False,False,True,False,True,True,False,False
10,32.78881203,7,3,5,2,134.9541952,1,26.41692575,False,False,False,False,False,False,False,False,True,True,False,False,False,False
10,37.15390513,2,13,4,0,99.36244846,1,32.8643549,False,False,False,False,False,False,False,False,False,False,True,True,False,False
9,55.24771002,1,7,2,0,189.8886257,0,23.73193314,False,False,False,False,False,False,False,True,True,False,True,False,True,False
12,36.45385957,7,3,4,2,154.9332739,0,23.96940249,False,True,False,False,False,False,False,False,False,True,False,False,False,False
9,42.93599695,1,5,1,0,151.0833543,0,23.75268137,False,False,False,False,False,False,False,True,True,False,True,False,True,False
6,86.68086781,1,6,2,1,136.3525569,0,24.48799213,False,False,False,True,False,False,False,False,False,False,False,False,False,True
7,60.18550138,1,7,1,0,161.5869614,0,28.23455674,False,False,False,False,True,False,False,False,True,False,True,False,True,False
5,38.19467888,5,1,5,2,164.6992187,1,25.82750806,False,False,False,True,False,False,False,False,False,True,False,False,False,False
12,76.48362992,0,0,3,0,161.6829842,0,34.95461173,True,False,False,False,False,False,False,False,True,False,True,False,False,True
10,85.7479614,0,2,4,1,145.6227446,0,33.54859785,False,False,False,False,False,False,False,True,False,False,False,False,False,True
11,49.58149526,4,3,3,2,134.3206135,1,22.83889438,False,False,False,False,False,False,False,False,True,True,False,False,False,False
5,41.70781633,3,10,7,1,144.22144,0,45.76181703,False,False,False,True,False,False,False,False,False,False,False,True,False,False
4,47.86448788,7,4,4,2,211.0745586,1,22.71896077,False,False,True,False,False,False,False,False,True,True,False,False,False,False
11,89.56990886,1,1,2,0,166.7156563,0,31.17314693,False,False,False,False,False,False,False,False,False,False,False,False,False,True
4,59.15670596,1,5,1,0,194.314,0,18.8717174,False,False,True,False,False,False,False,False,True,False,True,False,True,False
11,58.40297995,2,10,2,0,152.6456609,0,22.41651552,False,False,False,False,False,False,False,False,False,False,True,False,True,False
11,40.73957907,2,6,4,0,163.6220622,0,32.95022724,True,False,False,False,False,False,False,False,False,False,False,True,False,False
7,91.10456691,1,1,4,0,152.7133232,0,31.12721813,False,False,False,False,False,True,False,False,True,False,False,False,False,True
9,49.37197911,2,14,6,0,150.2866595,1,46.3258618,False,False,False,False,False,False,False,True,True,False,False,True,False,False
11,55.09534189,1,5,1,0,184.7321722,0,25.07188391,False,False,False,False,False,False,False,False,True,False,True,False,True,False
12,41.76013694,9,2,5,1,156.6471044,1,25.86631423,False,True,False,False,False,False,False,False,False,True,False,False,False,False
10,61.35465847,1,4,1,0,196.7353123,0,20.48391175,False,False,False,False,False,False,False,True,True,False,True,False,True,False
7,51.73016425,2,4,3,1,152.058497,0,33.25790527,False,False,False,False,True,False,False,False,False,True,False,False,False,False
5,30.41944397,8,0,5,2,165.1467508,0,25.40688908,False,False,True,False,False,False,False,False,False,True,False,False,False,False
9,37.35077752,4,1,5,1,116.4955272,0,30.92237471,False,False,False,False,False,False,False,True,False,True,False,False,False,False
8,36.70258184,8,0,5,2,131.5095873,1,21.51039906,False,False,False,False,False,True,False,False,True,True,False,False,False,False
5,35.86299549,5,5,4,1,120.0654235,1,25.89308743,False,False,True,False,False,False,False,False,True,True,False,False,False,False
12,59.50978568,1,9,5,1,148.3701781,0,48.64426631,False,True,False,False,False,False,False,False,False,False,False,True,False,False
6,85.85512116,0,1,4,0,148.8439195,0,30.56408787,False,False,False,True,False,False,False,False,True,False,False,False,False,True
5,43.7545936,5,2,4,2,175.1474378,0,27.7909109,False,False,False,True,False,False,False,False,False,True,False,False,False,False
12,61.93682259,3,9,4,0,105.4520418,0,32.36426587,True,False,False,False,False,False,False,False,False,False,False,True,False,False
11,85.3125843,4,13,7,0,120.4424585,0,41.26121391,True,False,False,False,False,False,False,False,False,False,True,True,False,False
11,45.19196981,7,1,3,2,182.5991024,1,22.6899672,True,False,False,False,False,False,False,False,False,True,False,False,False,False
7,34.92762754,8,1,4,1,191.4519762,1,24.35328433,False,False,False,False,False,True,False,False,False,True,False,False,False,False
5,64.82190575,0,2,4,0,155.9809417,0,35.66688286,False,False,False,True,False,False,False,False,False,False,True,False,False,True
7,51.22311735,0,3,2,0,234.3958565,0,13.59462941,False,False,False,False,True,False,False,False,False,False,True,False,True,False
7,28.67088475,5,3,4,2,184.4429434,0,30.8656148,False,False,False,False,False,True,False,False,True,True,False,False,False,False
12,42.04735316,1,15,5,0,102.0086915,0,48.03707486,True,False,False,False,False,False,False,False,True,False,False,True,False,False
10,89.39163564,2,3,2,1,136.8931321,1,24.46502946,False,False,False,False,False,False,False,True,False,False,False,False,False,True
6,63.15542778,1,17,4,0,117.3040521,1,40.75937051,False,False,False,False,True,False,False,False,False,False,False,True,False,False
12,84.88468615,1,2,2,0,141.8075924,0,25.48043873,False,True,False,False,False,False,False,False,True,False,True,False,False,True
7,50.08886125,0,7,7,1,141.5148172,1,40.86620587,False,False,False,False,False,True,False,False,True,False,False,True,False,False
12,44.04249854,2,7,7,0,57.64180331,0,46.28240468,True,False,False,False,False,False,False,False,False,False,False,True,False,False
12,49.17471854,0,5,1,0,161.2107851,0,24.87003437,True,False,False,False,False,False,False,False,True,False,True,False,True,False
6,39.38843852,6,2,3,1,153.2318642,1,31.01681416,False,False,False,False,True,False,False,False,False,True,False,False,False,False
10,81.47471484,0,1,1,0,105.5856087,0,18.24516821,False,False,False,False,False,False,False,False,False,False,True,False,True,False
6,64.85638856,2,7,1,0,187.7827561,0,13.8825501,False,False,False,False,True,False,False,False,False,False,True,False,True,False
10,37.91011822,2,17,4,1,119.8068411,0,42.25543244,False,False,False,False,False,False,False,False,False,False,True,True,False,False
10,32.26570753,4,2,5,1,142.530928,0,26.58809327,False,False,False,False,False,False,False,False,False,True,False,False,False,False
11,39.42798699,4,2,4,2,192.3904584,1,30.79394265,False,False,False,False,False,False,False,False,True,True,False,False,False,False
10,85.03976907,3,4,2,1,179.2664663,1,31.13352559,False,False,False,False,False,False,False,False,False,False,False,False,False,True
4,42.0685117,1,17,7,0,114.1553063,1,39.7899621,False,False,True,False,False,False,False,False,False,False,False,True,False,False
8,61.0971879,1,4,2,0,170.6204765,0,18.63776143,False,False,False,False,False,False,True,False,True,False,True,False,True,False
6,51.96720516,5,2,4,2,214.3592168,0,21.10895628,False,False,False,False,True,False,False,False,True,True,False,False,False,False
4,44.54749112,5,2,5,2,176.8226639,1,27.29641055,False,False,True,False,False,False,False,False,False,True,False,False,False,False
5,88.35032539,2,4,3,0,182.6109329,1,21.50728278,False,False,False,True,False,False,False,False,False,False,False,False,False,True
9,54.45124306,1,13,6,1,101.0623341,1,40.0995116,False,False,False,False,False,False,False,True,False,False,False,True,False,False
5,41.108712,3,8,7,1,117.4418577,0,52.36369736,False,False,False,True,False,False,False,False,False,False,False,True,False,False
10,50.1932319,4,11,6,0,113.4890146,1,40.0257567,False,False,False,False,False,False,False,False,False,False,True,True,False,False
9,27.35686742,1,13,5,0,95.14052309,0,37.70612595,False,False,False,False,False,False,False,True,True,False,False,True,False,False
12,77.98638131,0,8,1,0,171.986972,0,14.68919261,True,False,False,False,False,False,False,False,True,False,True,False,True,False
9,86.62677447,1,3,4,0,126.8938908,1,24.27265766,False,False,False,False,False,False,True,False,True,False,True,False,False,True
8,79.58805618,2,2,2,0,162.1590466,0,22.88805648,False,False,False,False,False,False,True,False,True,False,False,False,False,True
11,66.53310946,2,6,1,0,222.7558667,0,22.3045997,False,False,False,False,False,False,False,False,True,False,True,False,True,False
6,83.56809189,0,2,3,0,153.230245,0,31.5341674,False,False,False,True,False,False,False,False,True,False,False,False,False,True
7,63.4869823,0,6,4,1,159.3987267,1,41.95009956,False,False,False,False,True,False,False,False,False,False,False,False,False,True
11,50.77032128,3,5,5,2,155.7575706,1,19.85375765,True,False,False,False,False,False,False,False,False,True,False,False,False,False
7,85.87650225,2,1,4,0,165.8603735,1,31.11544412,False,False,False,False,True,False,False,False,True,False,False,False,False,True
7,73.53446658,0,1,4,1,128.5725923,1,27.37932182,False,False,False,False,True,False,False,False,True,False,False,False,False,True
5,82.52924764,0,1,2,0,166.6317409,0,30.4316933,False,False,False,True,False,False,False,False,False,False,False,False,False,True
5,48.91432891,3,17,5,1,163.0048201,1,41.32448074,False,False,False,True,False,False,False,False,False,False,True,True,False,False
10,39.39686533,4,3,3,2,156.6130495,0,25.99442249,False,False,False,False,False,False,False,True,False,True,False,False,False,False
12,13.24479972,2,7,4,0,166.7824422,0,40.34301253,False,True,False,False,False,False,False,False,False,False,True,True,False,False
12,38.27743305,3,4,3,2,196.5485934,0,30.65894845,False,True,False,False,False,False,False,False,True,True,False,False,False,False
6,54.09180788,1,6,2,0,214.4564966,0,23.75161799,False,False,False,True,False,False,False,False,False,False,True,False,True,False
7,103.0473061,0,5,4,1,177.9330361,0,24.30591099,False,False,False,False,False,True,False,False,True,False,True,False,False,True
10,63.45920271,1,3,1,0,240.452501,0,19.177444,False,False,False,False,False,False,False,False,False,False,True,False,True,False
10,83.32608776,1,9,3,1,156.3279223,1,29.45192002,False,False,False,False,False,False,False,False,False,False,True,False,False,True
7,34.42501054,2,0,4,1,148.5131052,0,29.9818717,False,False,False,False,True,False,False,False,False,True,False,False,False,False
10,66.29498224,2,3,2,0,126.8022651,0,19.71574314,False,False,False,False,False,False,False,True,False,False,True,False,True,False
11,53.41343399,1,13,4,1,110.1285625,0,37.51230277,True,False,False,False,False,False,False,False,True,False,True,True,False,False
11,55.95247344,0,9,1,0,170.8283801,0,18.8688902,False,False,False,False,False,False,False,False,False,False,True,False,True,False
12,94.28581503,0,6,3,0,148.4837699,0,27.6271591,False,True,False,False,False,False,False,False,False,False,False,False,False,True
6,85.82271986,0,4,2,0,161.127228,0,34.76916296,False,False,False,False,True,False,False,False,True,False,False,False,False,True
7,36.83436989,2,14,5,1,150.7922216,0,40.54158729,False,False,False,False,False,True,False,False,False,False,False,True,False,False
12,31.60233614,2,8,4,2,167.3979975,1,23.30020713,False,True,False,False,False,False,False,False,False,True,False,False,False,False
11,45.18133149,2,1,1,0,160.2061467,0,17.71882909,True,False,False,False,False,False,False,False,False,False,True,False,True,False
8,60.60533977,0,3,2,0,168.6341618,0,20.26701715,False,False,False,False,False,False,True,False,False,False,True,False,True,False
4,100.9497184,1,2,4,0,156.4692295,0,26.53120231,False,False,True,False,False,False,False,False,False,False,False,False,False,True
12,47.06246205,2,9,5,0,100.1586303,1,27.1173155,True,False,False,False,False,False,False,False,False,False,False,True,False,False
11,42.26294621,0,8,1,0,133.2591064,0,20.13990417,True,False,False,False,False,False,False,False,True,False,True,False,True,False
7,85.86097993,2,3,2,1,137.8281537,1,27.43595077,False,False,False,False,True,False,False,False,False,False,False,False,False,True
5,59.04600091,1,6,5,1,106.4600101,1,44.9836768,False,False,False,True,False,False,False,False,False,False,False,True,False,False
9,98.09577369,0,3,4,1,129.0408592,1,28.84570165,False,False,False,False,False,False,True,False,False,False,False,False,False,True
7,49.26041935,2,0,5,1,147.2756267,0,21.04402534,False,False,False,False,True,False,False,False,True,True,False,False,False,False
5,92.48396276,1,1,2,1,120.3145493,0,32.62813138,False,False,True,False,False,False,False,False,True,False,False,False,False,True
12,59.38544252,0,2,1,0,197.7151183,0,17.0675969,True,False,False,False,False,False,False,False,False,False,True,False,True,False
5,73.46433575,2,10,5,1,156.0628633,1,39.85959809,False,False,True,False,False,False,False,False,False,False,False,True,False,False
10,56.33113324,0,9,7,0,119.17932,0,45.38739748,False,False,False,False,False,False,False,True,False,False,False,True,False,False
11,20.0229132,8,3,5,2,139.3627401,1,34.69178926,True,False,False,False,False,False,False,False,False,True,False,False,False,False
6,88.34834941,2,2,4,1,141.2645707,1,34.02731012,False,False,False,False,True,False,False,False,False,False,False,False,False,True
5,62.53622581,2,6,4,0,110.3339525,0,44.8141829,False,False,True,False,False,False,False,False,False,False,True,True,False,False
12,79.82397292,3,4,2,0,157.7560322,0,28.03843028,False,True,False,False,False,False,False,False,False,False,False,False,False,True
8,90.49752321,1,5,4,1,151.8152036,0,32.11388629,False,False,False,False,False,True,False,False,True,False,True,False,False,True
12,95.14818567,1,3,4,0,169.105132,1,36.60821401,True,False,False,False,False,False,False,False,False,False,False,False,False,True
7,93.93248092,1,4,4,1,183.6773751,1,22.35602119,False,False,False,False,False,True,False,False,False,False,False,False,False,True
5,96.75739822,0,4,2,1,94.29602436,0,38.51380582,False,False,True,False,False,False,False,False,False,False,False,False,False,True
9,59.14692926,1,1,1,0,185.3857003,0,23.16695073,False,False,False,False,False,False,True,False,True,False,True,False,True,False
12,72.47037097,0,3,2,0,165.7195198,1,32.44204874,True,False,False,False,False,False,False,False,False,False,True,False,False,True
6,78.0042921,0,10,2,0,187.3530487,0,17.57369809,False,False,False,False,True,False,False,False,True,False,True,False,True,False
8,65.69774239,2,6,7,1,105.3408949,0,39.26753264,False,False,False,False,False,False,True,False,True,False,True,True,False,False
9,73.76029053,2,4,2,1,131.3060491,1,20.42288403,False,False,False,False,False,False,True,False,True,False,True,False,False,True
8,55.28382993,1,5,5,0,89.25295389,0,40.89295003,False,False,False,False,False,False,True,False,False,False,True,True,False,False
5,39.44326131,9,3,5,2,187.3340758,1,21.27746763,False,False,False,True,False,False,False,False,True,True,False,False,False,False
6,38.84940905,1,9,5,0,187.0956402,1,40.05352609,False,False,False,False,True,False,False,False,True,False,True,True,False,False
5,46.97286496,1,3,1,0,173.4545612,0,23.34372632,False,False,True,False,False,False,False,False,False,False,True,False,True,False
6,43.18661441,1,3,1,0,161.2964938,0,21.0622503,False,False,False,False,True,False,False,False,True,False,True,False,True,False
12,72.08020599,2,2,2,0,200.2138444,0,16.32743297,False,True,False,False,False,False,False,False,False,False,True,False,True,False
6,62.41444131,5,6,5,1,127.5802146,1,38.46822872,False,False,False,False,True,False,False,False,False,False,False,True,False,False
12,56.2841063,1,3,2,0,161.9346195,0,18.86994754,False,True,False,False,False,False,False,False,False,False,True,False,True,False
9,71.3422133,2,11,4,1,74.10455652,1,37.67151086,False,False,False,False,False,False,False,True,False,False,False,True,False,False
10,37.38582619,7,2,3,1,172.4127601,0,22.72474923,False,False,False,False,False,False,False,False,False,True,False,False,False,False
12,25.22482872,3,2,5,2,145.2217545,1,19.36313459,True,False,False,False,False,False,False,False,False,True,False,False,False,False
5,40.20030798,8,2,4,1,193.8040577,1,26.57574726,False,False,False,True,False,False,False,False,True,True,False,False,False,False
6,52.11237681,0,5,2,0,231.6180471,0,19.10596733,False,False,False,False,True,False,False,False,True,False,True,False,True,False
6,70.52957051,1,3,3,0,137.3996505,0,24.70215304,False,False,False,False,True,False,False,False,True,False,False,False,False,True
11,80.60236956,1,2,4,1,136.3254468,0,27.47326474,False,False,False,False,False,False,False,False,False,False,False,False,False,True
4,84.68340374,1,2,2,0,115.5494627,1,35.41127805,False,False,True,False,False,False,False,False,False,False,False,False,False,True
10,51.56489064,1,2,1,0,156.7915934,0,16.49538769,False,False,False,False,False,False,False,False,False,False,True,False,True,False
5,59.8233164,0,13,4,0,153.3455974,1,44.1982183,False,False,False,True,False,False,False,False,True,False,True,True,False,False
8,48.5257739,0,2,2,0,167.9151212,0,20.50689655,False,False,False,False,False,False,True,False,True,False,True,False,True,False
7,59.74802633,1,6,2,0,212.204291,0,21.66082201,False,False,False,False,True,False,False,False,True,False,True,False,True,False
7,61.31357571,4,14,7,1,143.364258,1,36.38170719,False,False,False,False,False,True,False,False,False,False,False,True,False,False
12,53.26892357,1,6,2,0,156.7028374,0,18.55546666,False,True,False,False,False,False,False,False,False,False,True,False,True,False
10,58.76003552,1,1,2,0,175.8614808,0,16.42848452,False,False,False,False,False,False,False,False,True,False,True,False,True,False
8,41.92978595,4,8,6,1,114.913073,0,52.27619512,False,False,False,False,False,True,False,False,False,False,False,True,False,False
9,46.00800118,5,9,5,1,160.1505353,1,40.15867584,False,False,False,False,False,False,True,False,False,False,True,True,False,False
8,38.77286302,9,2,4,2,124.3005675,1,27.01919739,False,False,False,False,False,True,False,False,True,True,False,False,False,False
10,70.50273271,2,16,4,1,129.9475339,0,38.96643779,False,False,False,False,False,False,False,False,False,False,True,True,False,False
11,68.90131877,1,9,4,1,80.2637704,1,56.58637384,False,False,False,False,False,False,False,False,True,False,True,True,False,False
12,83.38417187,1,3,1,0,201.792512,0,23.74585843,False,True,False,False,False,False,False,False,True,False,True,False,True,False
9,56.85125931,1,4,2,0,119.5956443,0,23.02467877,False,False,False,False,False,False,True,False,True,False,True,False,True,False
7,52.0909195,6,1,4,1,134.935823,1,28.64394064,False,False,False,False,False,True,False,False,False,True,False,False,False,False
12,111.4212599,1,1,2,0,160.6151605,0,20.13254673,True,False,False,False,False,False,False,False,True,False,True,False,False,True
5,50.98133722,1,9,4,1,136.6156325,1,47.07984815,False,False,True,False,False,False,False,False,True,False,True,True,False,False
12,47.85052264,2,17,4,1,176.3056657,1,40.57020704,False,True,False,False,False,False,False,False,False,False,False,True,False,False
12,51.40335077,2,0,3,2,137.1563425,0,26.96229568,True,False,False,False,False,False,False,False,True,True,False,False,False,False
9,60.07983667,2,2,4,1,143.6560435,1,27.45652267,False,False,False,False,False,False,False,True,False,False,False,False,False,True
8,41.33772126,4,2,4,1,148.9176079,1,27.54502421,False,False,False,False,False,True,False,False,False,True,False,False,False,False
8,66.29088257,3,3,2,0,175.0081934,0,19.04797637,False,False,False,False,False,True,False,False,False,False,True,False,True,False
7,41.51864114,8,1,3,2,150.7173555,1,19.46166974,False,False,False,False,False,True,False,False,True,True,False,False,False,False
11,35.05289771,6,2,3,1,170.2245585,1,21.05321841,False,False,False,False,False,False,False,False,False,True,False,False,False,False
6,28.21524556,2,6,4,1,128.0935938,1,34.58114596,False,False,False,False,True,False,False,False,False,False,True,True,False,False
7,88.16864359,0,1,4,0,122.4520065,0,32.23344891,False,False,False,False,False,True,False,False,True,False,True,False,False,True
5,77.79078449,1,1,3,1,143.2053163,1,36.72619322,False,False,False,True,False,False,False,False,True,False,False,False,False,True
10,80.84769491,0,4,4,1,171.0689419,0,29.37500667,False,False,False,False,False,False,False,False,True,False,True,False,False,True
12,73.93835455,1,2,1,0,163.2649191,0,21.4763373,False,True,False,False,False,False,False,False,False,False,True,False,True,False
7,47.11179934,1,11,6,0,160.8536747,0,41.44938569,False,False,False,False,True,False,False,False,False,False,False,True,False,False
5,73.85758245,1,7,3,1,144.5952785,0,28.27903145,False,False,True,False,False,False,False,False,False,False,False,False,False,True
10,30.76872174,3,1,3,1,203.5243148,1,24.69797238,False,False,False,False,False,False,False,False,False,True,False,False,False,False
9,43.86338112,1,12,4,1,106.1846697,0,40.48782916,False,False,False,False,False,False,True,False,False,False,True,True,False,False
8,53.72884874,0,4,1,0,175.8913188,0,19.00944477,False,False,False,False,False,False,True,False,True,False,True,False,True,False
10,55.25426519,4,12,5,1,144.489248,1,29.82272434,False,False,False,False,False,False,False,True,False,False,True,True,False,False
8,44.7226118,4,13,6,0,125.381695,1,36.86167441,False,False,False,False,False,False,True,False,False,False,True,True,False,False
9,73.42913649,1,10,6,0,132.7833644,0,44.59998035,False,False,False,False,False,False,True,False,True,False,False,True,False,False
6,46.35694997,1,9,4,0,131.7155466,0,37.91287996,False,False,False,False,True,False,False,False,True,False,False,True,False,False
9,86.66208473,0,4,2,1,169.6551555,1,31.55271225,False,False,False,False,False,False,True,False,True,False,False,False,False,True
11,95.9430799,1,3,4,0,146.7096137,1,42.17590016,True,False,False,False,False,False,False,False,True,False,False,False,False,True
12,72.42534388,0,3,2,0,198.2706394,0,22.57905612,False,True,False,False,False,False,False,False,False,False,True,False,True,False
4,35.72486441,9,1,4,2,110.5635593,1,25.71789482,False,False,True,False,False,False,False,False,True,True,False,False,False,False
12,34.80290629,1,12,4,1,144.0280861,1,41.74708158,False,True,False,False,False,False,False,False,True,False,False,True,False,False
4,49.43598623,7,0,5,1,206.6329384,0,23.25947936,False,False,True,False,False,False,False,False,True,True,False,False,False,False
6,69.06556828,0,4,2,0,252.401879,0,17.02655106,False,False,False,True,False,False,False,False,False,False,True,False,True,False
12,94.01416812,1,2,3,0,137.9458796,1,28.3710634,False,True,False,False,False,False,False,False,True,False,False,False,False,True
12,57.30391433,0,4,1,0,155.8171218,0,18.88305069,False,True,False,False,False,False,False,False,True,False,True,False,True,False
8,46.02267423,5,2,4,1,145.6979839,0,22.64312362,False,False,False,False,False,False,True,False,True,True,False,False,False,False
12,35.37418756,2,10,7,0,97.43501869,1,42.70473657,False,True,False,False,False,False,False,False,False,False,True,True,False,False
10,83.34041865,2,7,2,1,149.0548256,1,34.5241235,False,False,False,False,False,False,False,False,True,False,False,False,False,True
5,57.8249614,2,2,2,0,205.8372291,0,18.5931161,False,False,False,True,False,False,False,False,True,False,True,False,True,False
5,35.99424814,4,10,5,0,124.5554035,1,42.49238615,False,False,True,False,False,False,False,False,True,False,True,True,False,False
5,93.61530197,1,3,4,1,141.0070853,0,28.12752969,False,False,True,False,False,False,False,False,True,False,False,False,False,True
12,50.29716535,4,4,3,1,159.2476871,0,22.82951405,False,True,False,False,False,False,False,False,False,True,False,False,False,False
11,79.89326277,0,3,2,1,159.7672143,0,30.13550659,True,False,False,False,False,False,False,False,True,False,True,False,False,True
4,46.53929143,6,3,5,2,131.9242086,0,30.40961734,False,False,True,False,False,False,False,False,True,True,False,False,False,False
6,51.139211,2,1,2,0,200.123587,0,24.24625161,False,False,False,True,False,False,False,False,True,False,True,False,True,False
12,52.60606503,2,5,2,0,148.353233,0,26.97118599,False,True,False,False,False,False,False,False,True,False,True,False,True,False
12,85.86301229,1,2,3,0,169.1272949,1,26.25390897,False,True,False,False,False,False,False,False,False,False,False,False,False,True
12,35.20226596,6,1,5,1,133.6602304,1,26.23457244,False,True,False,False,False,False,False,False,True,True,False,False,False,False
10,26.36736971,0,9,7,0,120.4820972,0,42.14092076,False,False,False,False,False,False,False,True,True,False,True,True,False,False
8,75.38612253,1,10,3,0,160.5664524,0,27.79758259,False,False,False,False,False,False,True,False,False,False,True,False,False,True
10,30.42552155,1,5,4,0,149.1607917,0,39.55751772,False,False,False,False,False,False,False,True,True,False,True,True,False,False
4,72.15723919,0,2,1,0,189.1472487,0,22.07703664,False,False,True,False,False,False,False,False,True,False,True,False,True,False
11,59.92325135,3,2,3,2,163.8713696,1,27.07310319,True,False,False,False,False,False,False,False,True,True,False,False,False,False
4,51.41232758,0,3,2,0,166.1929099,0,25.7554033,False,False,True,False,False,False,False,False,True,False,True,False,True,False
5,25.09694315,3,2,4,2,162.5619335,0,29.84542573,False,False,True,False,False,False,False,False,False,True,False,False,False,False
10,59.92793985,0,6,2,0,163.7994577,0,21.84823662,False,False,False,False,False,False,False,True,False,False,True,False,True,False
8,42.98274025,1,12,4,0,88.0297491,0,31.37109427,False,False,False,False,False,False,True,False,False,False,True,True,False,False
8,88.06444763,1,1,3,1,101.5623571,1,25.36311163,False,False,False,False,False,True,False,False,True,False,False,False,False,True
6,52.66807175,1,4,2,0,187.0890835,0,18.92377228,False,False,False,False,True,False,False,False,False,False,True,False,True,False
4,47.02042314,2,9,6,1,164.6443105,0,38.34881894,False,False,True,False,False,False,False,False,True,False,True,True,False,False
12,48.52733157,2,3,2,0,206.5232032,0,16.88574318,False,True,False,False,False,False,False,False,True,False,True,False,True,False
8,67.41910092,1,13,6,1,123.4380196,1,41.01020732,False,False,False,False,False,True,False,False,False,False,True,True,False,False
9,33.06673989,1,5,4,0,123.888741,0,39.7179727,False,False,False,False,False,False,False,True,False,False,False,True,False,False
10,28.87046325,2,0,4,2,208.9806659,0,27.68057109,False,False,False,False,False,False,False,True,True,True,False,False,False,False
5,84.70791992,0,2,3,1,135.8153411,1,17.72750686,False,False,False,True,False,False,False,False,True,False,False,False,False,True
5,53.85528684,1,1,1,0,174.0099802,0,16.62450645,False,False,True,False,False,False,False,False,False,False,True,False,True,False
8,82.01855359,0,3,2,1,176.7501734,1,25.00421596,False,False,False,False,False,True,False,False,False,False,False,False,False,True
9,92.31340815,1,5,3,0,175.3261963,0,30.02283777,False,False,False,False,False,False,False,True,False,False,True,False,False,True
6,46.2636725,1,8,5,1,136.3291487,0,36.70166963,False,False,False,False,True,False,False,False,False,False,False,True,False,False
5,47.36091972,2,7,7,1,146.4588744,1,43.45956708,False,False,True,False,False,False,False,False,True,False,False,True,False,False
6,32.53017913,6,4,5,2,168.5891517,0,22.15174722,False,False,False,True,False,False,False,False,False,True,False,False,False,False
12,58.06805659,2,4,2,0,157.8748306,0,19.56574322,True,False,False,False,False,False,False,False,True,False,True,False,True,False
9,36.03850668,0,7,2,0,169.0075753,0,21.03292949,False,False,False,False,False,False,False,True,False,False,True,False,True,False
11,65.29301752,0,12,5,1,197.6625179,1,41.20555022,False,False,False,False,False,False,False,False,True,False,True,True,False,False
9,84.59196266,0,2,4,1,141.3198905,0,30.05018221,False,False,False,False,False,False,False,True,True,False,True,False,False,True
8,65.23604586,1,3,1,0,219.5039372,0,22.52129449,False,False,False,False,False,True,False,False,False,False,True,False,True,False
9,45.72799629,1,1,4,2,160.953194,1,32.32869257,False,False,False,False,False,False,True,False,True,True,False,False,False,False
7,39.17233934,5,0,5,1,176.895432,0,21.56097311,False,False,False,False,True,False,False,False,True,True,False,False,False,False
10,50.49782307,5,1,3,1,200.2813793,1,23.5009646,False,False,False,False,False,False,False,False,True,True,False,False,False,False
6,33.99589411,3,2,3,2,178.1513783,0,23.55605098,False,False,False,False,True,False,False,False,True,True,False,False,False,False
12,77.99069795,0,2,4,1,148.4241371,0,26.51311017,True,False,False,False,False,False,False,False,True,False,False,False,False,True
7,41.48122052,2,6,4,1,143.3636022,0,42.7450691,False,False,False,False,False,True,False,False,False,False,True,True,False,False
11,65.85937145,1,2,3,1,159.238442,0,31.53217226,False,False,False,False,False,False,False,False,False,False,True,False,False,True
9,47.44597343,6,0,3,2,143.593527,1,24.90440303,False,False,False,False,False,False,False,True,True,True,False,False,False,False
5,34.90353261,4,3,5,2,164.76209,1,20.87295751,False,False,False,True,False,False,False,False,True,True,False,False,False,False
6,40.34514854,2,7,7,1,106.8857337,1,28.11371694,False,False,False,False,True,False,False,False,True,False,True,True,False,False
10,25.57045445,2,9,5,1,108.1982778,1,37.65432918,False,False,False,False,False,False,False,False,True,False,True,True,False,False
12,31.15834068,4,0,5,1,141.4828005,0,26.4539245,False,True,False,False,False,False,False,False,True,True,False,False,False,False
10,90.42474196,1,3,2,1,168.9013405,1,33.88764331,False,False,False,False,False,False,False,True,False,False,False,False,False,True
8,96.66884998,2,4,3,0,155.195242,1,28.7067034,False,False,False,False,False,True,False,False,True,False,False,False,False,True
11,44.92776968,1,11,7,1,135.246077,0,42.34817897,False,False,False,False,False,False,False,False,False,False,False,True,False,False
8,86.79942616,1,2,2,0,153.4821906,0,31.00062032,False,False,False,False,False,False,True,False,False,False,False,False,False,True
5,16.92275314,5,1,4,1,150.1443605,0,31.19339446,False,False,True,False,False,False,False,False,False,True,False,False,False,False
10,69.18657128,2,2,3,0,126.3373565,1,28.89211286,False,False,False,False,False,False,False,True,False,False,False,False,False,True
7,65.90583122,0,14,6,1,97.26262776,0,42.72830433,False,False,False,False,False,True,False,False,False,False,False,True,False,False
9,76.4026077,1,1,3,1,171.517827,1,25.56655835,False,False,False,False,False,False,False,True,True,False,True,False,False,True
6,37.32688924,4,11,5,1,119.5354075,1,36.61688658,False,False,False,False,True,False,False,False,False,False,False,True,False,False
12,28.71401899,1,4,5,1,180.4992852,1,24.77499279,False,True,False,False,False,False,False,False,True,True,False,False,False,False
8,63.44220912,0,5,1,0,219.4999555,0,19.67790053,False,False,False,False,False,True,False,False,False,False,True,False,True,False
7,58.58741074,3,9,2,0,147.9903243,0,16.27376244,False,False,False,False,False,True,False,False,True,False,True,False,True,False
12,59.96611804,1,0,2,0,176.9087825,0,18.52972259,False,True,False,False,False,False,False,False,True,False,True,False,True,False
9,49.05113186,1,4,2,0,211.7796371,0,11.97610236,False,False,False,False,False,False,False,True,True,False,True,False,True,False
5,76.85957177,1,12,4,1,123.0017911,0,39.36393294,False,False,True,False,False,False,False,False,False,False,False,True,False,False
12,45.66774807,1,5,2,0,202.7982575,0,17.42839596,False,True,False,False,False,False,False,False,False,False,True,False,True,False
9,78.3860139,1,2,4,0,180.1681681,0,24.42936819,False,False,False,False,False,False,False,True,True,False,False,False,False,True
11,64.177854,0,8,1,0,162.3281113,0,20.75997535,False,False,False,False,False,False,False,False,True,False,True,False,True,False
11,45.97506487,2,0,3,1,135.6778735,0,23.53510357,False,False,False,False,False,False,False,False,True,True,False,False,False,False
6,49.00617122,7,1,3,2,177.433142,0,31.83058362,False,False,False,False,True,False,False,False,True,True,False,False,False,False
11,55.68119467,1,5,1,0,200.2672529,0,17.63291737,False,False,False,False,False,False,False,False,False,False,True,False,True,False
6,61.99820322,0,1,4,1,149.948238,0,27.75133602,False,False,False,False,True,False,False,False,True,False,False,False,False,True
10,68.33648443,2,12,5,0,97.30318536,1,37.84955175,False,False,False,False,False,False,False,True,False,False,True,True,False,False
8,74.07713043,0,5,2,0,155.5754827,0,21.63264646,False,False,False,False,False,True,False,False,False,False,True,False,True,False
4,18.98982515,0,12,4,1,152.6571557,0,33.38221316,False,False,True,False,False,False,False,False,False,False,True,True,False,False
10,77.82392057,2,5,2,0,139.4983724,1,28.45673172,False,False,False,False,False,False,False,True,False,False,True,False,False,True
5,59.68493553,1,15,4,0,135.6588629,0,36.72517956,False,False,False,True,False,False,False,False,False,False,False,True,False,False
5,35.99234446,7,2,5,1,181.5276515,1,24.88037195,False,False,False,True,False,False,False,False,False,True,False,False,False,False
10,93.55320324,0,1,2,0,154.4393595,1,22.5066529,False,False,False,False,False,False,False,True,True,False,True,False,False,True
11,100.0025699,3,3,2,0,140.4929047,1,31.79560607,True,False,False,False,False,False,False,False,True,False,True,False,False,True
5,35.33728588,4,5,5,2,78.02179553,0,24.99607492,False,False,False,True,False,False,False,False,False,True,False,False,False,False
8,83.73868259,2,16,7,1,113.0984229,1,29.92284616,False,False,False,False,False,False,True,False,True,False,False,True,False,False
12,71.26464514,3,2,2,1,160.3938987,0,25.76196802,False,True,False,False,False,False,False,False,False,False,True,False,False,True
5,41.97023361,6,6,5,1,128.283023,1,27.25750869,False,False,True,False,False,False,False,False,True,True,False,False,False,False
12,48.07381669,0,5,1,0,214.2240093,0,20.02433916,False,True,False,False,False,False,False,False,True,False,True,False,True,False
11,47.6301558,1,8,2,0,203.4078842,0,18.72349887,False,False,False,False,False,False,False,False,False,False,True,False,True,False
11,97.34483104,0,2,4,0,163.2015964,0,36.56157067,True,False,False,False,False,False,False,False,True,False,True,False,False,True
9,40.77066789,5,2,3,2,184.4087045,0,24.82598749,False,False,False,False,False,False,False,True,False,True,False,False,False,False
8,43.65648545,7,1,3,1,130.9765674,1,28.27306554,False,False,False,False,False,False,True,False,True,True,False,False,False,False
9,53.55205367,1,3,1,0,200.1991276,0,19.54338485,False,False,False,False,False,False,True,False,False,False,True,False,True,False
8,55.0584572,3,14,7,1,142.2417629,0,35.59516992,False,False,False,False,False,False,True,False,False,False,True,True,False,False
12,54.47837876,4,14,4,0,138.0310319,1,46.32546093,False,True,False,False,False,False,False,False,True,False,False,True,False,False
12,89.20246196,0,2,4,0,138.8968725,1,27.00699093,False,True,False,False,False,False,False,False,False,False,False,False,False,True
4,55.01124347,0,6,1,0,162.8503633,0,17.59366048,False,False,True,False,False,False,False,False,False,False,True,False,True,False
5,35.86688501,0,16,7,0,114.0226376,0,31.3632282,False,False,True,False,False,False,False,False,True,False,False,True,False,False
9,40.29133534,1,10,4,0,129.474816,0,37.72280594,False,False,False,False,False,False,True,False,True,False,False,True,False,False
8,41.72227132,2,2,5,2,171.1570782,0,26.43705081,False,False,False,False,False,True,False,False,False,True,False,False,False,False
7,39.5079229,5,3,3,1,184.6014426,1,29.92192387,False,False,False,False,False,True,False,False,False,True,False,False,False,False
7,53.47472291,0,15,7,0,131.8388019,0,34.71953405,False,False,False,False,False,True,False,False,False,False,False,True,False,False
11,37.72651703,3,2,3,2,142.3055041,1,25.90002915,True,False,False,False,False,False,False,False,True,True,False,False,False,False
5,80.63237119,0,2,2,0,133.7975879,0,26.16197483,False,False,True,False,False,False,False,False,True,False,False,False,False,True
9,48.7006806,3,1,5,1,197.9735822,0,23.9730484,False,False,False,False,False,False,True,False,False,True,False,False,False,False
12,89.07330144,0,5,3,1,170.6760364,0,24.95069636,False,True,False,False,False,False,False,False,True,False,True,False,False,True
9,73.94084125,1,14,6,0,142.0971095,0,50.00664196,False,False,False,False,False,False,False,True,False,False,True,True,False,False
5,40.42231437,7,2,3,2,112.21004,0,26.83647063,False,False,True,False,False,False,False,False,True,True,False,False,False,False
5,49.0908838,1,1,2,0,121.1222449,0,20.9700339,False,False,True,False,False,False,False,False,False,False,True,False,True,False
10,65.15804388,0,5,1,0,238.8154864,0,17.60555626,False,False,False,False,False,False,False,True,False,False,True,False,True,False
10,85.15578297,0,2,2,1,160.0048705,1,30.29265866,False,False,False,False,False,False,False,False,False,False,False,False,False,True
5,104.8453511,1,3,3,1,129.0436584,0,26.61458657,False,False,False,True,False,False,False,False,False,False,False,False,False,True
10,75.18255234,0,2,3,0,160.3890217,0,31.85194893,False,False,False,False,False,False,False,False,True,False,False,False,False,True
11,41.9966442,1,9,4,0,131.3588282,0,38.59696471,False,False,False,False,False,False,False,False,True,False,False,True,False,False
5,48.70999166,2,14,5,0,117.027807,1,44.66178016,False,False,False,True,False,False,False,False,True,False,True,True,False,False
9,16.34624313,0,8,5,1,157.4031137,0,37.04591451,False,False,False,False,False,False,False,True,True,False,True,True,False,False
8,58.79188895,0,0,2,0,148.3796573,1,33.4650686,False,False,False,False,False,True,False,False,True,False,False,False,False,True
12,34.97056163,7,2,3,2,108.234712,1,23.75159163,True,False,False,False,False,False,False,False,True,True,False,False,False,False
8,80.57355354,1,1,3,1,109.1965084,0,36.69236428,False,False,False,False,False,True,False,False,False,False,True,False,False,True
10,36.57012118,5,1,3,1,138.3400338,0,8.36906449,False,False,False,False,False,False,False,False,True,True,False,False,False,False
7,61.56897636,0,4,1,0,134.2613626,0,20.02845583,False,False,False,False,False,True,False,False,True,False,True,False,True,False
9,36.38462643,3,3,5,1,167.8765594,1,23.2886595,False,False,False,False,False,False,True,False,False,True,False,False,False,False
9,53.2276283,5,3,4,2,119.4769259,0,26.16601252,False,False,False,False,False,False,False,True,False,True,False,False,False,False
8,87.42298438,1,3,3,0,155.5006594,0,35.11392606,False,False,False,False,False,False,True,False,False,False,False,False,False,True
5,80.82253283,1,11,6,1,95.57059042,0,40.71120165,False,False,False,True,False,False,False,False,False,False,True,True,False,False
6,34.85592655,8,2,4,2,192.0623711,0,27.25800182,False,False,False,True,False,False,False,False,False,True,False,False,False,False
4,36.6890201,5,1,5,1,188.8666881,0,22.99186263,False,False,True,False,False,False,False,False,False,True,False,False,False,False
6,55.35153186,1,6,7,1,146.4537596,0,44.43419232,False,False,False,True,False,False,False,False,True,False,False,True,False,False
5,23.88347373,5,2,3,1,198.1642405,1,21.31484432,False,False,False,True,False,False,False,False,True,True,False,False,False,False
7,39.35532196,3,3,5,1,203.3456328,0,26.38852994,False,False,False,False,False,True,False,False,False,True,False,False,False,False
12,54.31916221,1,4,2,0,142.3055133,0,19.00905379,True,False,False,False,False,False,False,False,True,False,True,False,True,False
11,38.59469472,8,1,5,2,165.4005742,1,23.75896114,False,False,False,False,False,False,False,False,True,True,False,False,False,False
12,41.86699724,1,4,5,1,155.9187211,0,29.71087214,False,True,False,False,False,False,False,False,False,True,False,False,False,False
8,72.79759885,0,3,4,1,155.5202531,0,30.99360494,False,False,False,False,False,True,False,False,False,False,False,False,False,True
7,41.59902221,2,3,2,0,237.113863,0,12.25903694,False,False,False,False,False,True,False,False,False,False,True,False,True,False
11,83.83443105,0,2,2,1,146.8533476,0,38.08746621,True,False,False,False,False,False,False,False,False,False,False,False,False,True
4,90.49570969,0,3,4,0,135.6982001,0,23.93113703,False,False,True,False,False,False,False,False,False,False,False,False,False,True
11,75.46951786,2,1,3,1,128.5157441,1,33.29657558,False,False,False,False,False,False,False,False,True,False,False,False,False,True
6,82.42431978,1,1,3,0,108.1687128,1,33.27728035,False,False,False,True,False,False,False,False,True,False,False,False,False,True
7,86.35339589,0,1,3,0,157.8567386,0,20.06920036,False,False,False,False,False,True,False,False,False,False,True,False,False,True
10,63.14283121,4,4,1,0,230.0692992,0,21.39359641,False,False,False,False,False,False,False,False,True,False,True,False,True,False
6,92.70842463,0,0,4,1,129.9705898,0,34.17986646,False,False,False,True,False,False,False,False,False,False,False,False,False,True
12,36.37763815,3,2,5,2,165.5013094,1,31.13895497,False,True,False,False,False,False,False,False,True,True,False,False,False,False
4,76.79288983,0,1,3,1,111.3767029,1,26.82967621,False,False,True,False,False,False,False,False,True,False,True,False,False,True
12,42.20409215,7,3,5,1,122.9657369,1,27.66068847,False,True,False,False,False,False,False,False,False,True,False,False,False,False
10,43.64487456,2,8,4,1,113.2459816,0,45.20456615,False,False,False,False,False,False,False,True,False,False,False,True,False,False
9,38.74768004,1,3,2,0,188.1628789,0,18.67259953,False,False,False,False,False,False,True,False,True,False,True,False,True,False
6,73.99803979,3,5,2,0,202.6288776,0,17.54864371,False,False,False,False,True,False,False,False,True,False,True,False,True,False
12,81.64864618,2,1,4,0,134.5422752,1,30.75914539,False,True,False,False,False,False,False,False,False,False,False,False,False,True
8,55.15095918,0,5,1,0,173.1826691,0,16.22205115,False,False,False,False,False,False,True,False,False,False,True,False,True,False
11,54.91537673,0,2,2,0,151.407935,0,15.50771255,True,False,False,False,False,False,False,False,True,False,True,False,True,False
5,35.83651769,1,13,7,0,128.0336051,1,52.13922161,False,False,True,False,False,False,False,False,True,False,True,True,False,False
11,60.99061565,1,12,4,1,164.5440099,0,36.98782252,False,False,False,False,False,False,False,False,True,False,True,True,False,False
8,44.7220257,3,13,4,0,111.8105654,0,36.3390148,False,False,False,False,False,False,True,False,True,False,False,True,False,False
5,52.66605377,8,2,3,1,168.8994413,1,27.99285748,False,False,False,True,False,False,False,False,False,True,False,False,False,False
11,32.48745344,0,5,1,0,207.7322185,0,18.00670949,True,False,False,False,False,False,False,False,False,False,True,False,True,False
9,89.33208264,3,2,2,0,139.7943786,0,25.91041966,False,False,False,False,False,False,False,True,True,False,False,False,False,True
12,62.69566527,1,5,2,0,171.3706043,0,16.81422166,False,True,False,False,False,False,False,False,True,False,True,False,True,False
8,47.89007953,0,3,2,0,211.5584633,0,19.20135124,False,False,False,False,False,True,False,False,True,False,True,False,True,False
10,87.16458665,0,2,2,0,214.7011979,0,19.7913367,False,False,False,False,False,False,False,True,False,False,True,False,True,False
11,58.91993337,2,7,6,1,86.7088407,1,49.93059449,False,False,False,False,False,False,False,False,True,False,False,True,False,False
7,55.82551294,5,0,3,2,158.8478629,0,23.79121951,False,False,False,False,True,False,False,False,True,True,False,False,False,False
6,75.64362569,1,8,1,0,161.8379518,0,16.80213214,False,False,False,False,True,False,False,False,True,False,True,False,True,False
6,54.24506104,0,4,2,0,189.4101346,0,17.36142509,False,False,False,True,False,False,False,False,True,False,True,False,True,False
12,38.58929028,6,6,4,1,139.2334909,1,23.54518819,False,True,False,False,False,False,False,False,False,True,False,False,False,False
5,79.83956362,2,1,2,1,126.0859803,0,18.15164172,False,False,False,True,False,False,False,False,False,False,False,False,False,True
5,85.19282945,3,6,4,0,152.1056295,0,25.05712825,False,False,True,False,False,False,False,False,True,False,False,False,False,True
9,35.4549005,7,2,3,1,169.75715,1,23.42979908,False,False,False,False,False,False,False,True,True,True,False,False,False,False
10,55.76499053,2,9,5,1,129.0797616,0,32.58292884,False,False,False,False,False,False,False,False,True,False,False,True,False,False
10,73.17163828,4,9,6,1,150.8699065,0,48.18890629,False,False,False,False,False,False,False,False,True,False,False,True,False,False
5,35.16027977,4,14,7,0,117.9534379,1,43.79716861,False,False,True,False,False,False,False,False,False,False,True,True,False,False
8,33.7144377,3,1,3,2,176.4235981,1,24.67166472,False,False,False,False,False,True,False,False,True,True,False,False,False,False
7,64.8018224,1,4,4,1,142.1761732,1,32.79851423,False,False,False,False,False,True,False,False,False,False,False,False,False,True
5,35.15807691,0,8,5,1,129.7976595,0,39.8558189,False,False,False,True,False,False,False,False,False,False,False,True,False,False
7,40.93839189,8,4,5,1,186.0533766,0,25.94148264,False,False,False,False,False,True,False,False,False,True,False,False,False,False
11,60.78693112,1,4,1,0,164.9406126,0,18.18076298,True,False,False,False,False,False,False,False,False,False,True,False,True,False
5,32.88293219,7,2,3,2,194.074146,0,21.33417763,False,False,True,False,False,False,False,False,True,True,False,False,False,False
8,52.3967241,0,4,2,0,230.1878867,0,23.1701438,False,False,False,False,False,True,False,False,False,False,True,False,True,False
7,71.0360957,0,4,1,0,159.3067382,0,19.40961671,False,False,False,False,False,True,False,False,False,False,True,False,True,False
11,48.36706033,1,4,1,0,188.6153201,0,19.50317689,False,False,False,False,False,False,False,False,False,False,True,False,True,False
6,99.65360143,3,2,2,1,152.9986265,0,35.40064771,False,False,False,True,False,False,False,False,True,False,False,False,False,True
10,52.27328508,2,6,2,0,162.5798421,0,20.49522129,False,False,False,False,False,False,False,False,False,False,True,False,True,False
10,46.68193099,5,2,5,2,117.9051566,0,23.34541493,False,False,False,False,False,False,False,False,False,True,False,False,False,False
10,73.81843351,3,2,3,0,115.6018787,1,26.44336184,False,False,False,False,False,False,False,True,False,False,False,False,False,True
12,37.35724397,2,0,4,2,119.6735962,1,26.70914608,True,False,False,False,False,False,False,False,False,True,False,False,False,False
8,95.80683852,1,3,4,1,168.5070424,0,26.99150849,False,False,False,False,False,False,True,False,False,False,True,False,False,True
11,57.42081481,0,5,4,0,82.49755069,0,35.84915684,True,False,False,False,False,False,False,False,True,False,False,True,False,False
12,95.31986318,2,3,2,1,150.9101196,0,31.45107796,False,True,False,False,False,False,False,False,True,False,False,False,False,True
11,79.26013937,1,4,1,0,179.0225418,0,18.10004713,True,False,False,False,False,False,False,False,True,False,True,False,True,False
6,47.19683817,8,3,3,2,111.6377585,0,25.81501282,False,False,False,False,True,False,False,False,False,True,False,False,False,False
5,51.01415234,6,4,5,1,120.7831265,1,26.46366066,False,False,True,False,False,False,False,False,True,True,False,False,False,False
6,66.56768773,1,3,2,0,144.5088472,0,13.87493828,False,False,False,True,False,False,False,False,True,False,True,False,True,False
10,78.93635055,1,4,3,1,165.2908819,1,27.18048049,False,False,False,False,False,False,False,False,False,False,True,False,False,True
11,52.03952954,1,2,1,0,157.0659514,0,24.06368361,True,False,False,False,False,False,False,False,True,False,True,False,True,False
12,70.59332789,0,9,5,1,158.8138317,0,37.79837497,True,False,False,False,False,False,False,False,True,False,True,True,False,False
10,64.62379115,1,8,4,0,136.8059592,0,49.97944898,False,False,False,False,False,False,False,True,False,False,False,True,False,False
8,44.11111802,3,1,4,1,165.4709765,1,18.68871864,False,False,False,False,False,True,False,False,False,True,False,False,False,False
10,51.07699083,7,1,3,2,138.8840616,0,27.50148549,False,False,False,False,False,False,False,False,False,True,False,False,False,False
5,31.5926514,1,11,6,1,154.4982093,1,49.32227119,False,False,True,False,False,False,False,False,True,False,False,True,False,False
7,16.71963557,2,2,5,1,187.0242554,1,30.72723348,False,False,False,False,False,True,False,False,False,True,False,False,False,False
6,85.24483524,2,4,3,1,148.3870696,0,39.81083889,False,False,False,True,False,False,False,False,False,False,False,False,False,True
9,45.02440902,3,2,3,2,118.2371859,1,20.66333519,False,False,False,False,False,False,True,False,True,True,False,False,False,False
8,75.83968367,1,3,3,1,153.4964404,0,24.67732509,False,False,False,False,False,True,False,False,False,False,True,False,False,True
7,86.37594048,2,6,3,1,150.7480617,0,30.00395269,False,False,False,False,False,True,False,False,True,False,True,False,False,True
9,67.28489088,1,6,1,0,170.1628541,0,18.2155827,False,False,False,False,False,False,True,False,True,False,True,False,True,False
10,43.49634258,5,1,5,1,147.8651387,0,27.59122449,False,False,False,False,False,False,False,True,False,True,False,False,False,False
7,21.22575547,6,1,5,1,157.7206982,0,25.68001439,False,False,False,False,True,False,False,False,True,True,False,False,False,False
6,36.9670966,4,1,5,1,155.435843,1,22.03164469,False,False,False,True,False,False,False,False,False,True,False,False,False,False
11,69.67209647,0,6,1,0,163.5208353,0,18.60635623,False,False,False,False,False,False,False,False,True,False,True,False,True,False
8,71.81856407,1,3,4,1,123.4727576,0,24.25819087,False,False,False,False,False,True,False,False,False,False,True,False,False,True
5,35.27307426,4,13,6,1,131.4607271,0,39.88974112,False,False,True,False,False,False,False,False,False,False,True,True,False,False
8,67.39661091,5,4,1,0,150.4887143,0,23.69839741,False,False,False,False,False,False,True,False,True,False,True,False,True,False
11,89.73104921,1,4,3,1,159.1266672,1,37.87505547,False,False,False,False,False,False,False,False,False,False,True,False,False,True
10,76.97178464,3,1,2,0,147.8141597,0,29.49876205,False,False,False,False,False,False,False,True,False,False,True,False,False,True
10,92.56003202,0,2,3,1,151.3615257,1,32.44417757,False,False,False,False,False,False,False,True,False,False,False,False,False,True
12,33.48998662,2,13,4,0,113.4357573,1,37.07340901,True,False,False,False,False,False,False,False,False,False,True,True,False,False
11,48.63007325,4,8,5,1,92.9490107,0,29.56670479,True,False,False,False,False,False,False,False,False,False,False,True,False,False
12,72.89190794,3,16,4,0,114.0664657,0,41.8647431,True,False,False,False,False,False,False,False,False,False,False,True,False,False
10,42.67065285,2,8,1,0,183.2208989,0,17.59500884,False,False,False,False,False,False,False,False,True,False,True,False,True,False
7,33.51772755,8,1,5,1,199.2058155,0,19.86513104,False,False,False,False,True,False,False,False,False,True,False,False,False,False
4,32.83988272,6,2,5,1,191.9841712,0,31.02739878,False,False,True,False,False,False,False,False,True,True,False,False,False,False
12,80.5866945,6,7,4,1,133.7551186,1,47.55675381,False,True,False,False,False,False,False,False,True,False,False,True,False,False
5,56.91311662,9,2,3,2,144.8968671,1,29.60394611,False,False,True,False,False,False,False,False,False,True,False,False,False,False
5,97.10716409,2,2,3,1,157.1634086,1,35.24017893,False,False,True,False,False,False,False,False,False,False,True,False,False,True
6,72.06922605,3,11,6,0,96.21516338,0,46.46439404,False,False,False,False,True,False,False,False,True,False,True,True,False,False
10,70.60436393,1,1,2,0,185.1472535,0,27.78543772,False,False,False,False,False,False,False,True,True,False,False,False,False,True
9,47.30615195,2,10,5,1,111.8765937,0,45.04423046,False,False,False,False,False,False,True,False,False,False,False,True,False,False
9,10.89686557,3,6,3,1,152.2567619,1,33.04107678,False,False,False,False,False,False,False,True,True,True,False,False,False,False
12,38.86281714,4,1,3,2,175.9318652,0,17.07055704,False,True,False,False,False,False,False,False,False,True,False,False,False,False
12,74.23704763,1,6,1,0,160.9418296,0,15.63838124,True,False,False,False,False,False,False,False,True,False,True,False,True,False
10,49.80358828,2,1,3,2,154.6489122,0,24.36929766,False,False,False,False,False,False,False,True,False,True,False,False,False,False
5,38.83679171,6,3,5,1,140.2804941,1,23.2785119,False,False,True,False,False,False,False,False,True,True,False,False,False,False
4,84.33227796,1,1,4,0,171.2418987,1,33.19634616,False,False,True,False,False,False,False,False,False,False,False,False,False,True
6,64.25747215,1,13,6,1,144.8183483,1,40.86013436,False,False,False,False,True,False,False,False,True,False,True,True,False,False
5,61.44452779,2,4,2,0,147.1727445,0,19.06996884,False,False,False,True,False,False,False,False,True,False,True,False,True,False
8,35.65699861,2,11,4,1,164.0403789,1,40.03430763,False,False,False,False,False,True,False,False,False,False,False,True,False,False
12,67.59190442,1,3,2,0,157.2530591,0,21.79356461,False,True,False,False,False,False,False,False,False,False,True,False,True,False
8,92.92574544,0,8,7,1,156.9589499,1,48.55953624,False,False,False,False,False,True,False,False,True,False,True,True,False,False
12,76.68932445,2,1,2,0,175.2267737,0,27.32704116,False,True,False,False,False,False,False,False,False,False,False,False,False,True
6,60.59434759,1,4,2,0,182.7907849,0,19.20297195,False,False,False,False,True,False,False,False,False,False,True,False,True,False
7,63.90020956,0,2,2,0,113.6543937,0,23.7712693,False,False,False,False,True,False,False,False,False,False,True,False,True,False
7,34.60332837,6,9,4,1,121.9436563,1,50.84435449,False,False,False,False,False,True,False,False,False,False,True,True,False,False
7,40.12578251,2,3,1,0,130.8342398,0,24.71367818,False,False,False,False,False,True,False,False,True,False,True,False,True,False
7,39.48849927,7,1,5,2,156.9852364,0,22.08792438,False,False,False,False,False,True,False,False,True,True,False,False,False,False
6,26.87602943,5,3,3,2,164.6004197,0,24.07188226,False,False,False,False,True,False,False,False,True,True,False,False,False,False
11,55.24899914,1,6,4,0,161.0891163,1,41.56006256,True,False,False,False,False,False,False,False,True,False,False,True,False,False
5,83.30011128,1,4,3,1,122.1439961,0,29.26190405,False,False,False,True,False,False,False,False,True,False,True,False,False,True
7,41.56790346,1,9,1,0,161.3110212,0,20.61851336,False,False,False,False,True,False,False,False,False,False,True,False,True,False
8,69.4673866,1,3,2,0,150.7823669,0,18.55795431,False,False,False,False,False,True,False,False,True,False,True,False,True,False
11,87.98228126,0,6,3,0,133.5128069,0,24.81045267,True,False,False,False,False,False,False,False,True,False,False,False,False,True
6,54.55113367,2,2,2,0,173.4617379,0,20.70160448,False,False,False,True,False,False,False,False,False,False,True,False,True,False
7,23.55618267,9,2,5,1,102.6121181,1,24.67046713,False,False,False,False,False,True,False,False,False,True,False,False,False,False
12,39.00734424,1,11,4,1,157.3397969,1,42.7908507,False,True,False,False,False,False,False,False,False,False,False,True,False,False
7,69.44117475,0,0,4,0,154.199114,0,21.02192431,False,False,False,False,False,True,False,False,False,False,False,False,False,True
8,63.69537517,0,3,1,0,175.9805577,0,16.08633066,False,False,False,False,False,True,False,False,False,False,True,False,True,False
11,36.87562528,4,1,3,1,221.842952,1,27.1968371,True,False,False,False,False,False,False,False,False,True,False,False,False,False
4,63.2815925,0,2,2,0,198.860949,0,17.83456564,False,False,True,False,False,False,False,False,False,False,True,False,True,False
12,89.74299345,0,2,2,0,154.6205408,1,29.19984705,False,True,False,False,False,False,False,False,False,False,False,False,False,True
6,34.0432225,4,1,3,2,207.3158541,0,25.23006263,False,False,False,False,True,False,False,False,True,True,False,False,False,False
10,52.78743921,0,3,3,1,129.9501982,0,28.47142668,False,False,False,False,False,False,False,False,False,False,False,False,False,True
12,45.91602787,6,1,4,1,137.5433791,1,25.83764424,False,True,False,False,False,False,False,False,False,True,False,False,False,False
11,31.97753155,3,0,5,2,175.3988399,0,24.1926833,False,False,False,False,False,False,False,False,True,True,False,False,False,False
8,78.07114531,0,2,4,0,146.0542606,0,30.46442275,False,False,False,False,False,False,True,False,True,False,False,False,False,True
12,55.73032971,5,3,3,2,156.049405,1,31.42734419,False,True,False,False,False,False,False,False,False,True,False,False,False,False
12,42.80760294,1,14,7,1,149.7090944,1,39.75270155,False,True,False,False,False,False,False,False,False,False,False,True,False,False
4,54.30613573,1,13,4,1,106.0605798,0,36.60648442,False,False,True,False,False,False,False,False,False,False,False,True,False,False
9,51.74815102,2,9,7,1,154.8220547,0,40.34657551,False,False,False,False,False,False,True,False,False,False,True,True,False,False
4,23.74372479,5,2,4,2,142.7129206,0,24.42395373,False,False,True,False,False,False,False,False,True,True,False,False,False,False
9,43.03942023,7,0,5,2,149.3805081,0,33.0691963,False,False,False,False,False,False,True,False,True,True,False,False,False,False
9,44.45851228,4,3,5,1,199.6047278,0,25.39415662,False,False,False,False,False,False,True,False,True,True,False,False,False,False
12,65.0293157,3,6,2,0,164.0509762,1,24.99051576,False,True,False,False,False,False,False,False,False,False,False,False,False,True
9,63.9640119,2,0,5,2,169.2625122,0,25.68907565,False,False,False,False,False,False,True,False,True,True,False,False,False,False
9,30.08078184,8,2,5,2,187.7366978,0,27.32150988,False,False,False,False,False,False,False,True,False,True,False,False,False,False
11,54.41207997,0,3,1,0,106.5341976,0,18.56347042,True,False,False,False,False,False,False,False,True,False,True,False,True,False
5,58.33843719,3,3,3,1,164.2717271,1,21.99875979,False,False,False,True,False,False,False,False,True,True,False,False,False,False
10,39.44951918,4,16,7,1,111.5018672,1,35.89652899,False,False,False,False,False,False,False,True,False,False,True,True,False,False
5,41.9521551,5,1,3,1,213.4070395,0,19.91694467,False,False,False,True,False,False,False,False,True,True,False,False,False,False
6,66.81590195,4,3,2,0,157.0022618,0,19.23667163,False,False,False,False,True,False,False,False,False,False,True,False,True,False
9,103.9856546,1,4,3,1,151.4528101,0,27.58074186,False,False,False,False,False,False,True,False,True,False,False,False,False,True
12,36.47316694,2,7,5,1,119.015194,0,47.43090809,False,True,False,False,False,False,False,False,True,False,True,True,False,False
10,38.31994614,1,4,4,1,153.8482371,1,29.75601186,False,False,False,False,False,False,False,True,True,True,False,False,False,False
9,77.66233649,2,12,6,1,141.3716476,1,37.52188913,False,False,False,False,False,False,False,True,True,False,False,True,False,False
5,82.14376459,2,4,2,1,141.4659161,1,27.79359234,False,False,False,True,False,False,False,False,False,False,False,False,False,True
5,86.43844094,2,5,3,0,140.8180064,1,34.03987598,False,False,True,False,False,False,False,False,False,False,True,False,False,True
10,72.83907296,1,2,3,0,157.6318635,0,28.78259181,False,False,False,False,False,False,False,True,False,False,True,False,False,True
10,65.16142635,0,3,4,0,167.0435142,1,34.22655165,False,False,False,False,False,False,False,False,False,False,False,False,False,True
6,62.54883875,1,4,1,0,167.9216929,0,13.49820423,False,False,False,False,True,False,False,False,False,False,True,False,True,False
9,93.70682406,2,2,3,1,143.7743314,1,17.80476705,False,False,False,False,False,False,True,False,True,False,False,False,False,True
7,42.96219515,6,0,4,1,118.1304317,1,25.10538463,False,False,False,False,True,False,False,False,False,True,False,False,False,False
12,46.70553773,6,2,4,2,153.7412787,1,29.52244824,True,False,False,False,False,False,False,False,True,True,False,False,False,False
4,29.31571902,6,0,4,1,159.5602089,1,25.47106628,False,False,True,False,False,False,False,False,False,True,False,False,False,False
12,36.5167432,1,3,1,0,233.9457806,0,14.65375409,True,False,False,False,False,False,False,False,True,False,True,False,True,False
12,59.44035525,3,5,1,0,217.9439246,0,17.1606721,False,True,False,False,False,False,False,False,True,False,True,False,True,False
9,33.20437559,3,8,7,0,161.7847447,0,36.51447318,False,False,False,False,False,False,True,False,True,False,True,True,False,False
6,72.10343173,0,1,2,0,172.427463,0,32.84071518,False,False,False,False,True,False,False,False,True,False,False,False,False,True
4,48.39759383,0,9,6,0,132.5235352,1,28.61403881,False,False,True,False,False,False,False,False,False,False,True,True,False,False
10,42.85805978,3,7,4,1,164.3313467,0,35.70971321,False,False,False,False,False,False,False,False,True,False,True,True,False,False
7,53.83559313,1,9,4,1,125.3372123,1,46.58618722,False,False,False,False,False,True,False,False,True,False,False,True,False,False
9,91.76928617,0,2,4,0,131.8768602,1,29.16969094,False,False,False,False,False,False,True,False,False,False,False,False,False,True
6,22.98544531,1,13,6,1,108.4009275,1,41.62323982,False,False,False,False,True,False,False,False,True,False,False,True,False,False
12,51.28265698,2,6,5,2,153.7945413,0,19.93261704,True,False,False,False,False,False,False,False,False,True,False,False,False,False
11,22.75498324,2,3,5,2,164.562741,1,30.79325478,True,False,False,False,False,False,False,False,True,True,False,False,False,False
12,73.90568147,0,2,2,0,163.9967981,0,23.94690156,True,False,False,False,False,False,False,False,True,False,True,False,True,False
12,66.16371069,3,4,1,0,202.1617811,0,20.08008831,True,False,False,False,False,False,False,False,False,False,True,False,True,False
12,58.30293929,2,13,6,0,127.396755,0,37.46518479,False,True,False,False,False,False,False,False,True,False,True,True,False,False
7,54.20189584,1,2,1,0,198.9555588,0,26.40271252,False,False,False,False,False,True,False,False,False,False,True,False,True,False
4,38.17266814,5,12,5,1,156.8456954,1,40.41100932,False,False,True,False,False,False,False,False,True,False,False,True,False,False
12,68.86678019,1,5,1,0,166.9902092,0,22.33466695,True,False,False,False,False,False,False,False,True,False,True,False,True,False
7,25.62145789,7,5,5,1,190.2520683,1,22.32261315,False,False,False,False,True,False,False,False,False,True,False,False,False,False
12,47.65184607,4,0,4,1,192.0360931,1,11.34865247,True,False,False,False,False,False,False,False,True,True,False,False,False,False
7,31.63837353,2,8,7,1,132.9788542,1,32.84679668,False,False,False,False,False,True,False,False,True,False,False,True,False,False
8,70.35634727,0,3,2,0,152.2125905,0,20.72071077,False,False,False,False,False,False,True,False,False,False,True,False,True,False
7,24.67729875,7,0,5,2,158.0638641,1,19.68812372,False,False,False,False,True,False,False,False,False,True,False,False,False,False
11,47.45394759,0,4,2,0,211.3225161,0,23.48392384,True,False,False,False,False,False,False,False,False,False,True,False,True,False
6,34.88744471,5,1,4,1,162.9304622,0,21.83071337,False,False,False,True,False,False,False,False,False,True,False,False,False,False
10,40.75351709,1,3,1,0,224.0892168,0,25.19516132,False,False,False,False,False,False,False,False,True,False,True,False,True,False
9,60.95409685,2,5,2,0,232.2564905,0,23.50045328,False,False,False,False,False,False,False,True,False,False,True,False,True,False
8,59.27056892,1,6,7,0,115.347558,1,43.12031867,False,False,False,False,False,True,False,False,False,False,True,True,False,False
12,43.15232416,1,12,5,1,128.4928264,1,39.44702858,False,True,False,False,False,False,False,False,False,False,True,True,False,False
4,29.42132337,6,1,3,2,86.242409,0,23.53185603,False,False,True,False,False,False,False,False,False,True,False,False,False,False
12,30.44105054,6,1,4,2,179.6492001,0,28.73971161,False,True,False,False,False,False,False,False,False,True,False,False,False,False
9,77.03811408,0,1,1,0,164.6949904,0,16.52649023,False,False,False,False,False,False,False,True,True,False,True,False,True,False
12,67.87225679,0,3,2,0,152.8414493,0,13.68186843,True,False,False,False,False,False,False,False,False,False,True,False,True,False
11,40.0175938,3,13,7,1,137.7500285,0,38.61477813,True,False,False,False,False,False,False,False,False,False,False,True,False,False
11,43.21452138,3,2,2,0,216.2807919,0,20.18874833,False,False,False,False,False,False,False,False,False,False,True,False,True,False
6,46.02406994,1,10,4,1,164.6937008,0,27.3319306,False,False,False,True,False,False,False,False,False,False,True,True,False,False
8,92.7766744,2,2,2,0,158.4327502,0,34.6893277,False,False,False,False,False,True,False,False,False,False,False,False,False,True
6,47.38974579,8,4,3,1,174.1483295,1,21.50792197,False,False,False,False,True,False,False,False,False,True,False,False,False,False
5,61.43804826,1,3,3,1,124.1114687,0,31.47449816,False,False,False,True,False,False,False,False,True,False,False,False,False,True
12,45.33833246,7,2,4,2,167.6972538,0,30.21446052,False,True,False,False,False,False,False,False,False,True,False,False,False,False
6,31.4703764,4,8,6,0,176.8906556,1,44.13761427,False,False,False,False,True,False,False,False,True,False,False,True,False,False
11,34.66204049,3,1,5,2,174.6279101,0,27.03840286,False,False,False,False,False,False,False,False,True,True,False,False,False,False
7,59.74907943,7,1,5,2,145.3030389,0,20.24179759,False,False,False,False,True,False,False,False,True,True,False,False,False,False
7,100.8997385,1,1,3,0,122.1273782,0,28.56918285,False,False,False,False,True,False,False,False,True,False,False,False,False,True
12,39.05509387,1,3,6,0,78.9729616,0,32.14473962,True,False,False,False,False,False,False,False,False,False,False,True,False,False
9,31.21845133,2,8,6,0,142.8688874,1,27.82735912,False,False,False,False,False,False,False,True,True,False,True,True,False,False
12,55.76987393,3,12,7,0,148.6789541,0,27.94589876,False,True,False,False,False,False,False,False,False,False,False,True,False,False
6,13.22164632,8,1,4,1,160.1708714,0,23.18129316,False,False,False,False,True,False,False,False,True,True,False,False,False,False
7,73.73720962,1,6,1,0,116.8809466,0,24.50997229,False,False,False,False,False,True,False,False,True,False,True,False,True,False
8,41.99420569,3,1,1,0,181.1683175,0,22.84223319,False,False,False,False,False,True,False,False,True,False,True,False,True,False
11,68.39484062,3,10,5,1,88.50086111,1,31.22308091,False,False,False,False,False,False,False,False,True,False,True,True,False,False
8,75.95442831,1,12,5,1,190.0756135,1,37.43193836,False,False,False,False,False,True,False,False,True,False,False,True,False,False
11,79.52574933,1,1,3,1,116.8032587,1,30.42879593,True,False,False,False,False,False,False,False,True,False,False,False,False,True
6,38.65397762,3,8,6,0,144.4886298,0,40.88259564,False,False,False,False,True,False,False,False,False,False,True,True,False,False
7,88.3963649,0,3,2,0,128.6303732,0,34.23709212,False,False,False,False,False,True,False,False,False,False,True,False,False,True
11,45.46020518,3,1,4,1,155.0368752,1,30.70415022,True,False,False,False,False,False,False,False,False,True,False,False,False,False
6,92.87830969,1,3,3,0,126.8699218,0,27.58120464,False,False,False,True,False,False,False,False,True,False,False,False,False,True
4,54.91810433,9,1,5,1,99.2884348,0,19.75267023,False,False,True,False,False,False,False,False,False,True,False,False,False,False
6,91.53671745,1,8,7,1,187.0649013,1,33.4346544,False,False,False,False,True,False,False,False,True,False,True,True,False,False
11,72.07005587,0,2,1,0,159.1633556,0,19.28609417,True,False,False,False,False,False,False,False,False,False,True,False,True,False
4,82.5369946,1,3,4,1,170.9782167,1,34.74205899,False,False,True,False,False,False,False,False,False,False,True,False,False,True
6,27.40621089,4,9,7,0,163.7414447,0,42.9796925,False,False,False,True,False,False,False,False,False,False,True,True,False,False
4,77.17332079,1,9,5,0,125.6622039,0,32.42441321,False,False,True,False,False,False,False,False,False,False,True,True,False,False
12,85.34740502,2,4,2,0,139.8506291,0,35.77478532,True,False,False,False,False,False,False,False,True,False,True,False,False,True
12,20.46114071,4,14,6,1,115.1119938,1,36.25300117,True,False,False,False,False,False,False,False,True,False,True,True,False,False
5,67.86192062,5,17,5,0,136.9638945,1,38.43510487,False,False,True,False,False,False,False,False,False,False,False,True,False,False
12,41.53810665,1,18,7,0,117.8640831,0,41.29934527,False,True,False,False,False,False,False,False,False,False,True,True,False,False
12,30.36150045,1,10,4,0,146.5323097,1,39.06024507,False,True,False,False,False,False,False,False,True,False,True,True,False,False
8,77.75120108,1,9,2,0,209.6155379,1,35.91532689,False,False,False,False,False,True,False,False,True,False,False,False,False,True
8,60.00150055,1,3,3,0,109.7146819,0,29.10198121,False,False,False,False,False,True,False,False,True,False,False,False,False,True
5,69.30221567,1,6,4,0,148.1056232,0,30.96965568,False,False,True,False,False,False,False,False,True,False,False,False,False,True
11,25.63969348,8,3,5,1,146.2884109,0,18.16820699,False,False,False,False,False,False,False,False,True,True,False,False,False,False
5,44.8396232,1,8,6,1,131.4614623,0,47.89812341,False,False,True,False,False,False,False,False,False,False,False,True,False,False
6,45.26193556,1,3,2,0,137.3070408,0,16.94195857,False,False,False,False,True,False,False,False,False,False,True,False,True,False
8,44.65895225,0,5,1,0,201.6473612,0,24.63244473,False,False,False,False,False,True,False,False,False,False,True,False,True,False
10,83.4198694,0,2,3,0,145.7847822,0,15.32854961,False,False,False,False,False,False,False,True,False,False,False,False,False,True
8,95.18908942,0,2,2,0,134.8645784,0,35.82486889,False,False,False,False,False,True,False,False,True,False,True,False,False,True
11,49.66558399,3,10,5,0,133.328143,0,45.63136559,True,False,False,False,False,False,False,False,True,False,True,True,False,False
5,62.84045437,1,4,2,0,225.6877229,0,24.22987345,False,False,False,True,False,False,False,False,False,False,True,False,True,False
10,34.28634841,7,1,3,1,148.5365131,1,29.28542252,False,False,False,False,False,False,False,False,True,True,False,False,False,False
4,51.74554237,1,6,2,0,204.329147,0,18.09626822,False,False,True,False,False,False,False,False,True,False,True,False,True,False
12,81.30130757,1,1,2,1,175.2292206,0,33.94678858,False,True,False,False,False,False,False,False,True,False,False,False,False,True
10,47.26973303,5,0,5,2,183.4424196,0,24.761693,False,False,False,False,False,False,False,False,False,True,False,False,False,False
5,38.08714549,3,4,4,1,201.6979795,1,19.2758485,False,False,True,False,False,False,False,False,True,True,False,False,False,False
7,56.06708459,3,8,4,0,145.915936,1,37.36851708,False,False,False,False,True,False,False,False,True,False,True,True,False,False
12,63.02360015,0,12,5,1,128.9923134,1,42.917439,False,True,False,False,False,False,False,False,True,False,True,True,False,False
12,80.86121879,0,1,3,0,135.2869133,0,37.69836543,True,False,False,False,False,False,False,False,True,False,False,False,False,True
8,50.54004266,7,2,5,2,186.0965207,1,31.67568651,False,False,False,False,False,False,True,False,True,True,False,False,False,False
4,89.02203064,0,0,4,1,172.0425142,0,25.81416429,False,False,True,False,False,False,False,False,True,False,False,False,False,True
11,68.6769872,0,4,2,0,160.4950278,0,25.07525068,False,False,False,False,False,False,False,False,False,False,True,False,True,False
12,84.33419099,0,1,3,0,185.0581918,1,31.08058415,False,True,False,False,False,False,False,False,True,False,False,False,False,True
6,30.72153789,1,3,3,1,141.7401748,1,25.00917421,False,False,False,False,True,False,False,False,False,True,False,False,False,False
10,44.32515366,3,12,7,0,192.5872683,0,42.64156824,False,False,False,False,False,False,False,False,True,False,False,True,False,False
10,28.19196918,5,2,3,2,161.6751933,1,25.40171576,False,False,False,False,False,False,False,False,True,True,False,False,False,False
11,93.22412669,1,1,4,1,156.3692155,0,17.29329009,True,False,False,False,False,False,False,False,True,False,False,False,False,True
10,33.76675282,6,1,5,1,166.0291494,0,31.56288036,False,False,False,False,False,False,False,True,False,True,False,False,False,False
6,32.99384597,4,14,7,1,112.8241388,1,27.40363339,False,False,False,False,True,False,False,False,False,False,True,True,False,False
10,86.21857274,1,5,2,0,169.0014904,1,30.44565861,False,False,False,False,False,False,False,False,True,False,True,False,False,True
6,54.22419082,1,9,7,1,151.4292077,1,31.72584605,False,False,False,False,True,False,False,False,False,False,False,True,False,False
9,85.39798843,0,0,2,0,176.3916408,0,29.90997748,False,False,False,False,False,False,True,False,True,False,True,False,False,True
11,45.9138825,0,8,1,0,173.4702148,0,17.09555223,False,False,False,False,False,False,False,False,False,False,True,False,True,False
4,60.21743783,0,10,7,0,124.1488253,1,46.96569037,False,False,True,False,False,False,False,False,True,False,False,True,False,False
4,43.02041416,3,2,4,1,189.9064882,1,21.9045875,False,False,True,False,False,False,False,False,False,True,False,False,False,False
9,58.93782801,1,15,6,0,109.8657602,1,36.54392782,False,False,False,False,False,False,True,False,True,False,False,True,False,False
6,31.53864616,3,0,5,1,163.4873679,0,21.93179523,False,False,False,False,True,False,False,False,False,True,False,False,False,False
12,39.609449,1,10,5,0,142.7199356,1,42.47977236,True,False,False,False,False,False,False,False,True,False,True,True,False,False
7,42.01799947,5,6,4,0,121.2490168,1,40.93415993,False,False,False,False,True,False,False,False,True,False,False,True,False,False
7,93.37417509,0,3,3,1,158.1651541,1,29.73450927,False,False,False,False,False,True,False,False,True,False,True,False,False,True
11,84.81386646,5,0,2,1,141.3075285,0,36.23141222,True,False,False,False,False,False,False,False,False,False,False,False,False,True
11,111.4010919,1,1,4,1,146.6809904,0,29.84853757,False,False,False,False,False,False,False,False,True,False,False,False,False,True
8,49.96215943,1,1,2,0,161.0123041,0,19.72084812,False,False,False,False,False,False,True,False,True,False,True,False,True,False
12,44.96659092,4,3,3,2,168.4431533,0,26.3146093,True,False,False,False,False,False,False,False,False,True,False,False,False,False
8,12.24780859,3,12,7,1,122.3904389,1,52.01023884,False,False,False,False,False,True,False,False,False,False,True,True,False,False
7,61.25821252,3,2,2,0,216.5204957,0,16.12016017,False,False,False,False,True,False,False,False,False,False,True,False,True,False
5,71.08588806,2,1,2,0,202.2724037,0,21.59704161,False,False,False,True,False,False,False,False,False,False,True,False,True,False
9,49.12895795,0,13,4,0,155.5248118,1,40.15880876,False,False,False,False,False,False,True,False,False,False,False,True,False,False
5,37.85132463,1,8,7,1,92.03555831,0,42.46536746,False,False,True,False,False,False,False,False,False,False,True,True,False,False
4,25.16633852,4,0,3,1,110.7127447,1,31.57757646,False,False,True,False,False,False,False,False,False,True,False,False,False,False
7,54.04992045,1,6,4,1,141.7832054,1,33.55481098,False,False,False,False,False,True,False,False,False,False,False,True,False,False
12,86.58349478,0,5,1,0,156.5769693,0,21.98779398,False,True,False,False,False,False,False,False,False,False,True,False,True,False
7,68.45365229,2,3,2,0,207.5043034,0,20.02244456,False,False,False,False,True,False,False,False,False,False,True,False,True,False
11,24.8303678,3,7,4,1,182.8581769,0,24.259318,False,False,False,False,False,False,False,False,False,True,False,False,False,False
12,56.55984106,0,13,4,1,135.7376974,1,40.61092607,True,False,False,False,False,False,False,False,False,False,False,True,False,False
10,76.77012684,0,3,2,0,190.9045901,0,19.0999851,False,False,False,False,False,False,False,True,False,False,True,False,True,False
5,26.51798307,7,2,5,1,224.495302,1,22.41484717,False,False,True,False,False,False,False,False,False,True,False,False,False,False
7,89.04762433,0,4,4,1,158.7851898,1,29.43079342,False,False,False,False,False,True,False,False,True,False,False,False,False,True
9,41.12893537,4,6,5,2,143.0873844,1,19.31247361,False,False,False,False,False,False,False,True,True,True,False,False,False,False
5,48.2612272,0,3,2,0,170.314095,0,19.52159661,False,False,True,False,False,False,False,False,False,False,True,False,True,False
11,46.81417015,2,2,1,0,187.711583,0,21.9396222,True,False,False,False,False,False,False,False,False,False,True,False,True,False
12,80.3744666,2,3,2,0,181.1087999,1,20.28489143,True,False,False,False,False,False,False,False,True,False,False,False,False,True
6,83.93220437,0,3,2,1,133.0223371,0,33.78774548,False,False,False,False,True,False,False,False,True,False,False,False,False,True
10,92.87985453,0,1,3,0,170.9352869,1,30.57685109,False,False,False,False,False,False,False,False,False,False,False,False,False,True
4,44.01068663,5,1,5,2,143.5796009,0,23.81248757,False,False,True,False,False,False,False,False,False,True,False,False,False,False
10,39.95988493,1,10,6,0,152.2052033,0,42.05648668,False,False,False,False,False,False,False,False,False,False,True,True,False,False
12,84.56040825,2,2,3,0,166.8550932,0,19.75616901,True,False,False,False,False,False,False,False,False,False,True,False,False,True
9,31.79981036,1,1,5,2,174.0981124,1,25.45629667,False,False,False,False,False,False,True,False,True,True,False,False,False,False
6,49.37909115,7,3,4,1,146.7613297,1,25.91058801,False,False,False,False,True,False,False,False,False,True,False,False,False,False
9,79.97935189,2,3,3,1,159.9472456,0,30.6195572,False,False,False,False,False,False,True,False,True,False,False,False,False,True
8,56.70791056,1,5,2,0,208.823319,0,13.38059556,False,False,False,False,False,True,False,False,False,False,True,False,True,False
11,63.32132592,3,3,1,0,277.4889102,0,19.6750496,True,False,False,False,False,False,False,False,True,False,True,False,True,False
11,33.97336178,6,4,4,2,181.1092779,0,21.35272052,True,False,False,False,False,False,False,False,False,True,False,False,False,False
12,80.63776118,2,6,2,1,146.805635,1,28.07899498,False,True,False,False,False,False,False,False,True,False,True,False,False,True
11,75.84585096,1,3,3,1,148.1608535,0,27.30912515,False,False,False,False,False,False,False,False,False,False,False,False,False,True
12,64.48729631,1,1,2,0,146.9121153,0,15.92476598,True,False,False,False,False,False,False,False,False,False,True,False,True,False
5,63.49626306,0,7,5,0,137.5869821,0,46.10021771,False,False,False,True,False,False,False,False,False,False,False,True,False,False
12,44.61900225,1,6,1,0,201.857239,0,22.88340852,False,True,False,False,False,False,False,False,False,False,True,False,True,False
6,102.6979361,1,1,4,0,157.6506803,0,36.14438747,False,False,False,True,False,False,False,False,True,False,True,False,False,True
10,45.6065022,6,1,3,1,135.516375,0,20.47945473,False,False,False,False,False,False,False,True,True,True,False,False,False,False
5,40.01743863,3,2,4,2,175.9405083,1,29.04777163,False,False,False,True,False,False,False,False,False,True,False,False,False,False
9,98.48046244,2,2,3,1,138.3628949,1,34.14416709,False,False,False,False,False,False,False,True,True,False,False,False,False,True
5,76.32108225,1,0,2,1,179.2564193,0,27.24860078,False,False,False,True,False,False,False,False,False,False,False,False,False,True
5,38.69355348,2,5,6,0,129.1690172,0,52.14908021,False,False,True,False,False,False,False,False,True,False,True,True,False,False
6,38.38067324,1,11,5,1,61.14352043,0,46.34831669,False,False,False,True,False,False,False,False,False,False,False,True,False,False
11,29.60656585,7,0,5,2,232.3615788,1,25.53206878,True,False,False,False,False,False,False,False,False,True,False,False,False,False
7,31.82454331,7,2,5,1,181.0966709,1,18.52637061,False,False,False,False,True,False,False,False,True,True,False,False,False,False
5,39.52467705,3,1,5,2,156.3865371,0,15.58346325,False,False,True,False,False,False,False,False,True,True,False,False,False,False
7,22.23692945,7,2,4,2,223.8141863,1,27.76632074,False,False,False,False,True,False,False,False,True,True,False,False,False,False
12,73.93796691,1,4,4,0,159.0671946,0,33.11481638,True,False,False,False,False,False,False,False,False,False,True,False,False,True
7,32.24455961,8,4,3,1,146.65286,1,31.84401529,False,False,False,False,True,False,False,False,True,True,False,False,False,False
8,58.9608692,5,7,7,1,147.5195633,1,30.40266507,False,False,False,False,False,True,False,False,False,False,True,True,False,False
5,75.76668567,0,4,2,0,176.3534614,0,19.01587482,False,False,True,False,False,False,False,False,False,False,True,False,True,False
12,85.60372901,2,7,2,1,147.3733468,0,30.47058292,False,True,False,False,False,False,False,False,True,False,False,False,False,True
8,40.60195066,0,16,4,0,160.6918043,1,37.81891561,False,False,False,False,False,False,True,False,True,False,False,True,False,False
9,46.81881141,3,4,2,0,230.5586138,0,17.55153308,False,False,False,False,False,False,True,False,False,False,True,False,True,False
11,24.79306441,5,6,3,2,162.6611075,1,32.54763714,False,False,False,False,False,False,False,False,False,True,False,False,False,False
10,77.24630988,3,3,4,1,137.1848787,0,30.01252599,False,False,False,False,False,False,False,False,True,False,False,False,False,True
6,86.81494295,2,2,4,1,172.706919,1,25.73258307,False,False,False,False,True,False,False,False,False,False,False,False,False,True
12,97.00751281,1,5,4,0,173.1949237,1,32.64191745,False,True,False,False,False,False,False,False,False,False,True,False,False,True
8,68.622906,3,15,7,0,88.62686398,1,46.35781434,False,False,False,False,False,False,True,False,True,False,False,True,False,False
5,43.74134443,0,4,2,0,157.5454193,0,16.93836163,False,False,True,False,False,False,False,False,True,False,True,False,True,False
10,50.37145622,2,9,4,1,148.7881974,0,49.72903446,False,False,False,False,False,False,False,False,True,False,True,True,False,False
7,72.55825018,1,7,4,1,105.613113,1,51.89700781,False,False,False,False,True,False,False,False,False,False,False,True,False,False
9,71.30890136,2,9,2,0,171.4658851,0,22.17713341,False,False,False,False,False,False,True,False,True,False,True,False,True,False
11,62.46261993,1,3,2,0,193.1553201,0,15.93457405,True,False,False,False,False,False,False,False,True,False,True,False,True,False
11,46.23683718,6,5,4,2,175.0391222,1,31.0364279,False,False,False,False,False,False,False,False,True,True,False,False,False,False
11,76.75999682,3,2,2,1,148.6667297,0,37.63674114,True,False,False,False,False,False,False,False,False,False,True,False,False,True
6,36.32304627,4,2,3,2,193.6303891,0,21.78509349,False,False,False,True,False,False,False,False,True,True,False,False,False,False
8,47.79253684,0,11,4,1,133.9176059,0,32.0433208,False,False,False,False,False,True,False,False,True,False,True,True,False,False
12,26.13980734,3,9,4,0,127.3096779,1,41.26852737,True,False,False,False,False,False,False,False,True,False,False,True,False,False
5,79.90363608,4,6,2,1,158.6828155,1,21.64184304,False,False,False,True,False,False,False,False,False,False,False,False,False,True
5,54.10107953,3,10,5,0,110.3608476,1,40.66816159,False,False,True,False,False,False,False,False,True,False,True,True,False,False
6,40.83229841,2,8,5,0,161.6476865,1,35.07837855,False,False,False,True,False,False,False,False,True,False,False,True,False,False
12,31.12938707,2,2,5,1,198.2478884,1,24.52939615,False,True,False,False,False,False,False,False,False,True,False,False,False,False
11,90.81768413,2,1,4,1,169.0709559,0,34.07489512,False,False,False,False,False,False,False,False,False,False,False,False,False,True
12,75.41181235,0,4,2,0,246.9922087,0,18.49896367,True,False,False,False,False,False,False,False,True,False,True,False,True,False
6,23.50266357,3,6,4,1,122.9599978,1,31.87732162,False,False,False,True,False,False,False,False,True,False,False,True,False,False
7,83.9313679,0,2,3,0,131.2189015,0,30.9987413,False,False,False,False,False,True,False,False,True,False,True,False,False,True
12,58.17165035,5,8,7,0,157.8072054,1,38.01180383,True,False,False,False,False,False,False,False,True,False,False,True,False,False
6,49.32573517,3,3,5,2,138.8885955,1,20.36216918,False,False,False,True,False,False,False,False,True,True,False,False,False,False
4,44.9789871,3,0,4,2,177.3844147,0,28.73934372,False,False,True,False,False,False,False,False,True,True,False,False,False,False
9,91.06443611,1,2,3,0,122.7958767,0,33.43738765,False,False,False,False,False,False,False,True,True,False,False,False,False,True
11,66.98727334,0,6,2,0,193.3806464,0,16.72280982,True,False,False,False,False,False,False,False,False,False,True,False,True,False
11,58.78102972,1,2,2,0,191.3131798,0,17.17247055,True,False,False,False,False,False,False,False,True,False,True,False,True,False
10,49.10237026,4,6,7,1,94.97001075,1,34.22639928,False,False,False,False,False,False,False,False,True,False,True,True,False,False
5,33.82160466,3,1,4,2,145.346188,0,20.89709548,False,False,False,True,False,False,False,False,False,True,False,False,False,False
11,54.8865462,2,5,2,0,160.9932803,0,18.611202,False,False,False,False,False,False,False,False,False,False,True,False,True,False
11,37.25647073,2,0,5,1,157.217347,1,24.47346487,False,False,False,False,False,False,False,False,True,True,False,False,False,False
4,64.4068886,1,4,2,0,148.6011624,0,17.22192122,False,False,True,False,False,False,False,False,False,False,True,False,True,False
6,25.65269028,1,10,5,0,110.0127058,1,27.66852468,False,False,False,False,True,False,False,False,False,False,False,True,False,False
6,101.5581807,0,2,3,1,124.6809566,1,24.1774142,False,False,False,True,False,False,False,False,False,False,False,False,False,True
5,66.89627874,1,1,3,0,166.2440215,0,30.60666338,False,False,True,False,False,False,False,False,True,False,True,False,False,True
12,86.94389839,1,3,4,0,168.4194983,1,36.80813174,False,True,False,False,False,False,False,False,True,False,False,False,False,True
7,47.73113109,1,7,5,0,138.3083929,1,42.56610054,False,False,False,False,True,False,False,False,False,False,True,True,False,False
12,43.49134287,8,5,3,2,164.6666683,0,22.91217096,False,True,False,False,False,False,False,False,True,True,False,False,False,False
9,31.68127731,7,5,3,2,150.5919215,1,23.05343651,False,False,False,False,False,False,False,True,True,True,False,False,False,False
10,102.6461302,2,0,3,1,161.2607936,1,40.31691508,False,False,False,False,False,False,False,False,True,False,False,False,False,True
5,38.24351657,9,4,4,2,144.229333,1,31.23488044,False,False,True,False,False,False,False,False,False,True,False,False,False,False
10,63.34058132,1,7,7,0,160.816755,0,44.01580781,False,False,False,False,False,False,False,False,True,False,False,True,False,False
10,28.76864807,1,0,4,2,134.6138055,1,21.00690824,False,False,False,False,False,False,False,False,True,True,False,False,False,False
9,78.83747206,0,3,3,0,128.9032878,0,30.91101915,False,False,False,False,False,False,False,True,True,False,False,False,False,True
9,62.53917073,5,4,4,1,184.4842748,0,24.70554757,False,False,False,False,False,False,False,True,False,True,False,False,False,False
7,64.64593659,4,3,1,0,182.1612008,0,16.79503553,False,False,False,False,False,True,False,False,False,False,True,False,True,False
5,46.81390584,0,2,3,2,99.31244988,1,27.56523663,False,False,False,True,False,False,False,False,False,True,False,False,False,False
7,47.94931145,7,5,4,1,159.7214947,0,29.0000364,False,False,False,False,False,True,False,False,False,True,False,False,False,False
12,44.65954071,4,1,5,2,167.0200919,0,26.64772407,False,True,False,False,False,False,False,False,False,True,False,False,False,False
6,60.81143367,2,11,5,1,74.13650968,1,32.88213425,False,False,False,True,False,False,False,False,False,False,False,True,False,False
9,60.71718229,2,15,7,1,113.6024855,1,32.26727241,False,False,False,False,False,False,False,True,True,False,False,True,False,False
12,59.87286452,2,8,2,0,216.7832704,0,21.80189446,False,True,False,False,False,False,False,False,False,False,True,False,True,False
7,35.51456615,3,12,7,1,117.2521639,0,43.88992128,False,False,False,False,False,True,False,False,False,False,False,True,False,False
12,85.3582877,1,2,1,0,200.3957059,0,17.57205795,False,True,False,False,False,False,False,False,False,False,True,False,True,False
12,51.63273333,3,5,2,0,197.1439283,0,20.70798929,False,True,False,False,False,False,False,False,False,False,True,False,True,False
4,89.4395373,0,4,4,0,158.8183369,1,27.44510361,False,False,True,False,False,False,False,False,True,False,False,False,False,True
8,20.12564695,5,3,5,1,139.2864307,1,23.58440522,False,False,False,False,False,True,False,False,False,True,False,False,False,False
11,65.62642002,1,2,2,0,158.6502242,0,21.99381578,False,False,False,False,False,False,False,False,False,False,True,False,True,False
6,64.83966405,2,3,2,0,172.2954499,0,17.51776883,False,False,False,True,False,False,False,False,True,False,True,False,True,False
12,42.32620092,8,3,4,2,159.3685162,1,23.85618508,False,True,False,False,False,False,False,False,False,True,False,False,False,False
7,52.42174466,1,10,5,0,149.4950385,1,34.02609767,False,False,False,False,False,True,False,False,False,False,False,True,False,False
8,39.08098,3,0,3,2,133.3401735,1,21.53803997,False,False,False,False,False,False,True,False,False,True,False,False,False,False
7,98.51620262,1,3,3,1,164.3784446,0,42.07123946,False,False,False,False,False,True,False,False,False,False,True,False,False,True
5,90.6008858,0,7,3,1,107.8952683,0,23.31229386,False,False,True,False,False,False,False,False,True,False,False,False,False,True
6,95.87341759,1,1,3,1,171.2936222,0,24.38985179,False,False,False,True,False,False,False,False,False,False,False,False,False,True
5,89.39014636,2,5,4,1,161.5565441,1,25.47981616,False,False,True,False,False,False,False,False,False,False,False,False,False,True
12,62.12288043,3,12,5,1,126.2378841,0,47.49469597,False,True,False,False,False,False,False,False,False,False,True,True,False,False
10,60.24714364,1,3,1,0,177.7798812,0,19.91921827,False,False,False,False,False,False,False,True,True,False,True,False,True,False
5,34.02754247,2,1,3,1,119.6682148,1,23.56632556,False,False,False,True,False,False,False,False,False,True,False,False,False,False
12,25.27784467,4,0,4,1,156.2129367,1,30.27245897,True,False,False,False,False,False,False,False,True,True,False,False,False,False
9,32.71591328,5,7,6,1,189.0461422,0,56.06236319,False,False,False,False,False,False,False,True,False,False,True,True,False,False
9,67.81955609,0,7,1,0,221.6544023,0,22.5180862,False,False,False,False,False,False,False,True,True,False,True,False,True,False
4,53.07413677,3,6,5,1,102.258628,1,27.94484332,False,False,True,False,False,False,False,False,True,False,True,True,False,False
8,22.97943361,4,2,5,1,184.2265904,0,28.73011794,False,False,False,False,False,True,False,False,True,True,False,False,False,False
6,53.51082326,4,9,5,0,110.1723744,1,34.09988986,False,False,False,False,True,False,False,False,False,False,True,True,False,False
9,49.36535297,0,4,2,0,186.4466376,0,20.34535931,False,False,False,False,False,False,True,False,False,False,True,False,True,False
12,46.70847475,3,13,4,0,104.469136,1,43.32359103,False,True,False,False,False,False,False,False,True,False,True,True,False,False
6,87.60377859,2,6,3,1,144.7452195,0,30.30864871,False,False,False,True,False,False,False,False,False,False,True,False,False,True
10,97.62805292,1,8,4,1,132.1798394,1,38.40141343,False,False,False,False,False,False,False,True,False,False,False,True,False,False
12,39.00283624,1,6,2,0,192.2904051,0,21.32299531,False,True,False,False,False,False,False,False,False,False,True,False,True,False
5,106.9183314,1,5,4,0,143.3431614,1,34.48263338,False,False,False,True,False,False,False,False,True,False,False,False,False,True
11,45.24817607,1,16,6,0,93.59890423,1,36.37975186,True,False,False,False,False,False,False,False,True,False,False,True,False,False
8,44.59208575,7,1,4,2,161.5616659,1,32.26707281,False,False,False,False,False,True,False,False,False,True,False,False,False,False
6,67.15791875,1,9,4,1,115.1626888,0,39.18294895,False,False,False,True,False,False,False,False,False,False,False,True,False,False
5,66.65244061,1,4,1,0,179.6572136,0,18.29786152,False,False,True,False,False,False,False,False,True,False,True,False,True,False
12,65.29640404,2,1,3,0,150.1365256,0,31.95757878,False,True,False,False,False,False,False,False,False,False,False,False,False,True
6,74.95663261,2,1,2,0,144.5392501,0,30.9467696,False,False,False,True,False,False,False,False,False,False,False,False,False,True
12,84.28120152,2,0,2,0,159.9045961,1,40.53842704,False,True,False,False,False,False,False,False,False,False,True,False,False,True
7,91.45481594,2,2,4,1,131.0679996,1,34.21411875,False,False,False,False,True,False,False,False,False,False,False,False,False,True
7,67.0134867,2,10,7,1,112.0423236,1,44.86459678,False,False,False,False,False,True,False,False,False,False,False,True,False,False
10,91.55652747,1,1,2,0,167.0264416,0,31.498021,False,False,False,False,False,False,False,False,False,False,True,False,False,True
12,64.6006578,1,9,4,0,130.0961506,0,38.97656097,False,True,False,False,False,False,False,False,True,False,False,True,False,False
9,89.11465908,1,3,2,1,183.3818961,1,37.86718086,False,False,False,False,False,False,True,False,True,False,False,False,False,True
7,37.18470946,5,5,4,1,176.0474509,0,24.54170675,False,False,False,False,True,False,False,False,True,True,False,False,False,False
11,54.02984406,0,2,2,0,150.1081709,0,21.95648082,False,False,False,False,False,False,False,False,False,False,True,False,True,False
7,53.62907975,1,0,3,2,181.7663446,1,19.38363213,False,False,False,False,True,False,False,False,False,True,False,False,False,False
6,62.06826318,3,3,4,1,158.9760537,1,25.94316935,False,False,False,True,False,False,False,False,True,True,False,False,False,False
7,43.88894703,2,16,7,0,109.4254518,0,42.1417031,False,False,False,False,False,True,False,False,False,False,True,True,False,False
7,52.39315371,1,13,6,0,162.7032148,1,37.76407092,False,False,False,False,False,True,False,False,True,False,True,True,False,False
12,32.4934334,5,2,3,1,111.5742322,1,24.27812835,True,False,False,False,False,False,False,False,True,True,False,False,False,False
6,65.31179313,1,2,3,1,159.7445356,1,35.62633799,False,False,False,False,True,False,False,False,True,False,False,False,False,True
9,47.96940293,4,5,3,2,155.9119843,1,25.33697772,False,False,False,False,False,False,False,True,False,True,False,False,False,False
10,32.36109408,7,2,3,1,176.4067951,1,22.67126449,False,False,False,False,False,False,False,False,False,True,False,False,False,False
12,48.91799306,1,10,4,0,131.1199796,0,47.51000888,True,False,False,False,False,False,False,False,False,False,True,True,False,False
10,38.57696027,1,3,2,0,215.0619681,0,18.00808902,False,False,False,False,False,False,False,True,False,False,True,False,True,False
9,54.67827894,1,4,1,0,224.1555429,0,14.9225799,False,False,False,False,False,False,True,False,True,False,True,False,True,False
9,53.76453373,7,1,3,2,189.402136,0,18.29363913,False,False,False,False,False,False,False,True,True,True,False,False,False,False
11,31.70269609,7,4,5,1,96.1972566,1,32.91916167,False,False,False,False,False,False,False,False,True,True,False,False,False,False
10,43.37466387,10,1,4,2,133.0411997,1,21.06675307,False,False,False,False,False,False,False,False,True,True,False,False,False,False
6,60.26955558,9,1,5,2,154.5366896,0,35.81777141,False,False,False,False,True,False,False,False,False,True,False,False,False,False
7,50.51609656,1,2,1,0,172.9984896,0,20.01923571,False,False,False,False,False,True,False,False,False,False,True,False,True,False
7,53.72240724,4,7,6,1,89.4696072,1,42.24250424,False,False,False,False,False,True,False,False,True,False,True,True,False,False
5,38.6333851,6,2,3,1,132.7535829,1,20.88147441,False,False,True,False,False,False,False,False,True,True,False,False,False,False
12,81.51909472,0,2,4,1,169.8471168,0,27.1305973,False,True,False,False,False,False,False,False,False,False,False,False,False,True
12,71.35359334,0,2,1,0,191.231738,0,22.58476773,True,False,False,False,False,False,False,False,False,False,True,False,True,False
11,83.63735598,0,2,2,1,169.6525639,0,28.07832603,False,False,False,False,False,False,False,False,False,False,True,False,False,True
12,48.55603422,11,3,5,2,127.3608379,1,27.14404342,True,False,False,False,False,False,False,False,True,True,False,False,False,False
11,27.74693811,1,5,1,0,193.5443414,0,21.90360993,True,False,False,False,False,False,False,False,False,False,True,False,True,False
7,65.65689885,0,2,1,0,175.845888,0,16.76659402,False,False,False,False,True,False,False,False,False,False,True,False,True,False
7,42.18905714,3,1,5,2,198.9788613,0,20.89489041,False,False,False,False,True,False,False,False,True,True,False,False,False,False
7,84.18496115,1,1,4,0,168.5626076,0,31.36465108,False,False,False,False,False,True,False,False,False,False,True,False,False,True
10,29.33303567,7,4,4,2,188.9325483,1,15.37251384,False,False,False,False,False,False,False,True,True,True,False,False,False,False
8,52.46666802,0,10,5,1,141.0241297,1,24.38286032,False,False,False,False,False,False,True,False,False,False,True,True,False,False
12,57.64757763,1,3,1,0,181.0664769,0,16.36334358,False,True,False,False,False,False,False,False,True,False,True,False,True,False
11,37.35153903,10,2,4,2,145.8770992,0,23.50913123,False,False,False,False,False,False,False,False,True,True,False,False,False,False
12,94.11388258,0,4,2,1,124.408711,0,34.7721755,True,False,False,False,False,False,False,False,False,False,False,False,False,True
12,52.39710235,3,4,4,0,137.4169493,0,35.96321206,False,True,False,False,False,False,False,False,False,False,False,True,False,False
7,45.88992874,6,1,3,1,141.5008407,0,19.5850546,False,False,False,False,False,True,False,False,True,True,False,False,False,False
9,94.01921041,1,5,4,1,178.0160951,0,25.67182964,False,False,False,False,False,False,False,True,True,False,False,False,False,True
8,59.84858041,4,0,3,1,176.2760487,1,23.14541878,False,False,False,False,False,True,False,False,True,True,False,False,False,False
5,68.29405792,1,4,2,0,195.2680476,0,25.6317506,False,False,True,False,False,False,False,False,True,False,False,False,False,True
9,34.25113038,5,0,4,1,170.9228959,1,23.6905027,False,False,False,False,False,False,False,True,False,True,False,False,False,False
12,59.03388452,2,2,2,0,173.0224377,0,17.34408633,False,True,False,False,False,False,False,False,True,False,True,False,True,False
4,67.67720165,4,10,4,0,81.93641556,1,39.4248172,False,False,True,False,False,False,False,False,True,False,False,True,False,False
9,71.91004948,0,3,1,0,205.1881474,0,19.67057295,False,False,False,False,False,False,False,True,True,False,True,False,True,False
7,68.39379254,4,5,2,0,223.6554872,0,20.7859326,False,False,False,False,False,True,False,False,True,False,True,False,True,False
11,77.40332333,0,2,2,0,167.7988171,0,28.20363881,True,False,False,False,False,False,False,False,False,False,True,False,False,True
5,57.51693402,2,0,2,0,200.1670062,0,16.57673742,False,False,True,False,False,False,False,False,True,False,True,False,True,False
8,44.64318142,2,7,2,0,191.4621677,0,26.33451294,False,False,False,False,False,True,False,False,True,False,True,False,True,False
11,39.11198597,3,1,3,2,132.0633507,0,21.41505125,False,False,False,False,False,False,False,False,True,True,False,False,False,False
10,35.25150732,5,1,3,1,188.6966239,1,24.71629672,False,False,False,False,False,False,False,True,False,True,False,False,False,False
10,43.03949667,6,1,3,1,183.0476151,1,17.15417775,False,False,False,False,False,False,False,True,False,True,False,False,False,False
10,54.24475506,2,10,6,0,139.8471864,1,43.92054949,False,False,False,False,False,False,False,True,True,False,True,True,False,False
7,43.54705898,1,2,2,0,153.7046337,0,16.63107325,False,False,False,False,False,True,False,False,True,False,True,False,True,False
11,53.35010579,0,6,1,0,193.2304036,0,22.43900245,True,False,False,False,False,False,False,False,False,False,True,False,True,False
12,45.86624576,0,3,1,0,217.450418,0,23.77597466,True,False,False,False,False,False,False,False,False,False,True,False,True,False
12,64.66114475,5,3,5,1,145.6360335,0,19.46803938,False,True,False,False,False,False,False,False,False,True,False,False,False,False
9,50.58471549,1,7,1,0,153.0119773,0,17.37789875,False,False,False,False,False,False,False,True,False,False,True,False,True,False
6,62.40047314,1,6,2,0,177.4561572,0,19.84905246,False,False,False,False,True,False,False,False,True,False,True,False,True,False
6,48.89877228,2,2,4,2,128.7102579,1,24.14467042,False,False,False,True,False,False,False,False,True,True,False,False,False,False
11,26.6318326,3,9,4,1,106.2194995,1,33.73145479,True,False,False,False,False,False,False,False,True,False,True,True,False,False
6,33.71596131,3,3,4,2,136.3459801,0,21.85159518,False,False,False,False,True,False,False,False,False,True,False,False,False,False
7,77.25733047,0,3,4,1,120.3690765,1,26.72120398,False,False,False,False,False,True,False,False,True,False,True,False,False,True
12,49.41036038,2,4,1,0,158.4415667,0,23.27901561,True,False,False,False,False,False,False,False,True,False,True,False,True,False
9,49.60713321,5,2,4,2,206.3814087,0,22.00893394,False,False,False,False,False,False,False,True,False,True,False,False,False,False
9,91.74385295,1,0,3,1,136.3947304,0,24.70352958,False,False,False,False,False,False,False,True,False,False,False,False,False,True
8,60.4758273,2,7,1,0,210.0595066,0,19.38500127,False,False,False,False,False,False,True,False,True,False,True,False,True,False
6,32.93396321,4,13,4,1,200.7763583,1,34.37334566,False,False,False,False,True,False,False,False,True,False,True,True,False,False
11,55.51038672,0,4,2,0,199.0019413,0,20.3432929,False,False,False,False,False,False,False,False,False,False,True,False,True,False
6,91.17154548,1,3,2,1,166.3548832,1,40.28651626,False,False,False,False,True,False,False,False,False,False,False,False,False,True
7,81.12482941,1,7,4,1,135.2351484,1,29.29981724,False,False,False,False,False,True,False,False,False,False,False,False,False,True
6,53.47289357,0,5,2,0,163.2294612,0,21.17073681,False,False,False,False,True,False,False,False,False,False,True,False,True,False
6,48.04664328,4,11,4,0,134.0691133,1,38.60098535,False,False,False,True,False,False,False,False,False,False,False,True,False,False
11,89.03218917,0,2,3,1,159.5684875,0,40.23921063,False,False,False,False,False,False,False,False,False,False,False,False,False,True
8,83.13826389,6,8,4,1,117.9982832,0,28.32054817,False,False,False,False,False,False,True,False,True,False,False,True,False,False
9,91.87881612,3,7,2,1,143.3859794,0,24.6112025,False,False,False,False,False,False,True,False,True,False,False,False,False,True
10,56.53416334,2,2,1,0,144.4676929,0,22.57721275,False,False,False,False,False,False,False,True,True,False,True,False,True,False
5,89.91105163,0,3,4,1,177.1780907,0,26.48297894,False,False,True,False,False,False,False,False,True,False,True,False,False,True
9,44.29401016,3,9,5,0,139.9386847,0,40.57038404,False,False,False,False,False,False,False,True,False,False,True,True,False,False
6,38.85050655,6,2,5,1,155.2184583,1,31.04783009,False,False,False,False,True,False,False,False,True,True,False,False,False,False
7,47.88853634,0,6,2,0,218.3178638,0,16.87488999,False,False,False,False,False,True,False,False,True,False,True,False,True,False
12,49.83679326,4,4,1,0,210.5589313,0,26.13628808,False,True,False,False,False,False,False,False,False,False,True,False,True,False
10,68.4288714,1,8,4,1,205.5388242,0,41.69684291,False,False,False,False,False,False,False,False,True,False,True,True,False,False
11,61.66381143,2,13,5,1,79.8858072,1,42.33201225,False,False,False,False,False,False,False,False,True,False,False,True,False,False
11,85.69670041,1,4,2,0,146.166856,1,29.7580072,False,False,False,False,False,False,False,False,True,False,False,False,False,True
10,50.23481245,1,0,5,2,153.2637972,1,18.74477647,False,False,False,False,False,False,False,True,True,True,False,False,False,False
4,40.04865275,1,3,2,0,219.5495914,0,20.38766138,False,False,True,False,False,False,False,False,False,False,True,False,True,False
6,82.26859896,0,2,3,1,161.8414025,0,33.00612613,False,False,False,False,True,False,False,False,True,False,False,False,False,True
12,54.63900855,0,3,1,0,209.0293337,0,15.98392029,False,True,False,False,False,False,False,False,True,False,True,False,True,False
10,57.47847666,0,4,1,0,188.2591985,0,22.54153024,False,False,False,False,False,False,False,False,False,False,True,False,True,False
7,41.21534071,0,2,5,1,198.6717216,0,24.45104725,False,False,False,False,False,True,False,False,False,True,False,False,False,False
5,32.95492786,5,1,3,1,125.815469,0,26.38316482,False,False,True,False,False,False,False,False,True,True,False,False,False,False
6,37.83492205,5,2,4,2,178.1431528,0,18.33974238,False,False,False,False,True,False,False,False,True,True,False,False,False,False
6,78.51367595,0,4,2,1,138.9664223,1,19.8968178,False,False,False,False,True,False,False,False,True,False,False,False,False,True
5,79.72626102,2,4,2,0,182.2595497,0,16.624535,False,False,False,True,False,False,False,False,False,False,True,False,True,False
4,80.11876844,0,3,4,1,152.6759574,0,28.63024992,False,False,True,False,False,False,False,False,False,False,False,False,False,True
11,88.2919888,0,0,3,0,143.519729,1,25.22203948,False,False,False,False,False,False,False,False,True,False,True,False,False,True
11,39.09845677,5,4,7,1,147.5950379,0,37.84311517,False,False,False,False,False,False,False,False,False,False,True,True,False,False
12,46.41072361,0,4,1,0,159.994829,0,21.33797303,False,True,False,False,False,False,False,False,False,False,True,False,True,False
11,68.80529984,0,5,2,0,175.7197282,0,23.47382742,True,False,False,False,False,False,False,False,True,False,True,False,True,False
12,60.03328516,1,10,1,0,217.4267486,0,21.14666965,True,False,False,False,False,False,False,False,False,False,True,False,True,False
4,87.91638708,1,5,2,0,166.4389109,0,26.8978654,False,False,True,False,False,False,False,False,False,False,False,False,False,True
10,55.0628929,8,2,3,2,124.7312268,1,21.60481846,False,False,False,False,False,False,False,False,True,True,False,False,False,False
10,48.03400611,0,8,2,0,193.2745798,0,21.54472803,False,False,False,False,False,False,False,True,False,False,True,False,True,False
10,46.28006964,6,0,3,1,164.6378392,0,27.46658333,False,False,False,False,False,False,False,True,False,True,False,False,False,False
8,74.22709684,1,5,2,0,166.7483022,0,20.02394942,False,False,False,False,False,True,False,False,True,False,True,False,True,False
6,62.11567528,0,2,2,0,196.5936234,0,23.5947792,False,False,False,True,False,False,False,False,False,False,True,False,True,False
12,55.07362538,6,8,6,0,123.0769612,1,49.31538874,False,True,False,False,False,False,False,False,True,False,False,True,False,False
12,78.03985907,1,1,3,1,119.4812823,0,35.40840186,False,True,False,False,False,False,False,False,True,False,True,False,False,True
7,98.47622752,1,2,4,1,132.7264229,1,28.20403663,False,False,False,False,True,False,False,False,False,False,True,False,False,True
7,109.8267083,2,1,2,0,150.8439069,1,34.38132527,False,False,False,False,False,True,False,False,False,False,False,False,False,True
12,87.31784072,1,1,3,1,174.2284012,1,26.70581898,True,False,False,False,False,False,False,False,False,False,False,False,False,True
7,76.26850535,2,12,6,1,114.208471,0,42.81359786,False,False,False,False,True,False,False,False,True,False,False,True,False,False
12,39.52850591,8,1,5,2,115.1297234,1,26.94953293,False,True,False,False,False,False,False,False,False,True,False,False,False,False
11,39.53299623,2,8,4,1,97.56759524,0,44.50754348,False,False,False,False,False,False,False,False,True,False,False,True,False,False
12,60.83146025,1,11,4,0,82.97617372,1,35.50220346,False,True,False,False,False,False,False,False,False,False,False,True,False,False
8,53.24709327,5,1,4,1,160.956283,1,24.2846953,False,False,False,False,False,False,True,False,True,True,False,False,False,False
9,56.32344354,1,12,6,0,159.3661092,0,50.33856068,False,False,False,False,False,False,True,False,False,False,True,True,False,False
11,74.95895321,3,10,4,1,123.8851309,1,48.70858638,False,False,False,False,False,False,False,False,True,False,True,True,False,False
10,30.69828469,6,2,3,2,147.5050411,1,28.30775152,False,False,False,False,False,False,False,True,True,True,False,False,False,False
11,47.79279828,2,3,2,0,153.6387788,0,19.89825612,False,False,False,False,False,False,False,False,True,False,True,False,True,False
8,38.02960434,7,0,5,1,157.4145305,1,26.42472708,False,False,False,False,False,False,True,False,True,True,False,False,False,False
9,59.50091832,0,4,1,0,182.5136251,0,22.6224976,False,False,False,False,False,False,True,False,True,False,True,False,True,False
4,82.24206302,1,3,2,0,145.0129967,0,31.93637692,False,False,True,False,False,False,False,False,True,False,False,False,False,True
5,59.62520546,1,2,1,0,161.5635233,0,23.42482805,False,False,True,False,False,False,False,False,True,False,True,False,True,False
5,61.60544388,0,4,2,0,230.9223937,0,19.27495677,False,False,True,False,False,False,False,False,False,False,True,False,True,False
5,52.28051748,3,8,5,0,128.9249748,0,33.56348669,False,False,True,False,False,False,False,False,True,False,True,True,False,False
9,53.89848352,2,7,4,1,107.0974195,0,34.89167815,False,False,False,False,False,False,True,False,False,False,True,True,False,False
11,63.36456689,0,4,2,0,165.0083207,0,17.86191291,True,False,False,False,False,False,False,False,False,False,True,False,True,False
11,26.3647176,1,9,4,1,122.6057181,1,34.79643329,False,False,False,False,False,False,False,False,False,False,False,True,False,False
11,81.03426986,1,1,2,0,146.0728175,0,31.35987155,True,False,False,False,False,False,False,False,True,False,True,False,False,True
7,69.35346093,2,1,2,1,120.7712516,1,23.27382528,False,False,False,False,False,True,False,False,False,False,False,False,False,True
10,39.03342876,3,3,4,2,180.1242078,0,19.89448996,False,False,False,False,False,False,False,True,False,True,False,False,False,False
4,65.09902358,0,0,2,0,190.420352,0,21.66720744,False,False,True,False,False,False,False,False,True,False,True,False,True,False
9,47.49782805,10,3,5,1,170.9208576,1,17.74745853,False,False,False,False,False,False,True,False,False,True,False,False,False,False
9,68.9420506,4,12,4,1,125.3729096,1,45.16439424,False,False,False,False,False,False,False,True,False,False,False,True,False,False
12,38.65369366,9,4,4,2,140.9553519,1,23.21298519,False,True,False,False,False,False,False,False,False,True,False,False,False,False
11,51.02646818,0,2,2,0,188.1972167,0,26.45396794,True,False,False,False,False,False,False,False,True,False,True,False,True,False
12,49.12150884,1,2,2,0,168.5243467,0,24.60358836,False,True,False,False,False,False,False,False,True,False,True,False,True,False
6,55.86113254,0,3,2,0,182.8848268,0,15.16543588,False,False,False,False,True,False,False,False,False,False,True,False,True,False
7,61.1948884,2,2,3,1,134.6409136,0,29.99937788,False,False,False,False,True,False,False,False,False,False,True,False,False,True
10,60.48251902,1,16,5,0,120.4784066,0,48.97270458,False,False,False,False,False,False,False,True,True,False,False,True,False,False
5,50.96130747,4,16,5,0,96.2528158,1,39.3582853,False,False,True,False,False,False,False,False,True,False,True,True,False,False
8,62.20173787,1,3,2,0,155.8147918,0,20.81494771,False,False,False,False,False,True,False,False,True,False,True,False,True,False
9,66.22056,2,6,5,1,109.7236019,0,42.07304947,False,False,False,False,False,False,True,False,True,False,True,True,False,False
11,46.52586573,7,1,4,2,195.2216337,1,25.11093922,False,False,False,False,False,False,False,False,True,True,False,False,False,False
7,52.23760628,1,5,5,1,122.6813343,0,42.47107085,False,False,False,False,True,False,False,False,False,False,False,True,False,False
5,45.37818552,2,7,1,0,178.4592221,0,22.44205936,False,False,False,True,False,False,False,False,False,False,True,False,True,False
7,89.76971236,1,3,4,1,94.23438085,0,33.34661182,False,False,False,False,True,False,False,False,True,False,False,False,False,True
5,13.97399046,3,10,7,0,121.7863052,0,34.88095663,False,False,False,True,False,False,False,False,False,False,False,True,False,False
10,58.87237911,1,12,7,1,175.2307225,0,51.74195559,False,False,False,False,False,False,False,True,False,False,False,True,False,False
10,86.11803753,2,8,4,1,92.03322897,1,44.52224068,False,False,False,False,False,False,False,True,True,False,False,True,False,False
9,41.96631739,1,3,2,0,155.7447662,0,20.41041102,False,False,False,False,False,False,True,False,False,False,True,False,True,False
10,100.5595357,1,4,4,1,120.3678391,1,29.96957027,False,False,False,False,False,False,False,True,False,False,False,False,False,True
11,78.47200791,1,5,2,1,164.8389552,1,24.05510263,False,False,False,False,False,False,False,False,True,False,False,False,False,True
6,86.9610679,2,2,2,1,164.2259827,0,33.24904941,False,False,False,False,True,False,False,False,True,False,False,False,False,True
10,67.74334216,0,5,1,0,175.1070673,0,18.93114574,False,False,False,False,False,False,False,True,True,False,True,False,True,False
11,73.99858943,1,6,1,0,179.169337,0,20.74511928,False,False,False,False,False,False,False,False,True,False,True,False,True,False
12,39.71030446,0,2,1,0,218.7681167,0,20.3407618,False,True,False,False,False,False,False,False,True,False,True,False,True,False
6,75.04147565,0,3,1,0,184.2482275,0,17.39992187,False,False,False,True,False,False,False,False,False,False,True,False,True,False
7,76.26844785,2,4,3,1,162.5225172,0,26.07887893,False,False,False,False,True,False,False,False,True,False,True,False,False,True
7,50.30831692,5,2,5,2,157.6213135,1,24.55149718,False,False,False,False,False,True,False,False,True,True,False,False,False,False
10,62.80031347,1,4,2,0,171.9612713,0,19.45156014,False,False,False,False,False,False,False,False,False,False,True,False,True,False
12,57.76617788,1,5,2,0,155.3433088,0,18.41778747,False,True,False,False,False,False,False,False,True,False,True,False,True,False
12,32.698155,1,0,3,1,192.794717,0,22.54658302,False,True,False,False,False,False,False,False,False,True,False,False,False,False
6,50.39981168,3,6,1,0,184.7291566,0,11.46604064,False,False,False,False,True,False,False,False,True,False,True,False,True,False
5,53.94629841,5,2,5,1,191.1836498,0,19.71488766,False,False,True,False,False,False,False,False,False,True,False,False,False,False
12,36.00109523,4,1,5,2,161.3095558,0,26.51446878,False,True,False,False,False,False,False,False,False,True,False,False,False,False
5,70.1535124,2,1,1,0,153.9257352,0,17.79863053,False,False,False,True,False,False,False,False,True,False,True,False,True,False
11,64.42940641,2,16,6,0,76.74138044,0,40.02223778,False,False,False,False,False,False,False,False,False,False,False,True,False,False
9,86.31659261,0,2,4,0,150.7706056,1,23.57256946,False,False,False,False,False,False,False,True,False,False,False,False,False,True
6,46.96159203,11,2,5,1,145.9879461,0,22.76402471,False,False,False,True,False,False,False,False,True,True,False,False,False,False
8,75.75749352,1,2,1,0,124.6955754,0,23.73334088,False,False,False,False,False,True,False,False,False,False,True,False,True,False
11,62.81557073,3,9,4,0,169.9685729,0,34.99333528,False,False,False,False,False,False,False,False,False,False,False,True,False,False
12,95.41132096,1,7,3,1,161.4493845,0,27.09888601,False,True,False,False,False,False,False,False,True,False,False,False,False,True
8,84.5928991,1,3,4,1,116.2147061,1,20.20961656,False,False,False,False,False,False,True,False,False,False,True,False,False,True
12,12.69012026,10,5,3,2,142.6475129,0,25.81796817,False,True,False,False,False,False,False,False,True,True,False,False,False,False
11,71.80396932,1,5,4,1,148.1727896,0,33.81170782,True,False,False,False,False,False,False,False,True,False,False,False,False,True
12,51.69261917,1,2,2,0,149.3842091,0,20.72324476,True,False,False,False,False,False,False,False,True,False,True,False,True,False
11,34.08450015,8,2,3,1,150.583523,0,23.60928938,True,False,False,False,False,False,False,False,True,True,False,False,False,False
10,50.16311561,8,2,4,1,126.2325478,1,22.8574746,False,False,False,False,False,False,False,False,False,True,False,False,False,False
10,89.75586036,1,2,4,1,148.428764,1,29.91489842,False,False,False,False,False,False,False,False,False,False,False,False,False,True
4,62.15492469,1,2,1,0,181.7745134,0,15.25401518,False,False,True,False,False,False,False,False,True,False,True,False,True,False
7,58.30727203,1,10,5,0,74.96246127,0,41.63858767,False,False,False,False,False,True,False,False,False,False,False,True,False,False
9,61.16525543,0,1,1,0,162.0822764,0,16.4352641,False,False,False,False,False,False,True,False,False,False,True,False,True,False
10,60.61696771,0,9,6,0,77.97957733,1,36.78052178,False,False,False,False,False,False,False,False,True,False,False,True,False,False
12,34.33231095,8,3,3,1,134.6128177,0,22.59511396,True,False,False,False,False,False,False,False,True,True,False,False,False,False
12,57.81616873,1,3,2,0,145.9997162,0,24.86310122,False,True,False,False,False,False,False,False,True,False,True,False,True,False
8,42.97105249,0,4,6,1,137.2347618,1,32.29131921,False,False,False,False,False,False,True,False,False,False,False,True,False,False
9,68.67527647,2,11,7,1,131.6287498,0,34.75675169,False,False,False,False,False,False,False,True,True,False,False,True,False,False
9,46.938896,1,0,1,0,160.8769734,0,22.59970378,False,False,False,False,False,False,False,True,True,False,True,False,True,False
7,36.4377848,4,2,5,1,171.2611552,0,24.19909447,False,False,False,False,True,False,False,False,True,True,False,False,False,False
8,58.26819642,0,3,2,0,187.4612067,0,17.17677183,False,False,False,False,False,False,True,False,False,False,True,False,True,False
7,89.22490235,0,4,4,0,143.5109072,0,27.54095109,False,False,False,False,True,False,False,False,False,False,False,False,False,True
9,84.83338278,1,5,3,0,163.47785,0,33.81379518,False,False,False,False,False,False,True,False,False,False,False,False,False,True
12,81.5647823,1,1,4,1,157.8293624,1,26.86878489,True,False,False,False,False,False,False,False,True,False,False,False,False,True
4,40.40510824,8,1,4,1,144.0702719,0,21.717664,False,False,True,False,False,False,False,False,True,True,False,False,False,False
12,99.51972533,0,3,2,0,117.43414,1,34.52864312,False,True,False,False,False,False,False,False,False,False,False,False,False,True
11,48.5113553,4,9,5,0,145.4709524,1,28.54225423,True,False,False,False,False,False,False,False,False,False,False,True,False,False
11,49.55740998,3,7,1,0,187.6009809,0,17.6219009,False,False,False,False,False,False,False,False,False,False,True,False,True,False
11,77.56784259,2,10,5,0,116.9012362,0,41.87460068,False,False,False,False,False,False,False,False,True,False,True,True,False,False
8,49.36385808,1,6,2,0,192.7103697,0,24.23319399,False,False,False,False,False,False,True,False,False,False,True,False,True,False
11,36.04461079,7,1,5,2,177.6035392,0,23.84706835,False,False,False,False,False,False,False,False,False,True,False,False,False,False
12,53.42861872,0,5,2,0,163.0486876,0,23.25875722,False,True,False,False,False,False,False,False,True,False,True,False,True,False
11,68.04262324,0,3,2,0,179.3183584,1,39.0141886,False,False,False,False,False,False,False,False,False,False,True,False,False,True
5,44.4132893,0,5,2,0,156.4349013,0,23.76542498,False,False,False,True,False,False,False,False,False,False,True,False,True,False
9,72.46024386,0,2,3,1,159.6037749,1,25.63761766,False,False,False,False,False,False,False,True,False,False,False,False,False,True
12,65.3552352,3,18,7,0,133.4150778,0,41.35635062,True,False,False,False,False,False,False,False,True,False,False,True,False,False
10,73.09566549,0,3,4,1,148.3459438,1,30.8589127,False,False,False,False,False,False,False,False,False,False,True,False,False,True
5,74.70599111,6,8,7,0,131.1286904,0,33.9114377,False,False,True,False,False,False,False,False,False,False,True,True,False,False
8,62.36116958,0,3,2,0,149.0837295,0,19.19612845,False,False,False,False,False,False,True,False,False,False,True,False,True,False
8,76.17758717,1,7,4,0,158.5680077,1,29.90125396,False,False,False,False,False,True,False,False,True,False,False,False,False,True
10,87.66321016,1,3,1,0,159.1396443,0,23.13870813,False,False,False,False,False,False,False,True,True,False,True,False,True,False
12,114.8772707,1,2,4,0,150.2362788,0,28.04037259,False,True,False,False,False,False,False,False,True,False,False,False,False,True
8,72.20747349,0,4,1,0,167.7305011,0,22.07938259,False,False,False,False,False,True,False,False,True,False,True,False,True,False
12,52.22345551,4,4,5,1,160.0529533,1,28.70687343,False,True,False,False,False,False,False,False,False,True,False,False,False,False
10,78.43155299,0,1,4,1,153.1800731,1,26.52684665,False,False,False,False,False,False,False,False,False,False,False,False,False,True
4,36.7636463,4,3,4,2,165.1961866,1,28.67267975,False,False,True,False,False,False,False,False,False,True,False,False,False,False
10,50.9330422,3,12,7,0,126.5027653,1,39.92556307,False,False,False,False,False,False,False,True,True,False,True,True,False,False
5,80.55759733,2,4,3,1,159.7531743,0,28.65528406,False,False,False,True,False,False,False,False,True,False,True,False,False,True
12,82.23433871,2,2,4,1,140.476577,1,24.60464654,False,True,False,False,False,False,False,False,False,False,False,False,False,True
6,52.89208506,1,1,1,0,205.1444197,0,20.34931438,False,False,False,False,True,False,False,False,True,False,True,False,True,False
5,81.97843742,2,4,2,1,173.580552,0,27.40077828,False,False,True,False,False,False,False,False,True,False,True,False,False,True
9,100.7212634,1,8,3,0,142.530896,1,30.68049936,False,False,False,False,False,False,True,False,False,False,False,False,False,True
10,52.59387341,1,4,1,0,154.5480268,0,21.88821848,False,False,False,False,False,False,False,False,True,False,True,False,True,False
11,34.1623567,4,7,7,0,129.283565,0,38.44519701,False,False,False,False,False,False,False,False,False,False,True,True,False,False
9,87.04099479,1,5,2,1,175.8734589,1,33.06609544,False,False,False,False,False,False,True,False,True,False,True,False,False,True
5,93.61887676,1,2,2,0,176.6296365,1,12.75978543,False,False,False,True,False,False,False,False,True,False,True,False,False,True
5,44.41495663,8,4,3,1,134.0328637,0,35.40474229,False,False,True,False,False,False,False,False,True,True,False,False,False,False
5,50.46134309,2,4,1,0,131.2525197,0,17.07341418,False,False,False,True,False,False,False,False,True,False,True,False,True,False
5,32.86574496,2,6,7,1,153.8761687,1,41.96475143,False,False,True,False,False,False,False,False,False,False,False,True,False,False
4,66.29654443,0,6,1,0,198.6414463,0,21.12747091,False,False,True,False,False,False,False,False,True,False,True,False,True,False
10,81.16663446,0,2,4,0,105.9331342,1,36.46292108,False,False,False,False,False,False,False,True,True,False,False,False,False,True
8,53.31184305,0,4,1,0,251.6751041,0,21.17873972,False,False,False,False,False,True,False,False,True,False,True,False,True,False
9,64.90662471,0,8,4,1,97.85268655,0,27.21367422,False,False,False,False,False,False,False,True,True,False,True,True,False,False
7,81.86121631,0,12,6,0,123.1299754,1,36.37833586,False,False,False,False,False,True,False,False,False,False,True,True,False,False
10,68.9243098,0,2,2,0,204.991263,0,18.80473429,False,False,False,False,False,False,False,False,False,False,True,False,True,False
5,73.5506279,0,2,1,0,170.1606113,0,21.57419268,False,False,False,True,False,False,False,False,False,False,True,False,True,False
9,71.89911783,3,2,1,0,196.7069933,0,21.71948067,False,False,False,False,False,False,False,True,False,False,True,False,True,False
5,83.5738626,3,2,2,1,136.2291924,0,30.95085202,False,False,True,False,False,False,False,False,True,False,True,False,False,True
6,51.33398257,1,7,4,0,107.8595095,0,42.16872237,False,False,False,True,False,False,False,False,False,False,True,True,False,False
11,38.02143571,3,0,5,1,145.899584,1,30.19202724,True,False,False,False,False,False,False,False,False,True,False,False,False,False
9,62.72506262,1,10,7,1,96.68338645,0,40.93110482,False,False,False,False,False,False,True,False,True,False,True,True,False,False
11,58.39318268,1,4,1,0,178.9011746,0,22.74737041,False,False,False,False,False,False,False,False,True,False,True,False,True,False
6,59.0378082,1,9,2,0,236.5560588,0,25.17542683,False,False,False,False,True,False,False,False,True,False,True,False,True,False
9,51.84865364,4,7,6,1,131.0944421,0,50.72104635,False,False,False,False,False,False,False,True,True,False,False,True,False,False
8,58.91900025,3,2,4,1,168.3280129,0,28.75279681,False,False,False,False,False,True,False,False,False,True,False,False,False,False
7,38.48726355,4,4,4,1,147.1621332,1,28.4834207,False,False,False,False,False,True,False,False,False,True,False,False,False,False
9,45.93475381,3,15,5,1,122.5758505,0,42.20180598,False,False,False,False,False,False,False,True,False,False,False,True,False,False
4,57.8350322,2,3,1,0,218.7949975,0,15.00179754,False,False,True,False,False,False,False,False,True,False,True,False,True,False
10,32.13006692,7,2,4,1,112.5315314,1,26.38436668,False,False,False,False,False,False,False,False,True,True,False,False,False,False
7,50.97305958,1,8,4,0,131.4917891,0,38.15313565,False,False,False,False,True,False,False,False,True,False,False,True,False,False
9,46.27090703,7,3,3,2,110.4238843,1,23.84225042,False,False,False,False,False,False,True,False,False,True,False,False,False,False
6,73.02138807,2,1,2,0,149.980639,1,25.79744098,False,False,False,True,False,False,False,False,False,False,False,False,False,True
11,35.19808781,3,7,6,1,133.3219365,0,45.06778489,True,False,False,False,False,False,False,False,True,False,False,True,False,False
12,40.78664661,1,13,5,1,172.093083,0,44.87245194,True,False,False,False,False,False,False,False,True,False,False,True,False,False
9,58.66688799,1,5,3,1,145.2793598,0,28.52489924,False,False,False,False,False,False,True,False,True,False,True,False,False,True
8,77.744769,0,0,1,0,141.7588636,0,17.25502738,False,False,False,False,False,True,False,False,True,False,True,False,True,False
9,43.49726764,6,1,4,2,218.8246949,1,27.33220928,False,False,False,False,False,False,True,False,False,True,False,False,False,False
6,66.55590347,0,2,1,0,207.322623,0,23.4002192,False,False,False,False,True,False,False,False,False,False,True,False,True,False
6,57.4689707,0,5,1,0,206.1425896,0,19.77721111,False,False,False,False,True,False,False,False,True,False,True,False,True,False
10,51.51857749,1,8,7,0,168.5437185,1,36.04708761,False,False,False,False,False,False,False,False,True,False,False,True,False,False
4,51.48985631,0,7,2,0,175.2243273,0,21.47738279,False,False,True,False,False,False,False,False,True,False,True,False,True,False
12,51.4394179,9,1,3,1,184.8595778,1,29.21543187,False,True,False,False,False,False,False,False,True,True,False,False,False,False
7,36.6988969,5,2,5,1,161.3092745,0,23.95582822,False,False,False,False,False,True,False,False,True,True,False,False,False,False
12,87.91989519,0,5,2,0,145.1368986,0,30.93178097,False,True,False,False,False,False,False,False,False,False,False,False,False,True
12,41.71353588,3,3,3,1,186.7694523,1,26.66931376,True,False,False,False,False,False,False,False,False,True,False,False,False,False
4,61.48280372,2,6,6,0,82.3440543,0,37.40923856,False,False,True,False,False,False,False,False,True,False,True,True,False,False
6,35.25741228,3,3,5,1,148.3400304,0,23.45437469,False,False,False,True,False,False,False,False,True,True,False,False,False,False
10,49.52506946,4,0,4,1,163.6250092,1,20.05775809,False,False,False,False,False,False,False,True,False,True,False,False,False,False
10,53.76551401,1,5,1,0,229.739868,0,17.94910653,False,False,False,False,False,False,False,True,True,False,True,False,True,False
12,32.35279937,1,7,6,1,134.1862653,0,43.18309927,True,False,False,False,False,False,False,False,True,False,True,True,False,False
12,87.82098674,0,3,4,0,145.6836176,1,21.97162468,False,True,False,False,False,False,False,False,True,False,False,False,False,True
9,47.1960567,8,1,4,1,198.2015546,1,28.65255279,False,False,False,False,False,False,False,True,True,True,False,False,False,False
6,99.14602528,0,2,4,0,152.2804438,0,26.04034217,False,False,False,False,True,False,False,False,True,False,False,False,False,True
12,31.54727993,3,1,4,2,210.4231039,0,17.87676712,False,True,False,False,False,False,False,False,False,True,False,False,False,False
11,38.19111291,9,0,4,2,153.3478546,0,27.50385951,True,False,False,False,False,False,False,False,True,True,False,False,False,False
9,90.25210724,1,2,3,0,194.816479,0,33.30676022,False,False,False,False,False,False,False,True,False,False,False,False,False,True
12,39.8800656,4,7,6,1,162.3074433,1,39.81468167,False,True,False,False,False,False,False,False,False,False,True,True,False,False
12,44.64338258,6,2,3,2,167.6642739,1,31.98035683,False,True,False,False,False,False,False,False,True,True,False,False,False,False
12,22.78010645,6,0,5,2,121.440456,0,22.85168137,False,True,False,False,False,False,False,False,False,True,False,False,False,False
10,82.52862315,3,4,2,0,162.9481937,0,18.82231512,False,False,False,False,False,False,False,False,False,False,True,False,True,False
5,65.65937463,0,4,1,0,180.5981995,0,22.4281383,False,False,True,False,False,False,False,False,True,False,True,False,True,False
8,27.01567058,6,0,3,2,175.3733851,1,22.14576048,False,False,False,False,False,False,True,False,True,True,False,False,False,False
10,54.23550889,0,7,1,0,220.3744413,0,17.81712899,False,False,False,False,False,False,False,True,False,False,True,False,True,False
10,45.4916928,4,3,4,1,144.1089429,0,27.77646247,False,False,False,False,False,False,False,True,False,True,False,False,False,False
10,40.28068276,1,3,3,2,146.5661256,0,26.47479203,False,False,False,False,False,False,False,False,True,True,False,False,False,False
12,42.27181308,4,2,3,1,136.1152206,0,22.96563302,False,True,False,False,False,False,False,False,False,True,False,False,False,False
10,82.71606679,2,6,3,1,162.0768808,0,28.74512434,False,False,False,False,False,False,False,True,True,False,False,False,False,True
7,28.3536408,3,2,3,1,226.5032325,0,30.0062487,False,False,False,False,True,False,False,False,False,True,False,False,False,False
8,60.6666271,2,4,2,0,156.3452699,0,17.94765796,False,False,False,False,False,False,True,False,True,False,True,False,True,False
9,54.0634391,1,4,2,0,206.672816,0,17.6086178,False,False,False,False,False,False,False,True,False,False,True,False,True,False
8,51.59569912,5,7,4,0,124.3318147,1,38.15011862,False,False,False,False,False,True,False,False,False,False,False,True,False,False
12,36.62736384,1,8,6,0,118.2433176,1,44.78105293,True,False,False,False,False,False,False,False,True,False,True,True,False,False
6,42.86360739,6,2,5,1,232.6666218,1,29.04080892,False,False,False,True,False,False,False,False,True,True,False,False,False,False
7,86.61260787,0,5,2,1,161.0503543,1,36.79446324,False,False,False,False,True,False,False,False,True,False,True,False,False,True
10,52.56180661,7,1,4,1,136.2365747,0,25.41414326,False,False,False,False,False,False,False,False,True,True,False,False,False,False
9,55.16076757,0,15,6,1,127.9739363,1,45.60786552,False,False,False,False,False,False,False,True,True,False,False,True,False,False
9,19.29809914,1,15,6,1,125.6441924,0,35.0591272,False,False,False,False,False,False,False,True,True,False,False,True,False,False
6,57.62522663,1,4,1,0,166.9227975,0,14.2907264,False,False,False,True,False,False,False,False,False,False,True,False,True,False
9,37.83620981,0,6,2,0,184.2493424,0,27.28135091,False,False,False,False,False,False,False,True,True,False,True,False,True,False
10,69.09830977,1,2,3,1,152.5498455,0,23.42787238,False,False,False,False,False,False,False,False,True,False,True,False,False,True
7,98.41376326,1,1,3,1,133.9310488,1,33.7528116,False,False,False,False,False,True,False,False,True,False,False,False,False,True
4,73.56201761,0,3,3,0,179.2588153,0,25.20220761,False,False,True,False,False,False,False,False,False,False,False,False,False,True
8,94.02083438,1,1,3,1,149.6366473,0,35.18193617,False,False,False,False,False,True,False,False,True,False,False,False,False,True
12,75.67091108,2,2,3,0,171.9617282,1,24.59122833,False,True,False,False,False,False,False,False,True,False,False,False,False,True
12,35.50662124,3,8,7,1,118.8825884,0,43.98296744,False,True,False,False,False,False,False,False,False,False,True,True,False,False
6,52.14211127,1,7,2,0,178.23616,0,20.9635491,False,False,False,False,True,False,False,False,False,False,True,False,True,False
4,68.81913223,1,7,1,0,196.4049372,0,18.62826983,False,False,True,False,False,False,False,False,True,False,True,False,True,False
9,77.38629411,1,11,4,1,82.73707998,1,41.34279535,False,False,False,False,False,False,True,False,False,False,True,True,False,False
9,65.954377,0,1,1,0,187.6015118,0,18.02633412,False,False,False,False,False,False,True,False,False,False,True,False,True,False
9,68.5531679,0,1,2,0,178.6367142,0,17.72861365,False,False,False,False,False,False,True,False,False,False,True,False,True,False
10,47.32319262,2,11,7,0,142.0401918,0,41.81408678,False,False,False,False,False,False,False,True,True,False,True,True,False,False
10,34.97179918,8,0,5,2,159.4159663,1,27.47068484,False,False,False,False,False,False,False,False,True,True,False,False,False,False
6,37.88178551,1,10,7,1,101.4990951,0,32.9812414,False,False,False,True,False,False,False,False,True,False,True,True,False,False
11,47.06228907,8,1,3,2,216.5980191,1,28.81111603,False,False,False,False,False,False,False,False,False,True,False,False,False,False
8,34.80719328,5,2,3,2,149.0069552,0,23.78907931,False,False,False,False,False,False,True,False,True,True,False,False,False,False
4,39.88449703,2,1,3,1,134.4146183,0,22.83008618,False,False,True,False,False,False,False,False,True,True,False,False,False,False
12,61.75641601,0,6,2,0,154.7258467,0,26.02636171,False,True,False,False,False,False,False,False,False,False,True,False,True,False
5,63.47872924,0,4,2,0,187.9184413,0,22.48637419,False,False,True,False,False,False,False,False,True,False,True,False,True,False
11,41.2273736,8,5,4,1,138.5171558,0,22.89995001,False,False,False,False,False,False,False,False,False,True,False,False,False,False
6,33.70749343,5,5,3,2,172.5431961,0,23.85980974,False,False,False,False,True,False,False,False,True,True,False,False,False,False
12,51.99971466,1,7,1,0,151.2809015,0,17.03107355,False,True,False,False,False,False,False,False,False,False,True,False,True,False
10,96.30592059,0,2,2,1,107.2899876,0,42.38048612,False,False,False,False,False,False,False,False,True,False,False,False,False,True
7,77.88338353,2,5,1,0,181.4919507,0,16.7538537,False,False,False,False,False,True,False,False,True,False,True,False,True,False
4,71.03764564,1,6,1,0,107.4099783,0,19.66949064,False,False,True,False,False,False,False,False,True,False,True,False,True,False
8,59.99102854,6,2,5,2,89.29189912,0,26.91086392,False,False,False,False,False,False,True,False,False,True,False,False,False,False
7,44.02555187,6,2,3,1,156.9943215,0,19.62717515,False,False,False,False,False,True,False,False,True,True,False,False,False,False
10,61.60768936,1,6,2,0,138.9627542,0,17.15480919,False,False,False,False,False,False,False,False,True,False,True,False,True,False
5,38.95601589,4,2,4,1,166.116501,0,26.16254248,False,False,True,False,False,False,False,False,True,True,False,False,False,False
12,72.95463822,1,1,3,1,153.8396948,1,25.76306351,False,True,False,False,False,False,False,False,False,False,False,False,False,True
11,63.34868332,1,4,2,0,216.6956846,0,19.84032507,False,False,False,False,False,False,False,False,True,False,True,False,True,False
12,81.20343041,1,1,1,0,213.6703538,0,15.2363577,False,True,False,False,False,False,False,False,True,False,True,False,True,False
7,27.24174105,2,10,7,1,136.4658177,0,45.42273485,False,False,False,False,False,True,False,False,False,False,False,True,False,False
5,64.76125479,0,10,5,1,137.6473298,0,42.01210016,False,False,True,False,False,False,False,False,False,False,False,True,False,False
6,56.9167068,1,9,4,0,133.1253855,0,34.82531848,False,False,False,False,True,False,False,False,False,False,False,True,False,False
8,51.24311396,1,8,5,0,138.2095065,1,33.13312519,False,False,False,False,False,True,False,False,False,False,True,True,False,False
6,41.28654144,2,10,6,0,105.9808777,1,41.68419474,False,False,False,True,False,False,False,False,False,False,True,True,False,False
6,41.64256359,6,2,3,2,167.9627815,0,27.18024141,False,False,False,True,False,False,False,False,True,True,False,False,False,False
4,40.81656431,2,9,4,0,108.0750324,0,48.88730618,False,False,True,False,False,False,False,False,True,False,True,True,False,False
4,61.34814402,2,5,2,0,201.4684517,0,18.17576918,False,False,True,False,False,False,False,False,False,False,True,False,True,False
12,30.0617008,1,5,6,0,169.6433901,1,39.42340456,True,False,False,False,False,False,False,False,False,False,False,True,False,False
7,36.19460702,3,11,5,0,143.1008996,1,44.27832992,False,False,False,False,True,False,False,False,False,False,True,True,False,False
5,66.61590407,1,3,2,0,192.5056733,0,17.80732962,False,False,True,False,False,False,False,False,False,False,True,False,True,False
4,54.69332055,0,4,7,1,112.885503,1,41.29891214,False,False,True,False,False,False,False,False,False,False,True,True,False,False
8,59.97876996,0,2,1,0,184.9178243,0,18.74036526,False,False,False,False,False,False,True,False,False,False,True,False,True,False
6,48.95055427,5,14,4,0,84.89076548,1,37.16410977,False,False,False,True,False,False,False,False,True,False,False,True,False,False
4,34.06136383,7,0,3,2,163.5173759,0,27.5577901,False,False,True,False,False,False,False,False,True,True,False,False,False,False
12,38.79512101,5,2,5,1,136.5932639,1,22.78269685,False,True,False,False,False,False,False,False,False,True,False,False,False,False
4,50.47211163,5,2,3,1,154.5641223,1,33.17063105,False,False,True,False,False,False,False,False,False,True,False,False,False,False
12,48.66662558,3,2,5,1,146.6277213,0,26.41829141,False,True,False,False,False,False,False,False,True,True,False,False,False,False
12,46.97986008,6,2,3,2,99.42844533,1,22.29199809,False,True,False,False,False,False,False,False,True,True,False,False,False,False
9,96.19088873,1,8,2,1,150.7227695,0,36.03976738,False,False,False,False,False,False,False,True,False,False,True,False,False,True
10,45.41547737,4,3,4,2,128.3257397,1,28.73909437,False,False,False,False,False,False,False,False,False,True,False,False,False,False
11,50.91131984,1,8,4,1,121.05491,1,34.71508252,False,False,False,False,False,False,False,False,False,False,True,True,False,False
8,43.00331453,0,12,7,0,133.1359044,0,34.70528756,False,False,False,False,False,True,False,False,True,False,False,True,False,False
12,46.69497557,4,2,3,1,162.037913,1,20.33167148,False,True,False,False,False,False,False,False,False,True,False,False,False,False
11,54.21686957,0,1,1,0,167.2981104,0,15.76583724,False,False,False,False,False,False,False,False,True,False,True,False,True,False
5,98.58700024,1,4,4,1,173.2985447,0,38.96532508,False,False,True,False,False,False,False,False,True,False,False,False,False,True
8,77.53928874,1,2,2,1,134.1819374,1,35.68478176,False,False,False,False,False,False,True,False,True,False,False,False,False,True
11,24.53648791,3,9,7,1,118.4213768,1,34.26257012,True,False,False,False,False,False,False,False,True,False,False,True,False,False
11,75.77615371,0,9,4,0,149.3460473,1,33.09234684,True,False,False,False,False,False,False,False,False,False,True,False,False,True
12,92.05457314,1,9,2,1,158.0352969,1,31.44947793,True,False,False,False,False,False,False,False,False,False,True,False,False,True
5,57.5036399,1,5,1,0,139.3210211,0,25.94851482,False,False,False,True,False,False,False,False,False,False,True,False,True,False
10,34.40479557,1,16,4,0,134.4296945,1,47.26767494,False,False,False,False,False,False,False,False,True,False,True,True,False,False
9,58.2107375,4,6,1,0,137.4946587,0,23.37715918,False,False,False,False,False,False,False,True,False,False,True,False,True,False
6,50.23263922,0,3,2,0,200.1851799,0,18.72955748,False,False,False,False,True,False,False,False,False,False,True,False,True,False
6,53.77526259,1,6,6,1,133.1843114,0,49.06105418,False,False,False,False,True,False,False,False,True,False,True,True,False,False
12,99.55618674,0,3,3,1,159.6057783,0,28.40636288,False,True,False,False,False,False,False,False,True,False,False,False,False,True
12,82.66978801,3,3,2,0,159.6300639,0,19.53332324,True,False,False,False,False,False,False,False,False,False,True,False,False,True
8,99.36900824,1,3,3,0,151.1100595,0,45.3415109,False,False,False,False,False,False,True,False,True,False,False,False,False,True
9,85.72301385,2,2,3,0,118.132303,0,38.49061067,False,False,False,False,False,False,False,True,False,False,True,False,False,True
12,34.93585188,0,13,5,1,141.9498655,1,34.61813447,False,True,False,False,False,False,False,False,True,False,True,True,False,False
5,43.75682033,3,12,4,1,110.8614414,0,36.90873748,False,False,False,True,False,False,False,False,False,False,False,True,False,False
12,41.26479586,0,11,4,1,160.8026918,1,43.60178188,False,True,False,False,False,False,False,False,False,False,True,True,False,False
5,53.01749589,3,15,4,0,136.0448875,0,34.67697043,False,False,False,True,False,False,False,False,True,False,True,True,False,False
7,42.72715884,1,6,5,0,138.2714065,0,36.01744336,False,False,False,False,True,False,False,False,False,False,True,True,False,False
11,83.57664162,1,2,4,1,169.6348668,1,27.89231513,True,False,False,False,False,False,False,False,True,False,False,False,False,True
11,29.86038374,1,7,5,0,119.9262231,1,27.95651066,True,False,False,False,False,False,False,False,False,False,True,True,False,False
7,74.26636915,0,2,2,0,129.7341299,1,35.17582727,False,False,False,False,True,False,False,False,True,False,False,False,False,True
12,79.56854495,1,3,2,1,137.7122667,1,30.47206409,False,True,False,False,False,False,False,False,True,False,False,False,False,True
9,95.49392079,1,1,2,1,160.0616448,0,21.81488795,False,False,False,False,False,False,False,True,True,False,False,False,False,True
10,44.6225922,7,4,4,1,208.7333384,1,17.28273911,False,False,False,False,False,False,False,True,True,True,False,False,False,False
12,54.6437967,2,4,2,0,188.5611632,0,15.87259159,False,True,False,False,False,False,False,False,False,False,True,False,True,False
12,72.05720821,0,3,1,0,217.765701,0,19.89950525,False,True,False,False,False,False,False,False,True,False,True,False,True,False
8,86.01400429,1,2,4,0,122.7413359,1,29.985732,False,False,False,False,False,False,True,False,False,False,True,False,False,True
4,49.96583239,2,7,6,1,117.0313868,1,40.23311099,False,False,True,False,False,False,False,False,True,False,False,True,False,False
9,78.22253502,3,4,3,0,137.5152275,1,31.59093432,False,False,False,False,False,False,False,True,True,False,False,False,False,True
10,75.34231056,1,11,5,0,133.0989602,1,48.56393371,False,False,False,False,False,False,False,False,False,False,False,True,False,False
12,53.80285669,4,1,4,2,147.7717201,0,29.64319593,False,True,False,False,False,False,False,False,True,True,False,False,False,False
11,36.2085635,5,1,5,2,170.0989633,0,20.86333038,False,False,False,False,False,False,False,False,True,True,False,False,False,False
9,22.73909301,2,6,5,0,106.8547437,1,36.17511675,False,False,False,False,False,False,True,False,False,False,False,True,False,False
6,64.51393616,0,7,1,0,221.9887853,0,24.26229914,False,False,False,False,True,False,False,False,False,False,True,False,True,False
12,32.74874646,5,4,5,2,124.6284432,0,18.2285307,True,False,False,False,False,False,False,False,True,True,False,False,False,False
12,44.54722528,1,4,5,1,91.45622613,0,48.27549656,True,False,False,False,False,False,False,False,False,False,False,True,False,False
7,42.76274593,5,13,4,0,133.9439723,1,28.67811161,False,False,False,False,False,True,False,False,True,False,True,True,False,False
5,82.57413378,1,1,2,0,126.7359543,1,24.64892606,False,False,True,False,False,False,False,False,False,False,False,False,False,True
6,84.3532595,4,10,2,0,148.2309251,1,41.79792933,False,False,False,False,True,False,False,False,True,False,False,False,False,True
12,62.78968419,1,3,2,0,157.1136535,0,18.49808871,True,False,False,False,False,False,False,False,True,False,True,False,True,False
6,70.77341037,2,6,1,0,136.8044397,0,19.85565837,False,False,False,True,False,False,False,False,True,False,True,False,True,False
10,53.63061896,0,5,2,0,149.8984594,0,23.19877686,False,False,False,False,False,False,False,True,False,False,True,False,True,False
6,72.2047918,0,2,2,0,144.0144883,1,28.41947765,False,False,False,True,False,False,False,False,True,False,False,False,False,True
10,84.54710832,1,10,7,1,120.6235191,1,38.92620844,False,False,False,False,False,False,False,False,True,False,True,True,False,False
10,52.7788985,2,14,7,1,140.2771675,0,28.57092019,False,False,False,False,False,False,False,False,False,False,False,True,False,False
10,35.88911662,2,6,7,1,89.23201346,1,40.9721866,False,False,False,False,False,False,False,True,False,False,True,True,False,False
12,28.47710608,4,1,3,1,161.2925917,1,25.83468145,False,True,False,False,False,False,False,False,True,True,False,False,False,False
12,43.82988711,0,13,7,1,135.3932177,0,38.27203271,False,True,False,False,False,False,False,False,False,False,False,True,False,False
4,69.02313344,1,8,1,0,122.4531873,0,20.98296136,False,False,True,False,False,False,False,False,False,False,True,False,True,False
7,52.06009532,3,1,3,1,190.4209035,0,24.40981827,False,False,False,False,True,False,False,False,True,True,False,False,False,False
12,66.09229888,1,5,2,1,133.4528897,1,30.2980806,False,True,False,False,False,False,False,False,False,False,False,False,False,True
10,37.55003378,6,0,3,1,157.5625612,0,24.74490857,False,False,False,False,False,False,False,False,True,True,False,False,False,False
10,32.56929676,4,2,3,2,140.2484236,1,26.7021816,False,False,False,False,False,False,False,True,True,True,False,False,False,False
10,32.50042954,3,3,3,2,168.1028901,1,27.45804785,False,False,False,False,False,False,False,False,False,True,False,False,False,False
9,72.0794557,0,6,1,0,185.0094462,0,19.42476276,False,False,False,False,False,False,False,True,True,False,True,False,True,False
5,66.45147511,2,10,4,0,118.3939452,0,38.7813942,False,False,False,True,False,False,False,False,False,False,True,True,False,False
12,71.34714778,2,5,2,0,211.0060584,0,25.56029215,False,True,False,False,False,False,False,False,False,False,True,False,True,False
10,63.78742936,2,5,2,0,149.8271859,1,29.39706743,False,False,False,False,False,False,False,False,True,False,False,False,False,True
11,72.10153714,3,3,2,0,211.6657482,0,23.36628684,True,False,False,False,False,False,False,False,False,False,True,False,True,False
6,69.07362418,2,4,2,0,195.4933197,0,21.39736035,False,False,False,True,False,False,False,False,False,False,True,False,True,False
5,52.14235964,3,8,6,1,126.7077781,1,45.81845725,False,False,False,True,False,False,False,False,True,False,False,True,False,False
7,51.83143274,4,0,4,1,114.4111866,1,22.70799049,False,False,False,False,True,False,False,False,True,True,False,False,False,False
10,39.44772497,2,1,5,1,132.7945687,0,25.49994372,False,False,False,False,False,False,False,True,False,True,False,False,False,False
12,24.66097688,3,10,6,0,116.1019453,0,40.73267683,True,False,False,False,False,False,False,False,False,False,False,True,False,False
12,54.09171198,4,0,5,1,219.4136853,1,28.70745709,False,True,False,False,False,False,False,False,False,True,False,False,False,False
8,39.34985328,3,2,4,2,216.0484541,0,20.96779537,False,False,False,False,False,False,True,False,True,True,False,False,False,False
11,34.86427005,5,5,3,1,172.0896675,1,23.83967328,True,False,False,False,False,False,False,False,True,True,False,False,False,False
9,77.42463219,0,2,1,0,197.9262087,0,18.05342563,False,False,False,False,False,False,True,False,False,False,True,False,True,False
5,46.63145458,4,11,6,0,168.338317,1,36.76098201,False,False,False,True,False,False,False,False,False,False,False,True,False,False
12,71.23195899,2,4,2,1,157.7399923,0,38.49276888,True,False,False,False,False,False,False,False,True,False,False,False,False,True
5,91.45957084,0,3,3,1,112.5730274,1,25.61229005,False,False,True,False,False,False,False,False,False,False,False,False,False,True
5,78.51269341,1,4,2,1,151.6575464,1,31.92867427,False,False,False,True,False,False,False,False,False,False,False,False,False,True
4,84.39485468,0,2,4,0,153.9201855,0,29.83741579,False,False,True,False,False,False,False,False,False,False,True,False,False,True
12,38.02320193,3,11,4,1,155.2435974,1,47.10101214,False,True,False,False,False,False,False,False,True,False,False,True,False,False
8,57.00500223,2,9,4,1,165.4487967,1,40.78960228,False,False,False,False,False,False,True,False,True,False,True,True,False,False
10,39.14486964,1,1,3,1,109.7957513,1,29.40787354,False,False,False,False,False,False,False,True,False,True,False,False,False,False
12,92.6299819,2,3,3,0,157.2702899,0,29.97982965,False,True,False,False,False,False,False,False,False,False,True,False,False,True
7,68.21895108,2,8,1,0,201.8579581,0,19.64037953,False,False,False,False,False,True,False,False,False,False,True,False,True,False
8,77.06586781,6,12,4,0,116.6871788,0,36.94373393,False,False,False,False,False,False,True,False,False,False,True,True,False,False
10,62.65951778,1,7,6,1,133.0822821,1,31.23756327,False,False,False,False,False,False,False,True,False,False,False,True,False,False
6,63.90398004,2,2,2,0,117.6908183,0,18.38516345,False,False,False,True,False,False,False,False,False,False,True,False,True,False
8,72.49609838,3,1,4,1,153.2408674,0,28.97454084,False,False,False,False,False,False,True,False,True,False,True,False,False,True
10,73.07787963,0,6,2,0,173.7112426,0,17.57174436,False,False,False,False,False,False,False,False,False,False,True,False,True,False
12,33.51037639,11,3,4,2,173.0900895,1,21.18106982,True,False,False,False,False,False,False,False,False,True,False,False,False,False
12,62.63334389,2,2,1,0,236.850708,0,22.81982242,False,True,False,False,False,False,False,False,False,False,True,False,True,False
6,78.82650836,1,2,2,1,165.8162717,1,29.1702202,False,False,False,True,False,False,False,False,False,False,False,False,False,True
5,75.07424706,1,4,2,1,125.7196754,1,24.96831909,False,False,False,True,False,False,False,False,False,False,True,False,False,True
5,51.09588798,3,11,7,1,96.68632762,0,43.10573672,False,False,False,True,False,False,False,False,True,False,False,True,False,False
9,41.17488394,3,5,4,0,82.90954904,0,48.31657491,False,False,False,False,False,False,False,True,True,False,False,True,False,False
11,57.865745,5,12,5,0,106.3793614,1,36.39959151,False,False,False,False,False,False,False,False,False,False,True,True,False,False
7,105.12702,2,6,3,1,144.7862208,0,16.85061308,False,False,False,False,False,True,False,False,False,False,False,False,False,True
11,75.20819685,0,3,1,0,166.7554531,0,20.99604643,False,False,False,False,False,False,False,False,False,False,True,False,True,False
4,33.59914698,3,11,7,0,117.0382228,0,31.37063412,False,False,True,False,False,False,False,False,True,False,True,True,False,False
12,78.51753221,1,2,4,1,122.4560151,0,29.63197339,False,True,False,False,False,False,False,False,False,False,False,False,False,True
11,50.02797426,0,2,1,0,164.8450393,0,18.90895238,True,False,False,False,False,False,False,False,False,False,True,False,True,False
10,54.85887549,5,1,5,2,158.9045886,1,25.22821676,False,False,False,False,False,False,False,True,True,True,False,False,False,False
10,48.87021578,1,0,4,2,137.8027684,1,26.84145898,False,False,False,False,False,False,False,False,False,True,False,False,False,False
12,43.60637719,1,2,3,2,161.0935211,0,27.26931321,False,True,False,False,False,False,False,False,True,True,False,False,False,False
8,95.16634761,2,5,4,1,145.8364096,0,31.85532325,False,False,False,False,False,False,True,False,True,False,False,False,False,True
5,58.16069924,2,2,2,0,239.9475532,0,22.21343068,False,False,False,True,False,False,False,False,True,False,True,False,True,False
11,57.17123779,1,1,2,0,230.6932657,0,22.4197023,False,False,False,False,False,False,False,False,True,False,True,False,True,False
6,66.53632502,0,1,1,0,150.522366,0,25.05922721,False,False,False,False,True,False,False,False,False,False,True,False,True,False
10,79.39916112,0,4,4,0,183.9211551,0,27.37548273,False,False,False,False,False,False,False,False,True,False,False,False,False,True
12,15.0096611,1,14,5,0,127.9191405,0,41.19911135,False,True,False,False,False,False,False,False,False,False,True,True,False,False
4,92.64741785,0,1,2,0,133.7705776,0,30.15410461,False,False,True,False,False,False,False,False,True,False,True,False,False,True
12,45.23048017,0,11,5,1,123.6776416,0,46.35257173,False,True,False,False,False,False,False,False,True,False,True,True,False,False
5,85.45239839,0,3,4,0,136.7362234,1,35.77079574,False,False,True,False,False,False,False,False,False,False,False,False,False,True
7,67.74655244,0,5,3,0,170.1212866,0,32.35512995,False,False,False,False,False,True,False,False,False,False,True,False,False,True
4,49.29935449,2,10,7,0,119.4052022,1,39.63681716,False,False,True,False,False,False,False,False,False,False,True,True,False,False
7,47.15244282,2,2,1,0,151.6998619,0,15.89322576,False,False,False,False,False,True,False,False,False,False,True,False,True,False
12,32.59179994,7,3,3,2,157.3095538,0,26.28645144,False,True,False,False,False,False,False,False,True,True,False,False,False,False
10,58.42562791,0,2,1,0,157.4410265,0,19.47208171,False,False,False,False,False,False,False,True,True,False,True,False,True,False
7,60.82294837,2,6,2,0,135.4865695,0,18.09389797,False,False,False,False,False,True,False,False,False,False,True,False,True,False
8,35.10897767,3,1,3,1,134.6006761,0,22.1965209,False,False,False,False,False,False,True,False,True,True,False,False,False,False
9,72.13568505,2,3,1,0,195.4112166,0,20.84163981,False,False,False,False,False,False,True,False,True,False,True,False,True,False
11,63.53513518,0,4,1,0,159.2370627,0,21.03015249,False,False,False,False,False,False,False,False,False,False,True,False,True,False
9,33.41652504,3,8,6,1,121.0811306,0,27.36373897,False,False,False,False,False,False,False,True,False,False,False,True,False,False
5,62.52584764,6,6,4,0,110.9126422,1,35.92127647,False,False,False,True,False,False,False,False,True,False,False,True,False,False
6,64.7748884,1,3,2,0,143.4491473,0,20.33367878,False,False,False,False,True,False,False,False,True,False,True,False,True,False
6,53.02732523,2,6,1,0,201.7366351,0,23.1178596,False,False,False,False,True,False,False,False,False,False,True,False,True,False
10,27.08157886,6,1,3,2,113.7946488,1,21.51321228,False,False,False,False,False,False,False,True,True,True,False,False,False,False
11,52.8348276,5,2,4,1,126.5377014,0,25.06793899,False,False,False,False,False,False,False,False,False,True,False,False,False,False
12,78.18575936,2,11,5,0,106.8567069,0,45.38607029,True,False,False,False,False,False,False,False,True,False,True,True,False,False
12,68.94780949,1,6,2,0,163.669583,0,25.32516812,False,True,False,False,False,False,False,False,True,False,False,False,False,True
9,37.81610834,5,1,4,1,175.2585318,0,18.21901084,False,False,False,False,False,False,True,False,False,True,False,False,False,False
5,63.15502794,0,2,1,0,154.6199701,0,18.59539408,False,False,False,True,False,False,False,False,True,False,True,False,True,False
10,83.05278602,1,0,2,0,146.5915623,0,24.70686907,False,False,False,False,False,False,False,False,True,False,False,False,False,True
12,55.30034076,3,16,6,0,147.5441312,0,41.50386809,False,True,False,False,False,False,False,False,True,False,False,True,False,False
10,81.05656071,2,3,3,0,142.7296695,0,33.11070762,False,False,False,False,False,False,False,False,True,False,True,False,False,True
11,72.62752481,0,7,3,1,137.3788377,1,26.41415477,True,False,False,False,False,False,False,False,False,False,True,False,False,True
9,39.40088088,5,1,5,2,175.1678843,1,28.26520077,False,False,False,False,False,False,True,False,False,True,False,False,False,False
10,51.16086598,1,10,7,0,165.0975606,0,44.0922491,False,False,False,False,False,False,False,False,True,False,False,True,False,False
10,72.05440135,4,15,6,1,120.7992082,1,38.29402866,False,False,False,False,False,False,False,True,False,False,False,True,False,False
9,77.41449239,1,3,2,0,162.1196622,1,31.9035648,False,False,False,False,False,False,True,False,True,False,False,False,False,True
12,45.65299947,0,6,2,0,184.0998973,0,23.49708168,False,True,False,False,False,False,False,False,False,False,True,False,True,False
12,77.9701741,1,3,2,0,219.8251339,0,13.69014588,True,False,False,False,False,False,False,False,True,False,True,False,True,False
10,56.32010432,1,8,7,1,146.1268953,0,36.82600612,False,False,False,False,False,False,False,False,False,False,True,True,False,False
7,89.52014366,0,2,2,0,154.3482464,0,29.67271047,False,False,False,False,False,True,False,False,False,False,True,False,False,True
5,47.56301869,6,2,3,1,160.7042251,1,25.55883874,False,False,True,False,False,False,False,False,False,True,False,False,False,False
7,80.64436562,1,4,4,1,107.5507391,1,21.52612968,False,False,False,False,True,False,False,False,False,False,False,False,False,True
12,76.05642654,1,7,4,1,169.5873122,0,26.09720731,True,False,False,False,False,False,False,False,True,False,False,False,False,True
7,54.68148006,0,6,2,0,163.5227324,0,18.99147393,False,False,False,False,True,False,False,False,False,False,True,False,True,False
12,54.03888167,2,4,4,1,134.1579746,0,28.41553663,True,False,False,False,False,False,False,False,False,True,False,False,False,False
11,64.05758409,2,5,5,1,137.0922094,0,29.27825401,True,False,False,False,False,False,False,False,False,False,False,True,False,False
6,84.01979051,2,2,2,1,187.4269582,1,32.23389092,False,False,False,False,True,False,False,False,False,False,False,False,False,True
7,37.50561727,8,0,3,1,151.9197522,1,29.45860199,False,False,False,False,True,False,False,False,True,True,False,False,False,False
8,44.19875215,7,2,4,1,110.4800499,0,18.20974825,False,False,False,False,False,True,False,False,False,True,False,False,False,False
8,62.57441188,0,4,2,0,154.6272268,0,37.2118487,False,False,False,False,False,False,True,False,False,False,True,False,False,True
5,54.63092491,0,12,5,1,129.3402762,1,32.06347462,False,False,False,True,False,False,False,False,False,False,False,True,False,False
5,54.16416984,4,10,7,1,145.3139959,0,40.3495905,False,False,True,False,False,False,False,False,False,False,True,True,False,False
7,50.4309824,1,2,2,0,123.8605957,0,14.81096814,False,False,False,False,False,True,False,False,False,False,True,False,True,False
12,40.94076669,3,9,6,1,137.6930371,0,45.40112504,False,True,False,False,False,False,False,False,True,False,False,True,False,False
9,56.05003156,0,7,1,0,207.2820256,0,19.31602246,False,False,False,False,False,False,True,False,False,False,True,False,True,False
7,58.17443568,0,13,4,1,141.8756003,1,40.45078,False,False,False,False,False,True,False,False,True,False,False,True,False,False
6,60.33828083,1,5,1,0,163.2537472,0,17.49002316,False,False,False,True,False,False,False,False,False,False,True,False,True,False
8,37.6978541,3,2,5,2,159.2049513,1,24.22182256,False,False,False,False,False,False,True,False,True,True,False,False,False,False
8,56.9464896,1,9,4,1,111.7380247,0,56.40811033,False,False,False,False,False,True,False,False,True,False,True,True,False,False
10,48.85875028,4,2,3,1,252.3036055,1,21.94832238,False,False,False,False,False,False,False,True,False,True,False,False,False,False
4,27.29508397,6,2,5,1,137.7864399,1,26.80313324,False,False,True,False,False,False,False,False,True,True,False,False,False,False
12,82.91629107,0,4,4,0,139.7423286,1,36.02114503,True,False,False,False,False,False,False,False,True,False,True,False,False,True
4,43.83836394,2,5,3,2,156.2744236,1,21.26455961,False,False,True,False,False,False,False,False,True,True,False,False,False,False
7,37.32531576,0,4,7,0,133.8314742,0,32.36344998,False,False,False,False,False,True,False,False,True,False,True,True,False,False
5,78.17231865,3,7,4,0,192.4695204,0,45.77612703,False,False,True,False,False,False,False,False,True,False,False,True,False,False
10,60.62179377,0,5,1,0,153.3166369,0,14.09920687,False,False,False,False,False,False,False,True,True,False,True,False,True,False
5,57.27722785,1,3,1,0,177.0010697,0,18.62636384,False,False,True,False,False,False,False,False,False,False,True,False,True,False
7,43.75689642,0,7,2,0,126.8569038,0,21.40564798,False,False,False,False,False,True,False,False,False,False,True,False,True,False
6,80.1226426,1,2,3,0,169.87589,0,29.06077889,False,False,False,True,False,False,False,False,True,False,True,False,False,True
7,22.75907111,5,2,4,2,168.5467997,0,22.27764411,False,False,False,False,False,True,False,False,True,True,False,False,False,False
12,40.16304494,7,3,5,1,156.2285553,1,25.5808206,True,False,False,False,False,False,False,False,False,True,False,False,False,False
8,36.74953457,4,1,3,2,158.2298394,1,22.59807313,False,False,False,False,False,True,False,False,False,True,False,False,False,False
12,83.04973518,1,1,4,0,123.516544,0,16.63340521,False,True,False,False,False,False,False,False,True,False,True,False,False,True
11,61.48193983,2,7,1,0,131.6681866,0,14.93371407,True,False,False,False,False,False,False,False,True,False,True,False,True,False
12,59.62480641,0,6,3,1,163.6033361,0,32.8187868,False,True,False,False,False,False,False,False,False,False,True,False,False,True
12,73.46248929,2,5,1,0,180.9899895,0,20.23845242,False,True,False,False,False,False,False,False,True,False,True,False,True,False
10,32.88202804,2,7,6,0,171.9718281,1,48.56026053,False,False,False,False,False,False,False,False,False,False,False,True,False,False
11,86.88077795,1,1,2,0,166.9255928,1,33.79670415,False,False,False,False,False,False,False,False,True,False,False,False,False,True
11,66.61613981,1,1,2,0,227.8536126,0,13.41662925,False,False,False,False,False,False,False,False,False,False,True,False,True,False
8,64.81683933,0,4,1,0,213.9944861,0,20.19746804,False,False,False,False,False,False,True,False,False,False,True,False,True,False
6,52.37366485,0,1,1,0,141.087112,0,16.61140968,False,False,False,True,False,False,False,False,False,False,True,False,True,False
8,64.4106493,0,11,5,0,113.7664954,1,55.71704918,False,False,False,False,False,False,True,False,False,False,False,True,False,False
7,47.36469386,2,3,2,0,195.4355653,0,22.26817221,False,False,False,False,True,False,False,False,True,False,True,False,True,False
8,78.19611802,0,8,2,0,186.0943287,0,19.72195868,False,False,False,False,False,True,False,False,False,False,True,False,True,False
5,34.03802698,4,1,5,1,158.1835443,1,20.57015469,False,False,False,True,False,False,False,False,False,True,False,False,False,False
12,88.52145635,1,3,3,0,148.4570437,1,34.01946167,False,True,False,False,False,False,False,False,False,False,True,False,False,True
11,81.86670252,1,2,4,1,176.4910497,1,29.81926009,False,False,False,False,False,False,False,False,False,False,False,False,False,True
12,43.16150197,4,5,1,0,148.8963425,0,21.3149119,False,True,False,False,False,False,False,False,True,False,True,False,True,False
7,50.00121059,3,7,1,0,133.9756149,0,19.34025178,False,False,False,False,False,True,False,False,False,False,True,False,True,False
11,42.47838779,2,3,2,0,170.6207038,0,23.85533309,True,False,False,False,False,False,False,False,True,False,True,False,True,False
6,26.52435505,1,12,4,1,117.6680426,1,33.10914307,False,False,False,True,False,False,False,False,True,False,True,True,False,False
6,49.4636907,2,1,2,0,153.1999527,0,17.31750606,False,False,False,False,True,False,False,False,False,False,True,False,True,False
11,50.91368403,5,1,4,1,135.4792254,1,24.03401541,False,False,False,False,False,False,False,False,False,True,False,False,False,False
8,36.45391042,1,14,5,0,132.6733416,1,54.09687753,False,False,False,False,False,True,False,False,False,False,True,True,False,False
12,43.05980735,3,7,5,0,148.3812246,0,33.00802917,False,True,False,False,False,False,False,False,True,False,True,True,False,False
6,56.15214293,1,8,2,0,214.522245,0,15.88375869,False,False,False,False,True,False,False,False,False,False,True,False,True,False
7,17.45901041,9,3,4,1,133.1107706,1,28.33954391,False,False,False,False,True,False,False,False,False,True,False,False,False,False
12,57.73955985,2,13,7,0,184.410746,1,36.0545687,False,True,False,False,False,False,False,False,True,False,True,True,False,False
12,67.52679214,0,5,2,0,152.0365846,0,17.14271229,False,True,False,False,False,False,False,False,False,False,True,False,True,False
9,62.48600351,0,7,2,0,177.3601726,0,13.25974717,False,False,False,False,False,False,False,True,True,False,True,False,True,False
9,79.09600871,0,4,4,0,129.6795408,1,23.53196797,False,False,False,False,False,False,True,False,True,False,True,False,False,True
8,65.65867158,0,3,1,0,154.4474249,0,25.40887837,False,False,False,False,False,True,False,False,False,False,True,False,True,False
7,28.01785574,6,3,3,1,155.9151005,0,25.19396722,False,False,False,False,True,False,False,False,False,True,False,False,False,False
6,57.78315292,3,6,5,0,127.6741979,1,43.63850593,False,False,False,True,False,False,False,False,False,False,True,True,False,False
8,37.20133657,2,9,7,0,108.182389,1,39.61167176,False,False,False,False,False,True,False,False,False,False,True,True,False,False
9,46.85642274,3,15,5,1,141.4987025,1,38.58173643,False,False,False,False,False,False,False,True,True,False,True,True,False,False
7,80.07347091,2,3,4,1,122.8212891,0,32.34003235,False,False,False,False,False,True,False,False,True,False,False,False,False,True
11,67.09492321,1,6,2,0,138.9906716,1,35.00923354,True,False,False,False,False,False,False,False,False,False,False,False,False,True
4,71.2622701,1,0,2,0,184.2792898,0,15.27117318,False,False,True,False,False,False,False,False,True,False,True,False,True,False
12,71.94448667,2,4,2,0,142.7423025,0,22.21657247,True,False,False,False,False,False,False,False,True,False,True,False,True,False
8,67.04281099,1,4,1,0,160.434564,0,21.21656782,False,False,False,False,False,True,False,False,False,False,True,False,True,False
8,51.78094468,3,2,3,2,204.1492811,1,28.96702608,False,False,False,False,False,False,True,False,False,True,False,False,False,False
8,74.01132236,0,7,2,0,229.9615966,0,20.91172218,False,False,False,False,False,True,False,False,True,False,True,False,True,False
6,74.82295487,0,3,3,0,144.2300054,1,35.8742631,False,False,False,True,False,False,False,False,False,False,True,False,False,True
7,34.76375494,5,2,4,2,135.4659036,1,23.63303679,False,False,False,False,True,False,False,False,True,True,False,False,False,False
12,34.57225692,4,2,3,1,168.7359521,1,23.77154913,False,True,False,False,False,False,False,False,True,True,False,False,False,False
8,47.59590181,1,13,4,0,157.2961045,1,40.75598446,False,False,False,False,False,False,True,False,False,False,True,True,False,False
5,63.35484223,3,11,7,1,142.7836597,1,49.99797259,False,False,True,False,False,False,False,False,True,False,False,True,False,False
8,36.07601635,4,1,5,1,172.2252326,0,29.48238893,False,False,False,False,False,False,True,False,True,True,False,False,False,False
12,33.92003294,7,1,4,1,110.9249851,0,20.37999453,False,True,False,False,False,False,False,False,True,True,False,False,False,False
12,54.99719335,0,1,2,0,216.6802939,0,20.43298825,False,True,False,False,False,False,False,False,True,False,True,False,True,False
7,79.62171929,2,4,4,1,160.3198681,1,21.56016033,False,False,False,False,False,True,False,False,True,False,False,False,False,True
11,63.68837721,2,2,4,1,159.6487382,0,26.06400065,True,False,False,False,False,False,False,False,False,False,False,False,False,True
5,29.62897596,4,2,5,1,200.1157852,1,27.17504517,False,False,True,False,False,False,False,False,True,True,False,False,False,False
10,68.77004179,0,4,3,1,129.6989827,1,27.39160165,False,False,False,False,False,False,False,False,False,False,False,False,False,True
5,69.50678385,0,4,1,0,90.68806011,0,18.78009947,False,False,True,False,False,False,False,False,False,False,True,False,True,False
8,47.7463219,3,6,4,1,149.4395541,0,38.6241361,False,False,False,False,False,False,True,False,True,False,False,True,False,False
5,52.0207803,0,2,2,0,176.6275499,0,18.13053396,False,False,True,False,False,False,False,False,True,False,True,False,True,False
9,74.86302738,2,15,6,0,122.5701467,0,38.38628694,False,False,False,False,False,False,True,False,True,False,True,True,False,False
7,24.99393442,4,1,3,2,147.9677975,0,30.62066646,False,False,False,False,True,False,False,False,True,True,False,False,False,False
7,54.31757558,5,4,5,1,146.4017457,0,20.36997269,False,False,False,False,True,False,False,False,False,True,False,False,False,False
10,89.89441666,1,13,7,1,141.5092647,0,39.49649416,False,False,False,False,False,False,False,False,False,False,True,True,False,False
12,96.33847399,1,0,2,1,153.589695,1,34.63256003,True,False,False,False,False,False,False,False,True,False,False,False,False,True
6,44.72221475,5,1,3,1,152.9277073,0,36.17484918,False,False,False,True,False,False,False,False,False,True,False,False,False,False
6,87.3226488,4,4,4,0,168.9159556,0,34.94114792,False,False,False,False,True,False,False,False,True,False,False,False,False,True
8,52.18073265,2,10,4,0,140.2135326,1,34.84834241,False,False,False,False,False,False,True,False,False,False,False,True,False,False
6,66.2812078,2,6,1,0,205.5569205,0,16.07631394,False,False,False,True,False,False,False,False,False,False,True,False,True,False
5,55.19654834,4,1,4,1,160.098572,1,23.99101025,False,False,True,False,False,False,False,False,True,True,False,False,False,False
11,38.04451452,6,17,4,1,132.2010442,1,46.51823178,True,False,False,False,False,False,False,False,False,False,True,True,False,False
10,58.16476043,2,13,7,1,157.2043777,1,34.65589469,False,False,False,False,False,False,False,False,False,False,True,True,False,False
12,88.40444177,1,2,2,1,144.7491158,0,29.07020399,False,True,False,False,False,False,False,False,True,False,True,False,False,True
7,36.34936218,3,8,5,0,134.0208365,0,42.86808843,False,False,False,False,False,True,False,False,True,False,True,True,False,False
7,31.08998415,7,1,4,2,116.6395555,0,27.11385198,False,False,False,False,False,True,False,False,False,True,False,False,False,False
12,63.12208142,2,10,7,1,146.9966656,0,39.66708922,True,False,False,False,False,False,False,False,True,False,True,True,False,False
10,49.61503021,3,0,4,1,177.6542493,0,15.96991549,False,False,False,False,False,False,False,True,False,True,False,False,False,False
6,87.72671623,0,4,4,0,118.1200094,1,37.99884113,False,False,False,True,False,False,False,False,False,False,True,False,False,True
5,73.03477757,1,5,1,0,139.4539702,0,19.16891681,False,False,False,True,False,False,False,False,True,False,True,False,True,False
9,55.99029018,3,13,4,0,132.3034602,1,42.68903499,False,False,False,False,False,False,True,False,True,False,True,True,False,False
7,58.31494769,2,4,1,0,190.6142934,0,21.10184422,False,False,False,False,True,False,False,False,True,False,True,False,True,False
4,82.8890079,0,4,4,0,143.6118047,1,22.81600309,False,False,True,False,False,False,False,False,False,False,False,False,False,True
6,36.02671026,1,2,4,2,168.9701309,1,29.71187731,False,False,False,False,True,False,False,False,True,True,False,False,False,False
8,25.08494984,2,4,4,2,136.5229942,1,21.79986238,False,False,False,False,False,True,False,False,True,True,False,False,False,False
8,56.32167379,1,5,1,0,152.7677016,0,19.91040068,False,False,False,False,False,True,False,False,False,False,True,False,True,False
9,43.83334863,0,4,2,0,158.7198443,0,27.31776501,False,False,False,False,False,False,False,True,False,False,True,False,True,False
10,85.66405847,0,3,2,1,113.9621761,1,29.17794075,False,False,False,False,False,False,False,False,False,False,False,False,False,True
9,38.38852705,1,11,5,0,160.4189942,1,53.90439101,False,False,False,False,False,False,True,False,False,False,False,True,False,False
6,68.80479601,0,6,2,0,161.3111854,0,20.84318089,False,False,False,False,True,False,False,False,False,False,True,False,True,False
9,97.77287069,2,0,4,1,139.9505222,0,29.49144848,False,False,False,False,False,False,True,False,False,False,False,False,False,True
12,90.80394002,1,1,4,1,184.9723125,0,28.42177042,False,True,False,False,False,False,False,False,True,False,False,False,False,True
10,100.6448597,1,4,2,1,139.5404529,0,29.32606483,False,False,False,False,False,False,False,True,True,False,False,False,False,True
8,62.45288979,2,7,5,0,130.1883512,1,39.7894715,False,False,False,False,False,False,True,False,False,False,True,True,False,False
11,32.468158,8,1,4,1,151.3618635,1,23.10512426,True,False,False,False,False,False,False,False,True,True,False,False,False,False
10,54.65793735,3,13,4,1,107.8148309,1,40.13222195,False,False,False,False,False,False,False,True,False,False,False,True,False,False
4,68.39723306,1,5,2,0,212.9811836,0,20.77161172,False,False,True,False,False,False,False,False,True,False,True,False,True,False
12,50.08895923,4,1,4,1,193.8976174,0,27.11181735,False,True,False,False,False,False,False,False,False,True,False,False,False,False
9,38.59450316,2,2,5,1,168.2124764,1,20.58114786,False,False,False,False,False,False,True,False,False,True,False,False,False,False
12,103.5884591,0,3,2,0,144.4409542,1,25.9896992,True,False,False,False,False,False,False,False,True,False,True,False,False,True
8,70.2658156,1,2,3,0,159.2634248,1,27.99553963,False,False,False,False,False,False,True,False,False,False,False,False,False,True
10,48.65275655,2,9,4,1,97.54184316,0,43.61920205,False,False,False,False,False,False,False,False,True,False,True,True,False,False
12,88.8935284,1,2,2,0,145.8182234,0,22.37807971,True,False,False,False,False,False,False,False,False,False,False,False,False,True
12,74.55005141,0,7,3,0,120.3178004,0,28.55347896,False,True,False,False,False,False,False,False,False,False,False,False,False,True
10,38.77183223,13,0,4,1,142.914082,0,20.91640948,False,False,False,False,False,False,False,True,True,True,False,False,False,False
9,77.16020114,1,2,3,0,141.9775799,0,26.62130862,False,False,False,False,False,False,True,False,False,False,False,False,False,True
7,96.43976298,2,3,3,0,159.1576136,1,27.62951352,False,False,False,False,True,False,False,False,True,False,False,False,False,True
9,37.08264271,7,2,4,2,178.668443,0,28.1489537,False,False,False,False,False,False,True,False,False,True,False,False,False,False
9,52.34241208,2,2,1,0,197.3157892,0,15.7188773,False,False,False,False,False,False,False,True,True,False,True,False,True,False
6,77.40058407,0,3,3,0,113.8182852,0,31.99165494,False,False,False,True,False,False,False,False,False,False,False,False,False,True
11,55.15899896,1,5,1,0,159.0467693,0,19.05154675,False,False,False,False,False,False,False,False,True,False,True,False,True,False
12,21.28446762,1,1,4,2,198.5173095,0,27.24603974,True,False,False,False,False,False,False,False,False,True,False,False,False,False
6,67.03216754,1,5,3,0,182.71259,1,22.55397271,False,False,False,False,True,False,False,False,True,False,False,False,False,True
12,40.72834957,3,3,3,2,183.2019549,1,21.02059168,False,True,False,False,False,False,False,False,True,True,False,False,False,False
12,51.76291565,3,4,1,0,227.1730137,0,19.86609888,True,False,False,False,False,False,False,False,True,False,True,False,True,False
8,88.87513555,0,4,4,1,139.0513185,1,30.03467811,False,False,False,False,False,False,True,False,False,False,False,False,False,True
8,62.45325199,0,2,2,0,205.541583,0,21.80034927,False,False,False,False,False,True,False,False,True,False,True,False,True,False
9,96.69742463,0,2,3,1,149.0811491,1,38.52053886,False,False,False,False,False,False,False,True,False,False,False,False,False,True
11,36.33029375,5,1,3,2,183.4349158,0,26.37648785,False,False,False,False,False,False,False,False,False,True,False,False,False,False
10,35.17119862,6,2,4,1,171.3951474,1,25.45567956,False,False,False,False,False,False,False,True,False,True,False,False,False,False
9,65.32643033,2,10,7,1,103.733321,0,39.30195001,False,False,False,False,False,False,True,False,True,False,True,True,False,False
11,71.86037556,1,3,2,0,134.1898064,0,19.42487057,True,False,False,False,False,False,False,False,False,False,True,False,True,False
10,32.93305559,4,2,5,2,217.3769818,1,27.08842643,False,False,False,False,False,False,False,False,True,True,False,False,False,False
5,73.81200357,1,3,4,1,122.6023199,0,28.18034765,False,False,True,False,False,False,False,False,False,False,False,False,False,True
8,37.92986521,4,2,3,1,177.7864117,0,21.55169237,False,False,False,False,False,False,True,False,True,True,False,False,False,False
12,41.96995135,5,0,4,2,181.1045564,0,21.70342172,True,False,False,False,False,False,False,False,True,True,False,False,False,False
6,59.43591424,2,2,5,1,173.2114817,0,32.29485504,False,False,False,True,False,False,False,False,False,True,False,False,False,False
11,66.73542871,1,5,2,0,200.9063917,0,18.99868547,True,False,False,False,False,False,False,False,False,False,True,False,True,False
6,82.9009016,0,2,2,1,117.0463419,1,30.30432555,False,False,False,False,True,False,False,False,True,False,True,False,False,True
9,30.3817457,2,17,7,1,133.0104226,1,35.02433081,False,False,False,False,False,False,True,False,False,False,True,True,False,False
6,43.42721511,2,6,4,2,193.7868511,1,24.21685768,False,False,False,True,False,False,False,False,False,True,False,False,False,False
5,31.89087993,1,2,4,1,180.0314324,1,29.1233616,False,False,False,True,False,False,False,False,True,True,False,False,False,False
7,84.03443416,1,3,2,0,160.5185088,0,30.50227288,False,False,False,False,True,False,False,False,True,False,False,False,False,True
4,41.5883883,2,2,5,1,125.4712599,1,25.69863019,False,False,True,False,False,False,False,False,True,True,False,False,False,False
10,89.42823647,2,1,3,1,146.8777002,0,33.05522545,False,False,False,False,False,False,False,True,False,False,False,False,False,True
11,25.8324336,6,5,3,1,173.5960875,1,27.79019014,False,False,False,False,False,False,False,False,True,True,False,False,False,False
7,51.67238533,2,1,2,0,184.9946127,0,17.92316354,False,False,False,False,True,False,False,False,False,False,True,False,True,False
12,60.22970058,6,3,4,2,148.9117782,0,21.43766953,False,True,False,False,False,False,False,False,True,True,False,False,False,False
12,32.44030175,1,14,5,0,103.9072732,1,42.76307363,True,False,False,False,False,False,False,False,True,False,False,True,False,False
5,37.17492218,5,2,5,1,157.4748935,1,22.8433041,False,False,True,False,False,False,False,False,False,True,False,False,False,False
10,82.25731279,0,6,4,0,122.263671,1,33.91254271,False,False,False,False,False,False,False,True,True,False,False,False,False,True
6,77.8388733,5,2,2,0,128.4182761,0,17.26382908,False,False,False,False,True,False,False,False,False,False,True,False,True,False
11,31.80481394,2,13,7,1,108.0251313,1,39.82386232,False,False,False,False,False,False,False,False,False,False,True,True,False,False
9,74.51198232,1,6,4,1,114.4713793,0,44.979651,False,False,False,False,False,False,False,True,True,False,False,True,False,False
12,65.4645038,2,4,1,0,230.0287971,0,20.69118234,False,True,False,False,False,False,False,False,False,False,True,False,True,False
12,111.1446632,1,3,4,0,134.3803495,0,24.85468406,True,False,False,False,False,False,False,False,True,False,True,False,False,True
12,50.05970761,6,1,5,1,127.862223,0,24.21656037,False,True,False,False,False,False,False,False,False,True,False,False,False,False
7,44.33878916,0,2,1,0,142.5560436,0,17.84754273,False,False,False,False,True,False,False,False,False,False,True,False,True,False
7,70.64424431,3,5,3,0,140.8238174,1,29.22904966,False,False,False,False,True,False,False,False,False,False,False,False,False,True
10,32.8234053,6,1,5,2,164.692308,1,26.40134987,False,False,False,False,False,False,False,True,True,True,False,False,False,False
8,50.67494736,3,2,5,2,141.4761575,1,21.40801334,False,False,False,False,False,True,False,False,False,True,False,False,False,False
10,36.22616832,1,3,2,0,220.7534283,0,21.59100836,False,False,False,False,False,False,False,True,True,False,True,False,True,False
12,86.10648823,0,1,2,1,126.9037436,1,37.23368795,False,True,False,False,False,False,False,False,False,False,True,False,False,True
12,34.65107477,1,2,4,2,173.4854864,0,25.26260282,True,False,False,False,False,False,False,False,True,True,False,False,False,False
10,79.5974504,2,4,4,0,150.3322585,0,32.03096844,False,False,False,False,False,False,False,True,False,False,True,False,False,True
10,43.47117222,5,0,5,2,113.4358717,1,23.69864547,False,False,False,False,False,False,False,True,True,True,False,False,False,False
7,52.74346415,5,8,6,1,161.2538065,0,42.56714866,False,False,False,False,True,False,False,False,True,False,False,True,False,False
8,92.50638584,0,7,4,1,140.9399909,0,32.49229812,False,False,False,False,False,True,False,False,True,False,True,False,False,True
11,68.02148519,1,5,2,0,156.1517284,0,16.60882997,True,False,False,False,False,False,False,False,True,False,True,False,True,False
11,74.13010713,1,2,3,0,170.8759238,0,28.42283965,False,False,False,False,False,False,False,False,False,False,False,False,False,True
7,57.20603753,1,7,7,0,105.0538093,0,43.48181331,False,False,False,False,True,False,False,False,True,False,False,True,False,False
9,39.24927147,5,3,3,1,217.8062223,0,27.66043119,False,False,False,False,False,False,False,True,True,True,False,False,False,False
7,23.76381368,3,15,4,1,119.8894081,1,42.04375087,False,False,False,False,False,True,False,False,True,False,False,True,False,False
10,56.81689873,3,12,4,0,140.4653621,1,47.97679816,False,False,False,False,False,False,False,True,True,False,False,True,False,False
12,47.03397691,3,1,5,2,178.4140869,0,30.42645572,True,False,False,False,False,False,False,False,True,True,False,False,False,False
12,40.23488459,5,4,4,1,167.5825166,1,22.13604533,True,False,False,False,False,False,False,False,True,True,False,False,False,False
7,63.32671416,1,6,2,0,208.532558,0,18.94393645,False,False,False,False,True,False,False,False,False,False,True,False,True,False
12,80.22770319,0,1,2,0,156.6515009,0,26.45610049,False,True,False,False,False,False,False,False,False,False,False,False,False,True
11,94.96440975,1,4,4,1,126.0819408,1,30.28979135,False,False,False,False,False,False,False,False,False,False,True,False,False,True
12,61.24439584,5,14,4,1,143.964177,0,45.04169566,False,True,False,False,False,False,False,False,False,False,False,True,False,False
12,21.31345576,2,9,5,0,158.7604396,0,40.07943872,True,False,False,False,False,False,False,False,False,False,True,True,False,False
7,69.59390527,0,3,1,0,155.4317264,0,19.15546997,False,False,False,False,True,False,False,False,False,False,True,False,True,False
7,60.1971465,12,1,4,1,146.4341661,0,30.71826077,False,False,False,False,True,False,False,False,False,True,False,False,False,False
5,54.05553179,1,5,1,0,240.2349497,0,21.55615857,False,False,True,False,False,False,False,False,True,False,True,False,True,False
7,61.27368739,0,3,2,0,195.3354048,0,21.1597941,False,False,False,False,False,True,False,False,True,False,True,False,True,False
11,61.08321369,2,3,2,0,187.808618,0,16.19810569,False,False,False,False,False,False,False,False,True,False,True,False,True,False
12,29.84087536,5,1,3,1,184.2905056,0,23.75243621,False,True,False,False,False,False,False,False,False,True,False,False,False,False
12,55.21101329,3,16,6,0,130.8601222,1,47.28881766,True,False,False,False,False,False,False,False,True,False,True,True,False,False
12,42.43714289,4,2,4,1,109.8379658,1,22.75621318,True,False,False,False,False,False,False,False,False,True,False,False,False,False
10,57.68909919,1,6,2,0,200.6903231,0,19.59883923,False,False,False,False,False,False,False,False,False,False,True,False,True,False
7,72.32505849,1,3,2,0,202.2740311,0,20.47582042,False,False,False,False,False,True,False,False,True,False,True,False,True,False
11,59.20656253,0,4,1,0,216.9596895,0,17.52964792,False,False,False,False,False,False,False,False,True,False,True,False,True,False
6,94.83757294,0,1,3,0,137.0580694,0,24.57379033,False,False,False,True,False,False,False,False,False,False,True,False,False,True
4,80.32938593,0,7,1,0,195.0365248,0,23.89993803,False,False,True,False,False,False,False,False,True,False,True,False,True,False
12,90.31995011,1,2,3,1,130.3298697,1,27.72359655,True,False,False,False,False,False,False,False,False,False,False,False,False,True
8,39.22565619,1,8,6,0,160.8231403,1,33.12865798,False,False,False,False,False,False,True,False,True,False,False,True,False,False
12,46.23699179,1,11,4,1,149.8651023,0,32.29729065,False,True,False,False,False,False,False,False,False,False,True,True,False,False
11,68.92882493,1,5,2,0,201.0293739,0,22.63012888,False,False,False,False,False,False,False,False,True,False,True,False,True,False
11,35.33102482,6,0,3,2,168.4197515,1,21.21982654,True,False,False,False,False,False,False,False,False,True,False,False,False,False
5,51.56355486,2,4,3,1,118.077765,0,24.73031699,False,False,True,False,False,False,False,False,True,True,False,False,False,False
7,66.76805843,2,5,2,0,193.4045744,0,13.68500122,False,False,False,False,False,True,False,False,False,False,True,False,True,False
9,88.46430254,0,3,3,1,159.0033076,0,27.8217575,False,False,False,False,False,False,True,False,False,False,False,False,False,True
9,54.84212593,1,6,2,0,184.9512712,0,18.32929285,False,False,False,False,False,False,True,False,True,False,True,False,True,False
9,36.31348348,4,2,5,2,126.3121007,1,24.35752858,False,False,False,False,False,False,False,True,False,True,False,False,False,False
5,64.26880719,1,3,2,0,165.4296188,0,21.19469597,False,False,True,False,False,False,False,False,False,False,True,False,True,False
7,79.26821324,2,6,3,0,134.1691157,1,30.77057973,False,False,False,False,True,False,False,False,False,False,False,False,False,True
12,65.00917233,2,7,2,0,113.3608941,1,18.89943788,False,True,False,False,False,False,False,False,False,False,False,False,False,True
9,53.75061631,4,3,4,1,177.4672566,1,26.1007791,False,False,False,False,False,False,True,False,True,True,False,False,False,False
4,41.91640289,5,2,4,2,198.2012242,0,22.36022084,False,False,True,False,False,False,False,False,False,True,False,False,False,False
4,51.17892707,1,4,1,0,179.643558,0,15.12657154,False,False,True,False,False,False,False,False,False,False,True,False,True,False
7,47.6849012,2,8,5,0,132.4970844,0,43.69933822,False,False,False,False,False,True,False,False,True,False,True,True,False,False
7,99.88728518,0,1,4,1,155.8694278,1,24.45434066,False,False,False,False,False,True,False,False,True,False,False,False,False,True
5,91.02873479,2,2,3,1,149.3514862,1,24.82750305,False,False,False,True,False,False,False,False,True,False,False,False,False,True
8,24.93503043,8,2,5,1,138.5655549,1,22.28910451,False,False,False,False,False,True,False,False,True,True,False,False,False,False
5,94.72854344,2,3,4,0,140.7712212,1,21.33453074,False,False,False,True,False,False,False,False,True,False,True,False,False,True
4,18.81183415,9,3,4,2,139.1256468,0,19.53358579,False,False,True,False,False,False,False,False,True,True,False,False,False,False
8,63.01563852,1,3,1,0,159.6521094,0,17.32108179,False,False,False,False,False,False,True,False,True,False,True,False,True,False
11,68.28340766,3,12,7,0,99.2026048,0,36.46237238,True,False,False,False,False,False,False,False,True,False,True,True,False,False
10,38.78921246,6,1,4,2,120.7396267,1,26.4612123,False,False,False,False,False,False,False,False,True,True,False,False,False,False
5,28.56787915,4,3,4,2,143.7869809,0,25.88529745,False,False,False,True,False,False,False,False,False,True,False,False,False,False
7,40.14313821,7,3,3,1,154.3581794,1,26.09335058,False,False,False,False,True,False,False,False,False,True,False,False,False,False
11,94.98634764,1,1,3,0,139.6624908,0,24.31489157,False,False,False,False,False,False,False,False,True,False,False,False,False,True
7,57.226785,0,3,1,0,158.1286431,0,13.96515308,False,False,False,False,False,True,False,False,False,False,True,False,True,False
5,81.75109287,2,1,2,0,154.3142512,0,29.38408311,False,False,True,False,False,False,False,False,True,False,True,False,False,True
4,39.01293237,2,11,7,0,143.4954627,0,43.78363721,False,False,True,False,False,False,False,False,False,False,True,True,False,False
5,63.96224718,2,5,7,0,148.7768335,1,47.17389297,False,False,False,True,False,False,False,False,True,False,True,True,False,False
10,77.29787194,1,2,2,0,220.3804147,0,21.21375642,False,False,False,False,False,False,False,False,False,False,True,False,True,False
10,76.79849739,0,4,4,1,129.1384027,0,38.58800879,False,False,False,False,False,False,False,True,True,False,True,False,False,True
6,34.53349931,2,11,7,0,178.8188439,1,25.5038664,False,False,False,False,True,False,False,False,True,False,True,True,False,False
9,35.49905229,4,6,5,1,137.8473752,0,22.98069384,False,False,False,False,False,False,True,False,False,True,False,False,False,False
12,50.09894003,2,20,6,1,121.4064176,0,44.0051344,False,True,False,False,False,False,False,False,False,False,False,True,False,False
5,71.1623148,2,7,1,0,154.1584279,0,19.83843204,False,False,True,False,False,False,False,False,True,False,True,False,True,False
11,31.34018996,2,11,7,1,128.675911,1,32.60625779,True,False,False,False,False,False,False,False,True,False,False,True,False,False
6,52.44450609,4,0,5,1,148.8973725,0,25.99202215,False,False,False,False,True,False,False,False,False,True,False,False,False,False
9,22.88813292,5,3,3,1,148.8843703,0,26.60647485,False,False,False,False,False,False,True,False,False,True,False,False,False,False
7,23.50658192,7,3,4,1,179.149065,1,25.04961605,False,False,False,False,False,True,False,False,False,True,False,False,False,False
10,69.91613661,3,6,2,0,157.7146271,0,22.9177489,False,False,False,False,False,False,False,False,True,False,True,False,True,False
9,72.00949012,3,3,1,0,125.1974383,0,20.00669359,False,False,False,False,False,False,False,True,False,False,True,False,True,False
5,63.31270778,3,13,4,1,201.1746362,1,44.81345652,False,False,False,True,False,False,False,False,False,False,False,True,False,False
10,42.32433842,6,1,4,1,186.1686057,1,23.5003538,False,False,False,False,False,False,False,False,False,True,False,False,False,False
9,58.3286959,2,8,5,1,147.31687,0,35.12193893,False,False,False,False,False,False,False,True,True,False,True,True,False,False
9,75.92842104,0,8,2,0,202.3122169,0,21.46004801,False,False,False,False,False,False,True,False,True,False,True,False,True,False
5,46.32317964,6,1,4,1,168.0979687,1,33.46164496,False,False,True,False,False,False,False,False,False,True,False,False,False,False
12,91.45997036,0,2,4,0,153.4139973,0,34.19778015,False,True,False,False,False,False,False,False,True,False,False,False,False,True
12,40.8109562,2,0,4,1,127.9525957,1,18.35196068,True,False,False,False,False,False,False,False,True,True,False,False,False,False
11,69.20769913,0,1,4,0,119.3119586,1,24.31901419,True,False,False,False,False,False,False,False,True,False,False,False,False,True
12,41.96223122,2,8,7,0,139.8618989,0,34.30686617,True,False,False,False,False,False,False,False,False,False,True,True,False,False
12,52.40011643,0,4,1,0,196.3920186,0,16.75847542,False,True,False,False,False,False,False,False,False,False,True,False,True,False
12,37.84904345,6,2,5,2,191.7987479,0,22.88973438,False,True,False,False,False,False,False,False,False,True,False,False,False,False
8,19.73784864,9,2,3,2,161.004217,1,28.46642505,False,False,False,False,False,True,False,False,True,True,False,False,False,False
9,33.15169609,1,6,6,0,110.6500816,0,44.49278775,False,False,False,False,False,False,True,False,False,False,False,True,False,False
9,34.15762298,5,12,4,0,149.0941616,0,38.8457047,False,False,False,False,False,False,False,True,False,False,False,True,False,False
12,70.50710786,1,6,2,0,143.9785506,0,19.71117062,True,False,False,False,False,False,False,False,True,False,True,False,True,False
5,58.10637731,2,11,6,0,107.1494176,1,29.02667574,False,False,True,False,False,False,False,False,True,False,False,True,False,False
7,79.29230749,2,4,2,1,183.3875512,0,38.8762247,False,False,False,False,True,False,False,False,True,False,True,False,False,True
11,27.9178821,4,0,3,1,146.7106878,0,25.0880978,False,False,False,False,False,False,False,False,False,True,False,False,False,False
7,74.62198914,1,3,1,0,235.1672906,0,21.71917726,False,False,False,False,False,True,False,False,False,False,True,False,True,False
11,61.49981395,3,12,6,0,129.9499634,0,45.77706038,False,False,False,False,False,False,False,False,False,False,False,True,False,False
5,49.14223046,5,3,3,2,116.242429,0,25.48714921,False,False,True,False,False,False,False,False,False,True,False,False,False,False
12,57.44674395,0,3,2,0,183.2200037,0,17.09645753,False,True,False,False,False,False,False,False,True,False,True,False,True,False
5,49.64312316,1,6,1,0,130.1434867,0,18.45042716,False,False,False,True,False,False,False,False,False,False,True,False,True,False
8,100.7887051,3,4,2,1,164.0962003,0,30.0315022,False,False,False,False,False,False,True,False,True,False,False,False,False,True
12,39.53552142,4,12,6,1,128.6776919,0,36.06883884,False,True,False,False,False,False,False,False,False,False,False,True,False,False
8,67.31656427,2,3,1,0,177.4054411,0,24.90303607,False,False,False,False,False,False,True,False,False,False,True,False,True,False
11,81.50187053,0,13,6,0,153.1712679,1,43.7290495,False,False,False,False,False,False,False,False,False,False,True,True,False,False
7,26.23418152,1,11,5,0,134.4345242,1,34.12735858,False,False,False,False,True,False,False,False,True,False,False,True,False,False
7,96.6291241,4,15,6,1,105.3387661,0,52.43795768,False,False,False,False,True,False,False,False,True,False,True,True,False,False
5,50.62530705,2,2,2,0,242.2194,0,22.99830018,False,False,True,False,False,False,False,False,True,False,True,False,True,False
5,51.53401457,0,4,1,0,155.8504837,0,22.77006285,False,False,False,True,False,False,False,False,True,False,True,False,True,False
11,88.30847812,0,3,4,1,144.8401515,0,33.26163701,False,False,False,False,False,False,False,False,True,False,False,False,False,True
7,35.66392011,8,1,5,1,149.6112029,0,18.57600495,False,False,False,False,True,False,False,False,False,True,False,False,False,False
5,74.28015382,0,12,6,1,96.21634208,1,32.3278489,False,False,True,False,False,False,False,False,False,False,True,True,False,False
6,46.96151938,4,5,5,1,188.1878505,1,17.20178239,False,False,False,True,False,False,False,False,True,True,False,False,False,False
5,64.48217833,2,4,4,1,148.1873867,0,25.30641793,False,False,False,True,False,False,False,False,True,False,True,False,False,True
6,56.82701273,1,10,6,0,114.2820506,0,34.84345947,False,False,False,False,True,False,False,False,True,False,True,True,False,False
7,61.21557573,2,6,1,0,236.8587013,0,22.13692557,False,False,False,False,False,True,False,False,True,False,True,False,True,False
10,88.40672021,0,4,3,1,164.7290658,1,28.07385122,False,False,False,False,False,False,False,False,True,False,False,False,False,True
9,52.25785366,1,8,5,1,160.8900095,0,43.4266715,False,False,False,False,False,False,True,False,True,False,False,True,False,False
10,66.34313207,2,9,7,0,153.3983524,1,37.19616232,False,False,False,False,False,False,False,True,False,False,False,True,False,False
4,49.84329217,2,14,7,1,165.2792854,1,44.63111668,False,False,True,False,False,False,False,False,True,False,False,True,False,False
5,53.35362968,1,2,2,0,112.5391832,0,23.35329546,False,False,True,False,False,False,False,False,True,False,True,False,True,False
5,66.57512021,1,14,4,0,131.5383846,0,41.57655464,False,False,True,False,False,False,False,False,True,False,False,True,False,False
5,66.26454609,0,2,1,0,193.1098775,0,23.05634923,False,False,True,False,False,False,False,False,True,False,True,False,True,False
10,54.58740426,2,4,2,0,188.3741775,0,21.90422572,False,False,False,False,False,False,False,False,True,False,True,False,True,False
4,53.81585675,6,4,3,1,172.2775227,0,27.95785094,False,False,True,False,False,False,False,False,False,True,False,False,False,False
4,52.93361961,2,14,6,0,157.4405018,1,41.08329746,False,False,True,False,False,False,False,False,False,False,True,True,False,False
5,50.15833306,2,1,1,0,194.8438037,0,20.87858725,False,False,False,True,False,False,False,False,True,False,True,False,True,False
5,92.5313536,1,3,4,1,166.9045573,0,33.61454525,False,False,False,True,False,False,False,False,False,False,False,False,False,True
8,60.09396913,0,2,1,0,171.9694469,0,19.46399189,False,False,False,False,False,True,False,False,False,False,True,False,True,False
4,55.31864088,3,14,5,1,169.820013,0,32.79610594,False,False,True,False,False,False,False,False,True,False,True,True,False,False
9,84.67406018,1,1,4,1,140.8518461,0,35.30386288,False,False,False,False,False,False,False,True,True,False,False,False,False,True
7,95.77401616,0,2,3,0,133.9723895,0,35.14434157,False,False,False,False,True,False,False,False,True,False,False,False,False,True
4,86.23847786,1,4,3,1,176.9554179,1,31.74594079,False,False,True,False,False,False,False,False,True,False,True,False,False,True
12,43.06461208,2,10,6,0,90.55053661,1,37.81756715,False,True,False,False,False,False,False,False,False,False,True,True,False,False
11,79.45628306,1,3,3,1,150.7646865,1,26.04047717,False,False,False,False,False,False,False,False,True,False,False,False,False,True
12,87.40813186,3,3,2,1,148.9373053,1,28.82396909,False,True,False,False,False,False,False,False,True,False,True,False,False,True
6,85.31496435,0,4,3,1,126.6481022,1,35.13104737,False,False,False,True,False,False,False,False,False,False,True,False,False,True
8,16.04346593,3,2,5,1,132.2744503,1,20.98255785,False,False,False,False,False,True,False,False,True,True,False,False,False,False
9,74.82706105,0,2,1,0,207.0712309,0,23.68242822,False,False,False,False,False,False,True,False,False,False,True,False,True,False
4,77.6109898,0,6,2,1,159.1240068,1,34.0438989,False,False,True,False,False,False,False,False,True,False,False,False,False,True
7,66.3532118,6,1,4,2,134.8610773,0,30.59010138,False,False,False,False,False,True,False,False,True,True,False,False,False,False
11,79.37999526,2,4,2,0,193.5607275,0,23.29925677,True,False,False,False,False,False,False,False,False,False,True,False,True,False
12,79.88944837,0,3,2,1,159.2859964,0,37.51102976,False,True,False,False,False,False,False,False,False,False,True,False,False,True
8,52.29214954,0,2,2,0,190.0609653,0,21.98356501,False,False,False,False,False,True,False,False,True,False,True,False,True,False
6,59.21922763,2,7,5,0,83.50100548,0,37.72488037,False,False,False,False,True,False,False,False,False,False,True,True,False,False
5,66.19733762,1,5,2,0,218.948147,0,15.80206258,False,False,False,True,False,False,False,False,False,False,True,False,True,False
8,66.12795181,0,1,1,0,149.8371538,0,17.2241637,False,False,False,False,False,False,True,False,False,False,True,False,True,False
8,88.06161879,1,5,4,0,118.2695986,1,26.42809274,False,False,False,False,False,False,True,False,True,False,False,False,False,True
12,35.05534015,1,8,1,0,190.7133528,0,16.98779839,False,True,False,False,False,False,False,False,False,False,True,False,True,False
5,41.7163793,1,2,1,0,111.6351685,0,25.98660632,False,False,False,True,False,False,False,False,False,False,True,False,True,False
9,73.19790984,1,3,4,1,160.2516044,1,32.288349,False,False,False,False,False,False,False,True,True,False,False,False,False,True
5,69.59649968,2,3,2,1,146.0869184,0,28.29092132,False,False,False,True,False,False,False,False,True,False,False,False,False,True
9,37.41657125,1,14,6,1,161.9131152,1,45.43210388,False,False,False,False,False,False,True,False,False,False,True,True,False,False
12,35.49712587,3,3,4,2,197.107289,0,24.51417054,True,False,False,False,False,False,False,False,False,True,False,False,False,False
11,48.57973908,4,9,7,1,144.8397122,0,41.0218753,False,False,False,False,False,False,False,False,False,False,True,True,False,False
4,33.30018061,4,3,3,1,151.3619503,0,25.06880237,False,False,True,False,False,False,False,False,False,True,False,False,False,False
7,101.0470982,2,4,3,1,137.7371583,1,40.1306726,False,False,False,False,False,True,False,False,False,False,False,False,False,True
11,42.3046472,2,9,7,1,159.6527915,0,39.58685549,False,False,False,False,False,False,False,False,False,False,True,True,False,False
9,79.44930378,0,4,2,0,193.0497316,1,35.90904973,False,False,False,False,False,False,False,True,False,False,True,False,False,True
5,97.3697308,2,2,4,0,144.4817774,1,28.43963148,False,False,True,False,False,False,False,False,False,False,False,False,False,True
11,50.64820451,2,10,7,1,102.7797339,0,43.48154238,True,False,False,False,False,False,False,False,False,False,False,True,False,False
5,63.91008385,1,3,2,0,156.0432006,0,22.60420414,False,False,True,False,False,False,False,False,False,False,True,False,True,False
8,82.3124887,0,7,2,0,159.3900572,1,33.03411219,False,False,False,False,False,True,False,False,True,False,False,False,False,True
9,61.08450436,0,2,2,0,188.2057188,0,17.29112378,False,False,False,False,False,False,False,True,True,False,True,False,True,False
9,65.26325963,2,8,2,0,200.766713,0,22.58367958,False,False,False,False,False,False,False,True,True,False,True,False,True,False
11,49.72478078,0,5,2,0,140.7451234,0,18.76886264,True,False,False,False,False,False,False,False,False,False,True,False,True,False
6,46.04656517,2,12,7,1,147.0857698,1,40.26582065,False,False,False,False,True,False,False,False,True,False,True,True,False,False
10,58.55887484,3,6,1,0,140.1471235,0,16.94486674,False,False,False,False,False,False,False,True,True,False,True,False,True,False
5,73.92954388,2,8,4,1,109.478876,0,51.29300629,False,False,False,True,False,False,False,False,False,False,True,True,False,False
7,73.50234596,0,3,2,0,138.3972493,0,40.12477361,False,False,False,False,False,True,False,False,False,False,False,False,False,True
9,26.42159961,2,3,3,1,119.0944262,1,26.98320104,False,False,False,False,False,False,False,True,False,True,False,False,False,False
8,69.07409652,0,4,2,0,147.7982847,0,20.78917934,False,False,False,False,False,True,False,False,False,False,True,False,True,False
